{"ts": 1788491099.593102, "client": "loop-qwen30b", "model": "qwen/qwen3-30b-a3b-instruct-2507", "tag": "r1:1992-109:true", "in_tokens": 7630, "out_tokens": 1400, "est_cost": 0.000638, "latency_ms": 10440}
{"ts": 1788491101.834272, "client": "loop-qwen30b", "model": "qwen/qwen3-30b-a3b-instruct-2507", "tag": "r1:1997-033:true", "in_tokens": 4936, "out_tokens": 1400, "est_cost": 0.000508, "latency_ms": 12601}
{"ts": 1788491124.612353, "client": "loop-qwen30b", "model": "qwen/qwen3-30b-a3b-instruct-2507", "tag": "r1:1992-086:true", "in_tokens": 7199, "out_tokens": 1391, "est_cost": 0.000615, "latency_ms": 35307}
{"ts": 1788491147.36898, "client": "loop-qwen30b", "model": "qwen/qwen3-30b-a3b-instruct-2507", "tag": "r2:1992-086:true", "in_tokens": 9332, "out_tokens": 1391, "est_cost": 0.000718, "latency_ms": 22679}
{"ts": 1788491160.2230709, "client": "loop-qwen30b", "model": "qwen/qwen3-30b-a3b-instruct-2507", "tag": "r2:1997-033:true", "in_tokens": 6828, "out_tokens": 1400, "est_cost": 0.000599, "latency_ms": 58318}
{"ts": 1788491170.784043, "client": "loop-qwen30b", "model": "qwen/qwen3-30b-a3b-instruct-2507", "tag": "r3:1992-086:true", "in_tokens": 11465, "out_tokens": 1391, "est_cost": 0.000821, "latency_ms": 23348}
{"ts": 1788491180.941071, "client": "loop-qwen30b", "model": "qwen/qwen3-30b-a3b-instruct-2507", "tag": "r3:1997-033:true", "in_tokens": 8720, "out_tokens": 1400, "est_cost": 0.00069, "latency_ms": 20655}
{"ts": 1788491188.256723, "client": "loop-qwen30b", "model": "qwen/qwen3-30b-a3b-instruct-2507", "tag": "r1:1992-086:scrambled", "in_tokens": 7126, "out_tokens": 1284, "est_cost": 0.000591, "latency_ms": 17329}
{"ts": 1788491193.958445, "client": "loop-qwen30b", "model": "qwen/qwen3-30b-a3b-instruct-2507", "tag": "r2:1992-109:true", "in_tokens": 9476, "out_tokens": 1400, "est_cost": 0.000727, "latency_ms": 94304}
{"ts": 1788491201.101213, "client": "loop-qwen30b", "model": "qwen/qwen3-30b-a3b-instruct-2507", "tag": "r1:1997-033:scrambled", "in_tokens": 4897, "out_tokens": 1400, "est_cost": 0.000506, "latency_ms": 20051}
{"ts": 1788491206.729616, "client": "loop-qwen30b", "model": "qwen/qwen3-30b-a3b-instruct-2507", "tag": "r2:1992-086:scrambled", "in_tokens": 8944, "out_tokens": 1284, "est_cost": 0.000679, "latency_ms": 18424}
{"ts": 1788491207.774762, "client": "loop-qwen30b", "model": "qwen/qwen3-30b-a3b-instruct-2507", "tag": "r3:1992-109:true", "in_tokens": 11322, "out_tokens": 1400, "est_cost": 0.000815, "latency_ms": 13770}
{"ts": 1788491215.945672, "client": "loop-qwen30b", "model": "qwen/qwen3-30b-a3b-instruct-2507", "tag": "r3:1992-086:scrambled", "in_tokens": 10762, "out_tokens": 1283, "est_cost": 0.000766, "latency_ms": 9151}
{"ts": 1788491218.69268, "client": "loop-qwen30b", "model": "qwen/qwen3-30b-a3b-instruct-2507", "tag": "r1:1992-109:scrambled", "in_tokens": 7560, "out_tokens": 1400, "est_cost": 0.000634, "latency_ms": 10848}
{"ts": 1788491218.710528, "client": "loop-qwen30b", "model": "qwen/qwen3-30b-a3b-instruct-2507", "tag": "r2:1997-033:scrambled", "in_tokens": 6760, "out_tokens": 1400, "est_cost": 0.000596, "latency_ms": 17541}
{"ts": 1788491226.85652, "client": "loop-qwen30b", "model": "qwen/qwen3-30b-a3b-instruct-2507", "tag": "r1:1992-086:none", "in_tokens": 6432, "out_tokens": 1400, "est_cost": 0.00058, "latency_ms": 10795}
{"ts": 1788491228.053353, "client": "loop-qwen30b", "model": "qwen/qwen3-30b-a3b-instruct-2507", "tag": "r2:1992-109:scrambled", "in_tokens": 9299, "out_tokens": 1400, "est_cost": 0.000718, "latency_ms": 9277}
{"ts": 1788491238.8979719, "client": "loop-qwen30b", "model": "qwen/qwen3-30b-a3b-instruct-2507", "tag": "r3:1997-033:scrambled", "in_tokens": 8607, "out_tokens": 1400, "est_cost": 0.000685, "latency_ms": 20131}
{"ts": 1788491268.777971, "client": "loop-qwen30b", "model": "qwen/qwen3-30b-a3b-instruct-2507", "tag": "r1:1997-033:none", "in_tokens": 4521, "out_tokens": 1400, "est_cost": 0.000488, "latency_ms": 29741}
{"ts": 1788491284.30035, "client": "loop-qwen30b", "model": "qwen/qwen3-30b-a3b-instruct-2507", "tag": "r2:1992-086:none", "in_tokens": 7860, "out_tokens": 1400, "est_cost": 0.000649, "latency_ms": 57365}
{"ts": 1788491289.503287, "client": "loop-qwen30b", "model": "qwen/qwen3-30b-a3b-instruct-2507", "tag": "r3:1992-109:scrambled", "in_tokens": 11041, "out_tokens": 1400, "est_cost": 0.000802, "latency_ms": 61384}
{"ts": 1788491297.765496, "client": "loop-qwen30b", "model": "qwen/qwen3-30b-a3b-instruct-2507", "tag": "r2:1997-033:none", "in_tokens": 5949, "out_tokens": 1400, "est_cost": 0.000557, "latency_ms": 28913}
{"ts": 1788491300.129494, "client": "loop-qwen30b", "model": "qwen/qwen3-30b-a3b-instruct-2507", "tag": "r1:1992-109:none", "in_tokens": 7173, "out_tokens": 1400, "est_cost": 0.000616, "latency_ms": 10546}
{"ts": 1788491309.522513, "client": "loop-qwen30b", "model": "qwen/qwen3-30b-a3b-instruct-2507", "tag": "r3:1997-033:none", "in_tokens": 7377, "out_tokens": 1400, "est_cost": 0.000625, "latency_ms": 11696}
{"ts": 1788491311.076122, "client": "loop-qwen30b", "model": "qwen/qwen3-30b-a3b-instruct-2507", "tag": "r3:1992-086:none", "in_tokens": 9288, "out_tokens": 1400, "est_cost": 0.000717, "latency_ms": 26706}
{"ts": 1788491319.167947, "client": "loop-qwen30b", "model": "qwen/qwen3-30b-a3b-instruct-2507", "tag": "r1:1997-033:half", "in_tokens": 4928, "out_tokens": 1239, "est_cost": 0.000476, "latency_ms": 9521}
{"ts": 1788491324.369938, "client": "loop-qwen30b", "model": "qwen/qwen3-30b-a3b-instruct-2507", "tag": "r1:1992-086:half", "in_tokens": 7160, "out_tokens": 1400, "est_cost": 0.000615, "latency_ms": 13168}
{"ts": 1788491333.439191, "client": "loop-qwen30b", "model": "qwen/qwen3-30b-a3b-instruct-2507", "tag": "r2:1992-086:half", "in_tokens": 9284, "out_tokens": 1378, "est_cost": 0.000713, "latency_ms": 8991}
{"ts": 1788491348.996547, "client": "loop-qwen30b", "model": "qwen/qwen3-30b-a3b-instruct-2507", "tag": "r2:1997-033:half", "in_tokens": 6528, "out_tokens": 1240, "est_cost": 0.000554, "latency_ms": 29778}
{"ts": 1788491353.313626, "client": "loop-qwen30b", "model": "qwen/qwen3-30b-a3b-instruct-2507", "tag": "r2:1992-109:none", "in_tokens": 8601, "out_tokens": 1400, "est_cost": 0.000684, "latency_ms": 53146}
{"ts": 1788491367.944443, "client": "loop-qwen30b", "model": "qwen/qwen3-30b-a3b-instruct-2507", "tag": "r3:1992-086:half", "in_tokens": 11408, "out_tokens": 1379, "est_cost": 0.000816, "latency_ms": 34443}
{"ts": 1788491386.495327, "client": "loop-qwen30b", "model": "qwen/qwen3-30b-a3b-instruct-2507", "tag": "r3:1997-033:half", "in_tokens": 8142, "out_tokens": 1212, "est_cost": 0.000626, "latency_ms": 37434}
{"ts": 1788491409.5419068, "client": "loop-qwen30b", "model": "qwen/qwen3-30b-a3b-instruct-2507", "tag": "r1:1992-086:quarter", "in_tokens": 7125, "out_tokens": 1400, "est_cost": 0.000613, "latency_ms": 41460}
{"ts": 1788491415.294098, "client": "loop-qwen30b", "model": "qwen/qwen3-30b-a3b-instruct-2507", "tag": "r3:1992-109:none", "in_tokens": 10029, "out_tokens": 1400, "est_cost": 0.000753, "latency_ms": 61924}
{"ts": 1788491419.125064, "client": "loop-qwen30b", "model": "qwen/qwen3-30b-a3b-instruct-2507", "tag": "r2:1992-086:quarter", "in_tokens": 9276, "out_tokens": 1327, "est_cost": 0.000703, "latency_ms": 9504}
{"ts": 1788491427.8257542, "client": "loop-qwen30b", "model": "qwen/qwen3-30b-a3b-instruct-2507", "tag": "r1:1992-109:half", "in_tokens": 7576, "out_tokens": 1352, "est_cost": 0.000626, "latency_ms": 12454}
{"ts": 1788491437.0309298, "client": "loop-qwen30b", "model": "qwen/qwen3-30b-a3b-instruct-2507", "tag": "r3:1992-086:quarter", "in_tokens": 11333, "out_tokens": 1328, "est_cost": 0.000802, "latency_ms": 17844}
{"ts": 1788491447.658347, "client": "loop-qwen30b", "model": "qwen/qwen3-30b-a3b-instruct-2507", "tag": "r2:1992-109:half", "in_tokens": 9387, "out_tokens": 1355, "est_cost": 0.000714, "latency_ms": 19790}
{"ts": 1788491448.8054779, "client": "loop-qwen30b", "model": "qwen/qwen3-30b-a3b-instruct-2507", "tag": "r1:1992-086:threequarter", "in_tokens": 7185, "out_tokens": 1400, "est_cost": 0.000616, "latency_ms": 11650}
{"ts": 1788491459.500227, "client": "loop-qwen30b", "model": "qwen/qwen3-30b-a3b-instruct-2507", "tag": "r3:1992-109:half", "in_tokens": 11187, "out_tokens": 1354, "est_cost": 0.0008, "latency_ms": 11796}
{"ts": 1788491461.924949, "client": "loop-qwen30b", "model": "qwen/qwen3-30b-a3b-instruct-2507", "tag": "r2:1992-086:threequarter", "in_tokens": 9382, "out_tokens": 1400, "est_cost": 0.000722, "latency_ms": 13049}
{"ts": 1788491464.814264, "client": "loop-qwen30b", "model": "qwen/qwen3-30b-a3b-instruct-2507", "tag": "r1:1997-033:quarter", "in_tokens": 4904, "out_tokens": 1400, "est_cost": 0.000506, "latency_ms": 78101}
{"ts": 1788491471.226903, "client": "loop-qwen30b", "model": "qwen/qwen3-30b-a3b-instruct-2507", "tag": "r3:1992-086:threequarter", "in_tokens": 11550, "out_tokens": 1400, "est_cost": 0.000826, "latency_ms": 9213}
{"ts": 1788491471.828903, "client": "loop-qwen30b", "model": "qwen/qwen3-30b-a3b-instruct-2507", "tag": "r1:1992-109:quarter", "in_tokens": 7573, "out_tokens": 1400, "est_cost": 0.000635, "latency_ms": 12162}
{"ts": 1788491504.004216, "client": "loop-qwen30b", "model": "qwen/qwen3-30b-a3b-instruct-2507", "tag": "r1:1992-086:passage", "in_tokens": 8125, "out_tokens": 1400, "est_cost": 0.000661, "latency_ms": 32612}
{"ts": 1788491512.619225, "client": "loop-qwen30b", "model": "qwen/qwen3-30b-a3b-instruct-2507", "tag": "r2:1997-033:quarter", "in_tokens": 6718, "out_tokens": 1276, "est_cost": 0.00057, "latency_ms": 47703}
{"ts": 1788491514.672914, "client": "loop-qwen30b", "model": "qwen/qwen3-30b-a3b-instruct-2507", "tag": "r2:1992-086:passage", "in_tokens": 10720, "out_tokens": 1400, "est_cost": 0.000786, "latency_ms": 10566}
{"ts": 1788491524.175433, "client": "loop-qwen30b", "model": "qwen/qwen3-30b-a3b-instruct-2507", "tag": "r3:1992-086:passage", "in_tokens": 13315, "out_tokens": 1400, "est_cost": 0.000911, "latency_ms": 9397}
{"ts": 1788491526.817447, "client": "loop-qwen30b", "model": "qwen/qwen3-30b-a3b-instruct-2507", "tag": "r2:1992-109:quarter", "in_tokens": 9452, "out_tokens": 1400, "est_cost": 0.000725, "latency_ms": 54795}
{"ts": 1788491531.7997959, "client": "loop-qwen30b", "model": "qwen/qwen3-30b-a3b-instruct-2507", "tag": "r3:1997-033:quarter", "in_tokens": 8356, "out_tokens": 1379, "est_cost": 0.000669, "latency_ms": 19082}
{"ts": 1788491542.8028102, "client": "loop-qwen30b", "model": "qwen/qwen3-30b-a3b-instruct-2507", "tag": "r1:2010-046:true", "in_tokens": 7175, "out_tokens": 1400, "est_cost": 0.000616, "latency_ms": 18418}
{"ts": 1788491550.913406, "client": "loop-qwen30b", "model": "qwen/qwen3-30b-a3b-instruct-2507", "tag": "r2:1997-033:threequarter", "in_tokens": 6834, "out_tokens": 1400, "est_cost": 0.000599, "latency_ms": 18960}
{"ts": 1788491560.160655, "client": "loop-qwen30b", "model": "qwen/qwen3-30b-a3b-instruct-2507", "tag": "r3:1997-033:threequarter", "in_tokens": 8630, "out_tokens": 1400, "est_cost": 0.000686, "latency_ms": 9184}
{"ts": 1788491563.843453, "client": "loop-qwen30b", "model": "qwen/qwen3-30b-a3b-instruct-2507", "tag": "r2:2010-046:true", "in_tokens": 8933, "out_tokens": 1400, "est_cost": 0.0007, "latency_ms": 20985}
{"ts": 1788491566.8339462, "client": "loop-qwen30b", "model": "qwen/qwen3-30b-a3b-instruct-2507", "tag": "r3:1992-109:quarter", "in_tokens": 11337, "out_tokens": 1400, "est_cost": 0.000816, "latency_ms": 39931}
{"ts": 1788491569.937504, "client": "loop-qwen30b", "model": "qwen/qwen3-30b-a3b-instruct-2507", "tag": "r1:1997-033:passage", "in_tokens": 5308, "out_tokens": 1400, "est_cost": 0.000526, "latency_ms": 9659}
{"ts": 1788491573.227848, "client": "loop-qwen30b", "model": "qwen/qwen3-30b-a3b-instruct-2507", "tag": "r3:2010-046:true", "in_tokens": 10691, "out_tokens": 1400, "est_cost": 0.000785, "latency_ms": 9309}
{"ts": 1788491576.7491798, "client": "loop-qwen30b", "model": "qwen/qwen3-30b-a3b-instruct-2507", "tag": "r1:1992-109:threequarter", "in_tokens": 7604, "out_tokens": 1400, "est_cost": 0.000636, "latency_ms": 9809}
{"ts": 1788491590.571233, "client": "loop-qwen30b", "model": "qwen/qwen3-30b-a3b-instruct-2507", "tag": "r1:2010-046:scrambled", "in_tokens": 7098, "out_tokens": 1233, "est_cost": 0.00058, "latency_ms": 17213}
{"ts": 1788491594.8657448, "client": "loop-qwen30b", "model": "qwen/qwen3-30b-a3b-instruct-2507", "tag": "r2:1992-109:threequarter", "in_tokens": 9476, "out_tokens": 1386, "est_cost": 0.000724, "latency_ms": 18063}
{"ts": 1788491625.3512661, "client": "loop-qwen30b", "model": "qwen/qwen3-30b-a3b-instruct-2507", "tag": "r2:1997-033:passage", "in_tokens": 7632, "out_tokens": 1400, "est_cost": 0.000638, "latency_ms": 55325}
{"ts": 1788491657.118747, "client": "loop-qwen30b", "model": "qwen/qwen3-30b-a3b-instruct-2507", "tag": "r2:2010-046:scrambled", "in_tokens": 8617, "out_tokens": 1233, "est_cost": 0.000653, "latency_ms": 66470}
{"ts": 1788491666.881554, "client": "loop-qwen30b", "model": "qwen/qwen3-30b-a3b-instruct-2507", "tag": "r3:1997-033:passage", "in_tokens": 9956, "out_tokens": 1400, "est_cost": 0.00075, "latency_ms": 41415}
{"ts": 1788491672.311878, "client": "loop-qwen30b", "model": "qwen/qwen3-30b-a3b-instruct-2507", "tag": "r3:2010-046:scrambled", "in_tokens": 10140, "out_tokens": 1233, "est_cost": 0.000726, "latency_ms": 15074}
{"ts": 1788491679.577656, "client": "loop-qwen30b", "model": "qwen/qwen3-30b-a3b-instruct-2507", "tag": "r3:1992-109:threequarter", "in_tokens": 11328, "out_tokens": 1386, "est_cost": 0.000813, "latency_ms": 84667}
{"ts": 1788491689.185548, "client": "loop-qwen30b", "model": "qwen/qwen3-30b-a3b-instruct-2507", "tag": "r1:1992-109:passage", "in_tokens": 8184, "out_tokens": 1400, "est_cost": 0.000664, "latency_ms": 9484}
{"ts": 1788491699.349916, "client": "loop-qwen30b", "model": "qwen/qwen3-30b-a3b-instruct-2507", "tag": "r1:2010-046:none", "in_tokens": 6796, "out_tokens": 1400, "est_cost": 0.000597, "latency_ms": 26913}
{"ts": 1788491711.4707892, "client": "loop-qwen30b", "model": "qwen/qwen3-30b-a3b-instruct-2507", "tag": "r1:1998-085:true", "in_tokens": 7131, "out_tokens": 1400, "est_cost": 0.000614, "latency_ms": 44431}
{"ts": 1788491718.9603179, "client": "loop-qwen30b", "model": "qwen/qwen3-30b-a3b-instruct-2507", "tag": "r2:1992-109:passage", "in_tokens": 10583, "out_tokens": 1400, "est_cost": 0.00078, "latency_ms": 29724}
{"ts": 1788491726.869398, "client": "loop-qwen30b", "model": "qwen/qwen3-30b-a3b-instruct-2507", "tag": "r2:2010-046:none", "in_tokens": 8224, "out_tokens": 1400, "est_cost": 0.000666, "latency_ms": 27427}
{"ts": 1788491740.4221928, "client": "loop-qwen30b", "model": "qwen/qwen3-30b-a3b-instruct-2507", "tag": "r3:1992-109:passage", "in_tokens": 12982, "out_tokens": 1400, "est_cost": 0.000895, "latency_ms": 21356}
{"ts": 1788491740.657054, "client": "loop-qwen30b", "model": "qwen/qwen3-30b-a3b-instruct-2507", "tag": "r2:1998-085:true", "in_tokens": 9113, "out_tokens": 1400, "est_cost": 0.000709, "latency_ms": 29117}
{"ts": 1788491747.950457, "client": "loop-qwen30b", "model": "qwen/qwen3-30b-a3b-instruct-2507", "tag": "r3:2010-046:none", "in_tokens": 9652, "out_tokens": 1400, "est_cost": 0.000735, "latency_ms": 20986}
{"ts": 1788491749.8830998, "client": "loop-qwen30b", "model": "qwen/qwen3-30b-a3b-instruct-2507", "tag": "r3:1998-085:true", "in_tokens": 11041, "out_tokens": 1400, "est_cost": 0.000802, "latency_ms": 9171}
{"ts": 1788491752.659424, "client": "loop-qwen30b", "model": "qwen/qwen3-30b-a3b-instruct-2507", "tag": "r1:2009-045:true", "in_tokens": 7952, "out_tokens": 1337, "est_cost": 0.000641, "latency_ms": 12053}
{"ts": 1788491760.49002, "client": "loop-qwen30b", "model": "qwen/qwen3-30b-a3b-instruct-2507", "tag": "r1:1998-085:scrambled", "in_tokens": 7061, "out_tokens": 1400, "est_cost": 0.00061, "latency_ms": 10489}
{"ts": 1788491760.737364, "client": "loop-qwen30b", "model": "qwen/qwen3-30b-a3b-instruct-2507", "tag": "r1:2010-046:half", "in_tokens": 7117, "out_tokens": 1400, "est_cost": 0.000613, "latency_ms": 12653}
{"ts": 1788491764.237756, "client": "loop-qwen30b", "model": "qwen/qwen3-30b-a3b-instruct-2507", "tag": "r2:2009-045:true", "in_tokens": 9803, "out_tokens": 1337, "est_cost": 0.00073, "latency_ms": 11497}
{"ts": 1788491769.543812, "client": "loop-qwen30b", "model": "qwen/qwen3-30b-a3b-instruct-2507", "tag": "r2:1998-085:scrambled", "in_tokens": 8957, "out_tokens": 1400, "est_cost": 0.000702, "latency_ms": 8959}
{"ts": 1788491774.013142, "client": "loop-qwen30b", "model": "qwen/qwen3-30b-a3b-instruct-2507", "tag": "r2:2010-046:half", "in_tokens": 8868, "out_tokens": 1400, "est_cost": 0.000697, "latency_ms": 13201}
{"ts": 1788491785.091595, "client": "loop-qwen30b", "model": "qwen/qwen3-30b-a3b-instruct-2507", "tag": "r3:2009-045:true", "in_tokens": 11654, "out_tokens": 1337, "est_cost": 0.000819, "latency_ms": 20791}
{"ts": 1788491808.80544, "client": "loop-qwen30b", "model": "qwen/qwen3-30b-a3b-instruct-2507", "tag": "r3:1998-085:scrambled", "in_tokens": 10853, "out_tokens": 1400, "est_cost": 0.000793, "latency_ms": 39201}
{"ts": 1788491811.3568661, "client": "loop-qwen30b", "model": "qwen/qwen3-30b-a3b-instruct-2507", "tag": "r1:2009-045:scrambled", "in_tokens": 7912, "out_tokens": 1400, "est_cost": 0.000651, "latency_ms": 26135}
{"ts": 1788491828.8254, "client": "loop-qwen30b", "model": "qwen/qwen3-30b-a3b-instruct-2507", "tag": "r1:1998-085:none", "in_tokens": 6634, "out_tokens": 1400, "est_cost": 0.00059, "latency_ms": 19893}
{"ts": 1788491830.844987, "client": "loop-qwen30b", "model": "qwen/qwen3-30b-a3b-instruct-2507", "tag": "r3:2010-046:half", "in_tokens": 10653, "out_tokens": 1381, "est_cost": 0.00078, "latency_ms": 56653}
{"ts": 1788491831.46685, "client": "loop-qwen30b", "model": "qwen/qwen3-30b-a3b-instruct-2507", "tag": "r2:2009-045:scrambled", "in_tokens": 9721, "out_tokens": 1400, "est_cost": 0.000738, "latency_ms": 20040}
{"ts": 1788491840.9398, "client": "loop-qwen30b", "model": "qwen/qwen3-30b-a3b-instruct-2507", "tag": "r1:2010-046:quarter", "in_tokens": 7118, "out_tokens": 1321, "est_cost": 0.000598, "latency_ms": 9965}
{"ts": 1788491842.223215, "client": "loop-qwen30b", "model": "qwen/qwen3-30b-a3b-instruct-2507", "tag": "r3:2009-045:scrambled", "in_tokens": 11520, "out_tokens": 1400, "est_cost": 0.000825, "latency_ms": 10708}
{"ts": 1788491847.443397, "client": "loop-qwen30b", "model": "qwen/qwen3-30b-a3b-instruct-2507", "tag": "r2:1998-085:none", "in_tokens": 8062, "out_tokens": 1400, "est_cost": 0.000658, "latency_ms": 18542}
{"ts": 1788491855.6755478, "client": "loop-qwen30b", "model": "qwen/qwen3-30b-a3b-instruct-2507", "tag": "r2:2010-046:quarter", "in_tokens": 8773, "out_tokens": 1302, "est_cost": 0.000674, "latency_ms": 14662}
{"ts": 1788491861.48841, "client": "loop-qwen30b", "model": "qwen/qwen3-30b-a3b-instruct-2507", "tag": "r3:1998-085:none", "in_tokens": 9490, "out_tokens": 1400, "est_cost": 0.000727, "latency_ms": 13987}
{"ts": 1788491864.590548, "client": "loop-qwen30b", "model": "qwen/qwen3-30b-a3b-instruct-2507", "tag": "r1:2009-045:none", "in_tokens": 7425, "out_tokens": 1400, "est_cost": 0.000628, "latency_ms": 22227}
{"ts": 1788491868.596155, "client": "loop-qwen30b", "model": "qwen/qwen3-30b-a3b-instruct-2507", "tag": "r3:2010-046:quarter", "in_tokens": 10405, "out_tokens": 1302, "est_cost": 0.000752, "latency_ms": 12845}
{"ts": 1788491873.521835, "client": "loop-qwen30b", "model": "qwen/qwen3-30b-a3b-instruct-2507", "tag": "r1:1998-085:half", "in_tokens": 7100, "out_tokens": 1270, "est_cost": 0.000587, "latency_ms": 11943}
{"ts": 1788491873.8715782, "client": "loop-qwen30b", "model": "qwen/qwen3-30b-a3b-instruct-2507", "tag": "r2:2009-045:none", "in_tokens": 8853, "out_tokens": 1400, "est_cost": 0.000697, "latency_ms": 9221}
{"ts": 1788491879.404449, "client": "loop-qwen30b", "model": "qwen/qwen3-30b-a3b-instruct-2507", "tag": "r1:2010-046:threequarter", "in_tokens": 7140, "out_tokens": 1335, "est_cost": 0.000602, "latency_ms": 10690}
{"ts": 1788491881.826164, "client": "loop-qwen30b", "model": "qwen/qwen3-30b-a3b-instruct-2507", "tag": "r2:1998-085:half", "in_tokens": 8832, "out_tokens": 1270, "est_cost": 0.00067, "latency_ms": 8255}
{"ts": 1788491884.283977, "client": "loop-qwen30b", "model": "qwen/qwen3-30b-a3b-instruct-2507", "tag": "r3:2009-045:none", "in_tokens": 10281, "out_tokens": 1400, "est_cost": 0.000765, "latency_ms": 10366}
{"ts": 1788491890.2632341, "client": "loop-qwen30b", "model": "qwen/qwen3-30b-a3b-instruct-2507", "tag": "r2:2010-046:threequarter", "in_tokens": 8824, "out_tokens": 1089, "est_cost": 0.000635, "latency_ms": 10761}
{"ts": 1788491925.811734, "client": "loop-qwen30b", "model": "qwen/qwen3-30b-a3b-instruct-2507", "tag": "r3:2010-046:threequarter", "in_tokens": 10197, "out_tokens": 1162, "est_cost": 0.000715, "latency_ms": 35489}
{"ts": 1788491944.414837, "client": "loop-qwen30b", "model": "qwen/qwen3-30b-a3b-instruct-2507", "tag": "r1:2010-046:passage", "in_tokens": 7633, "out_tokens": 1400, "est_cost": 0.000638, "latency_ms": 18427}
{"ts": 1788491950.821269, "client": "loop-qwen30b", "model": "qwen/qwen3-30b-a3b-instruct-2507", "tag": "r3:1998-085:half", "in_tokens": 10537, "out_tokens": 1271, "est_cost": 0.000753, "latency_ms": 68918}
{"ts": 1788491953.510342, "client": "loop-qwen30b", "model": "qwen/qwen3-30b-a3b-instruct-2507", "tag": "r1:2009-045:half", "in_tokens": 7941, "out_tokens": 1400, "est_cost": 0.000653, "latency_ms": 69116}
{"ts": 1788491968.892045, "client": "loop-qwen30b", "model": "qwen/qwen3-30b-a3b-instruct-2507", "tag": "r1:1998-085:quarter", "in_tokens": 7087, "out_tokens": 1400, "est_cost": 0.000612, "latency_ms": 17966}
{"ts": 1788491971.414251, "client": "loop-qwen30b", "model": "qwen/qwen3-30b-a3b-instruct-2507", "tag": "r2:2009-045:half", "in_tokens": 9951, "out_tokens": 1400, "est_cost": 0.000749, "latency_ms": 17805}
{"ts": 1788491983.075706, "client": "loop-qwen30b", "model": "qwen/qwen3-30b-a3b-instruct-2507", "tag": "r2:1998-085:quarter", "in_tokens": 8926, "out_tokens": 1400, "est_cost": 0.0007, "latency_ms": 14140}
{"ts": 1788491988.646024, "client": "loop-qwen30b", "model": "qwen/qwen3-30b-a3b-instruct-2507", "tag": "r3:2009-045:half", "in_tokens": 11906, "out_tokens": 1400, "est_cost": 0.000844, "latency_ms": 17146}
{"ts": 1788492002.070119, "client": "loop-qwen30b", "model": "qwen/qwen3-30b-a3b-instruct-2507", "tag": "r3:1998-085:quarter", "in_tokens": 10740, "out_tokens": 1400, "est_cost": 0.000787, "latency_ms": 18919}
{"ts": 1788492006.884147, "client": "loop-qwen30b", "model": "qwen/qwen3-30b-a3b-instruct-2507", "tag": "r1:2009-045:quarter", "in_tokens": 7918, "out_tokens": 1400, "est_cost": 0.000652, "latency_ms": 18130}
{"ts": 1788492013.0514638, "client": "loop-qwen30b", "model": "qwen/qwen3-30b-a3b-instruct-2507", "tag": "r1:1998-085:threequarter", "in_tokens": 7101, "out_tokens": 1400, "est_cost": 0.000612, "latency_ms": 10880}
{"ts": 1788492026.767156, "client": "loop-qwen30b", "model": "qwen/qwen3-30b-a3b-instruct-2507", "tag": "r2:2009-045:quarter", "in_tokens": 9873, "out_tokens": 1400, "est_cost": 0.000746, "latency_ms": 19826}
{"ts": 1788492031.570455, "client": "loop-qwen30b", "model": "qwen/qwen3-30b-a3b-instruct-2507", "tag": "r2:2010-046:passage", "in_tokens": 9312, "out_tokens": 1400, "est_cost": 0.000719, "latency_ms": 87065}
{"ts": 1788492031.963778, "client": "loop-qwen30b", "model": "qwen/qwen3-30b-a3b-instruct-2507", "tag": "r2:1998-085:threequarter", "in_tokens": 8929, "out_tokens": 1400, "est_cost": 0.0007, "latency_ms": 18840}
{"ts": 1788492051.842554, "client": "loop-qwen30b", "model": "qwen/qwen3-30b-a3b-instruct-2507", "tag": "r3:2009-045:quarter", "in_tokens": 11807, "out_tokens": 1400, "est_cost": 0.000839, "latency_ms": 24997}
{"ts": 1788492054.4722922, "client": "loop-qwen30b", "model": "qwen/qwen3-30b-a3b-instruct-2507", "tag": "r3:1998-085:threequarter", "in_tokens": 10761, "out_tokens": 1400, "est_cost": 0.000788, "latency_ms": 22439}
{"ts": 1788492082.6324532, "client": "loop-qwen30b", "model": "qwen/qwen3-30b-a3b-instruct-2507", "tag": "r1:2009-045:threequarter", "in_tokens": 7930, "out_tokens": 1400, "est_cost": 0.000652, "latency_ms": 30676}
{"ts": 1788492084.706676, "client": "loop-qwen30b", "model": "qwen/qwen3-30b-a3b-instruct-2507", "tag": "r1:1998-085:passage", "in_tokens": 7989, "out_tokens": 1400, "est_cost": 0.000655, "latency_ms": 30107}
{"ts": 1788492095.791275, "client": "loop-qwen30b", "model": "qwen/qwen3-30b-a3b-instruct-2507", "tag": "r2:2009-045:threequarter", "in_tokens": 9848, "out_tokens": 1320, "est_cost": 0.000729, "latency_ms": 13080}
{"ts": 1788492097.112343, "client": "loop-qwen30b", "model": "qwen/qwen3-30b-a3b-instruct-2507", "tag": "r3:2010-046:passage", "in_tokens": 10991, "out_tokens": 1400, "est_cost": 0.000799, "latency_ms": 65474}
{"ts": 1788492100.628109, "client": "loop-qwen30b", "model": "qwen/qwen3-30b-a3b-instruct-2507", "tag": "r2:1998-085:passage", "in_tokens": 11017, "out_tokens": 1400, "est_cost": 0.000801, "latency_ms": 15826}
{"ts": 1788492106.122405, "client": "loop-qwen30b", "model": "qwen/qwen3-30b-a3b-instruct-2507", "tag": "r3:2009-045:threequarter", "in_tokens": 11641, "out_tokens": 1320, "est_cost": 0.000815, "latency_ms": 10229}
{"ts": 1788492107.508686, "client": "loop-qwen30b", "model": "qwen/qwen3-30b-a3b-instruct-2507", "tag": "r1:2012-006:true", "in_tokens": 6874, "out_tokens": 1400, "est_cost": 0.000601, "latency_ms": 10226}
{"ts": 1788492116.7473762, "client": "loop-qwen30b", "model": "qwen/qwen3-30b-a3b-instruct-2507", "tag": "r2:2012-006:true", "in_tokens": 8412, "out_tokens": 1400, "est_cost": 0.000675, "latency_ms": 9187}
{"ts": 1788492118.341985, "client": "loop-qwen30b", "model": "qwen/qwen3-30b-a3b-instruct-2507", "tag": "r3:1998-085:passage", "in_tokens": 14045, "out_tokens": 1400, "est_cost": 0.000947, "latency_ms": 17647}
{"ts": 1788492121.737736, "client": "loop-qwen30b", "model": "qwen/qwen3-30b-a3b-instruct-2507", "tag": "r1:2009-045:passage", "in_tokens": 8521, "out_tokens": 1400, "est_cost": 0.000681, "latency_ms": 15486}
{"ts": 1788492126.2581701, "client": "loop-qwen30b", "model": "qwen/qwen3-30b-a3b-instruct-2507", "tag": "r3:2012-006:true", "in_tokens": 9950, "out_tokens": 1400, "est_cost": 0.000749, "latency_ms": 9453}
{"ts": 1788492130.952287, "client": "loop-qwen30b", "model": "qwen/qwen3-30b-a3b-instruct-2507", "tag": "r1:1997-021:true", "in_tokens": 6878, "out_tokens": 1400, "est_cost": 0.000601, "latency_ms": 12410}
{"ts": 1788492134.084092, "client": "loop-qwen30b", "model": "qwen/qwen3-30b-a3b-instruct-2507", "tag": "r2:2009-045:passage", "in_tokens": 11031, "out_tokens": 1400, "est_cost": 0.000801, "latency_ms": 12225}
{"ts": 1788492171.232485, "client": "loop-qwen30b", "model": "qwen/qwen3-30b-a3b-instruct-2507", "tag": "r2:1997-021:true", "in_tokens": 8458, "out_tokens": 1400, "est_cost": 0.000678, "latency_ms": 40222}
{"ts": 1788492193.104345, "client": "loop-qwen30b", "model": "qwen/qwen3-30b-a3b-instruct-2507", "tag": "r3:1997-021:true", "in_tokens": 10038, "out_tokens": 1400, "est_cost": 0.000754, "latency_ms": 21782}
{"ts": 1788492195.550312, "client": "loop-qwen30b", "model": "qwen/qwen3-30b-a3b-instruct-2507", "tag": "r3:2009-045:passage", "in_tokens": 13541, "out_tokens": 1400, "est_cost": 0.000922, "latency_ms": 61357}
{"ts": 1788492204.275758, "client": "loop-qwen30b", "model": "qwen/qwen3-30b-a3b-instruct-2507", "tag": "r1:1997-021:scrambled", "in_tokens": 6866, "out_tokens": 1363, "est_cost": 0.000594, "latency_ms": 11050}
{"ts": 1788492205.094164, "client": "loop-qwen30b", "model": "qwen/qwen3-30b-a3b-instruct-2507", "tag": "r1:2012-006:scrambled", "in_tokens": 6867, "out_tokens": 1240, "est_cost": 0.00057, "latency_ms": 78758}
{"ts": 1788492205.442613, "client": "loop-qwen30b", "model": "qwen/qwen3-30b-a3b-instruct-2507", "tag": "r1:1997-046:true", "in_tokens": 7007, "out_tokens": 1400, "est_cost": 0.000608, "latency_ms": 9732}
{"ts": 1788492219.619287, "client": "loop-qwen30b", "model": "qwen/qwen3-30b-a3b-instruct-2507", "tag": "r2:1997-021:scrambled", "in_tokens": 8362, "out_tokens": 1360, "est_cost": 0.000665, "latency_ms": 15281}
{"ts": 1788492221.118966, "client": "loop-qwen30b", "model": "qwen/qwen3-30b-a3b-instruct-2507", "tag": "r2:1997-046:true", "in_tokens": 8785, "out_tokens": 1400, "est_cost": 0.000693, "latency_ms": 15625}
{"ts": 1788492226.498376, "client": "loop-qwen30b", "model": "qwen/qwen3-30b-a3b-instruct-2507", "tag": "r2:2012-006:scrambled", "in_tokens": 8192, "out_tokens": 1235, "est_cost": 0.000633, "latency_ms": 21343}
{"ts": 1788492228.787414, "client": "loop-qwen30b", "model": "qwen/qwen3-30b-a3b-instruct-2507", "tag": "r3:1997-021:scrambled", "in_tokens": 9915, "out_tokens": 1321, "est_cost": 0.000732, "latency_ms": 9100}
{"ts": 1788492230.416828, "client": "loop-qwen30b", "model": "qwen/qwen3-30b-a3b-instruct-2507", "tag": "r3:1997-046:true", "in_tokens": 10563, "out_tokens": 1400, "est_cost": 0.000779, "latency_ms": 9136}
{"ts": 1788492235.59442, "client": "loop-qwen30b", "model": "qwen/qwen3-30b-a3b-instruct-2507", "tag": "r3:2012-006:scrambled", "in_tokens": 9512, "out_tokens": 1234, "est_cost": 0.000696, "latency_ms": 9032}
{"ts": 1788492239.707034, "client": "loop-qwen30b", "model": "qwen/qwen3-30b-a3b-instruct-2507", "tag": "r1:1997-021:none", "in_tokens": 6726, "out_tokens": 1400, "est_cost": 0.000594, "latency_ms": 10793}
{"ts": 1788492242.686605, "client": "loop-qwen30b", "model": "qwen/qwen3-30b-a3b-instruct-2507", "tag": "r1:1997-046:scrambled", "in_tokens": 6959, "out_tokens": 1400, "est_cost": 0.000605, "latency_ms": 12169}
{"ts": 1788492288.589256, "client": "loop-qwen30b", "model": "qwen/qwen3-30b-a3b-instruct-2507", "tag": "r1:2012-006:none", "in_tokens": 6764, "out_tokens": 1400, "est_cost": 0.000596, "latency_ms": 52907}
{"ts": 1788492293.808007, "client": "loop-qwen30b", "model": "qwen/qwen3-30b-a3b-instruct-2507", "tag": "r2:1997-021:none", "in_tokens": 8154, "out_tokens": 1400, "est_cost": 0.000663, "latency_ms": 54032}
{"ts": 1788492301.267183, "client": "loop-qwen30b", "model": "qwen/qwen3-30b-a3b-instruct-2507", "tag": "r2:1997-046:scrambled", "in_tokens": 8773, "out_tokens": 1400, "est_cost": 0.000693, "latency_ms": 58500}
{"ts": 1788492304.2160158, "client": "loop-qwen30b", "model": "qwen/qwen3-30b-a3b-instruct-2507", "tag": "r2:2012-006:none", "in_tokens": 8192, "out_tokens": 1400, "est_cost": 0.000665, "latency_ms": 15551}
{"ts": 1788492320.00143, "client": "loop-qwen30b", "model": "qwen/qwen3-30b-a3b-instruct-2507", "tag": "r3:1997-046:scrambled", "in_tokens": 10590, "out_tokens": 1400, "est_cost": 0.00078, "latency_ms": 18660}
{"ts": 1788492323.765715, "client": "loop-qwen30b", "model": "qwen/qwen3-30b-a3b-instruct-2507", "tag": "r3:2012-006:none", "in_tokens": 9620, "out_tokens": 1400, "est_cost": 0.000733, "latency_ms": 19504}
{"ts": 1788492326.780879, "client": "loop-qwen30b", "model": "qwen/qwen3-30b-a3b-instruct-2507", "tag": "r3:1997-021:none", "in_tokens": 9582, "out_tokens": 1400, "est_cost": 0.000732, "latency_ms": 32905}
{"ts": 1788492344.672843, "client": "loop-qwen30b", "model": "qwen/qwen3-30b-a3b-instruct-2507", "tag": "r1:1997-046:none", "in_tokens": 6657, "out_tokens": 1400, "est_cost": 0.000591, "latency_ms": 24590}
{"ts": 1788492345.605063, "client": "loop-qwen30b", "model": "qwen/qwen3-30b-a3b-instruct-2507", "tag": "r1:2012-006:half", "in_tokens": 6873, "out_tokens": 1400, "est_cost": 0.000601, "latency_ms": 21733}
{"ts": 1788492359.634814, "client": "loop-qwen30b", "model": "qwen/qwen3-30b-a3b-instruct-2507", "tag": "r2:1997-046:none", "in_tokens": 8085, "out_tokens": 1400, "est_cost": 0.00066, "latency_ms": 14908}
{"ts": 1788492360.689883, "client": "loop-qwen30b", "model": "qwen/qwen3-30b-a3b-instruct-2507", "tag": "r2:2012-006:half", "in_tokens": 8400, "out_tokens": 1400, "est_cost": 0.000675, "latency_ms": 15028}
{"ts": 1788492362.0308428, "client": "loop-qwen30b", "model": "qwen/qwen3-30b-a3b-instruct-2507", "tag": "r1:1997-021:half", "in_tokens": 6877, "out_tokens": 1400, "est_cost": 0.000601, "latency_ms": 35162}
{"ts": 1788492378.875347, "client": "loop-qwen30b", "model": "qwen/qwen3-30b-a3b-instruct-2507", "tag": "r3:2012-006:half", "in_tokens": 9941, "out_tokens": 1400, "est_cost": 0.000749, "latency_ms": 18117}
{"ts": 1788492379.16232, "client": "loop-qwen30b", "model": "qwen/qwen3-30b-a3b-instruct-2507", "tag": "r3:1997-046:none", "in_tokens": 9513, "out_tokens": 1400, "est_cost": 0.000728, "latency_ms": 19465}
{"ts": 1788492379.732516, "client": "loop-qwen30b", "model": "qwen/qwen3-30b-a3b-instruct-2507", "tag": "r2:1997-021:half", "in_tokens": 8409, "out_tokens": 1400, "est_cost": 0.000675, "latency_ms": 17636}
{"ts": 1788492403.6945338, "client": "loop-qwen30b", "model": "qwen/qwen3-30b-a3b-instruct-2507", "tag": "r1:2012-006:quarter", "in_tokens": 6867, "out_tokens": 1282, "est_cost": 0.000578, "latency_ms": 24709}
{"ts": 1788492405.299237, "client": "loop-qwen30b", "model": "qwen/qwen3-30b-a3b-instruct-2507", "tag": "r1:1997-046:half", "in_tokens": 6982, "out_tokens": 1400, "est_cost": 0.000606, "latency_ms": 26055}
{"ts": 1788492410.1973271, "client": "loop-qwen30b", "model": "qwen/qwen3-30b-a3b-instruct-2507", "tag": "r3:1997-021:half", "in_tokens": 9941, "out_tokens": 1400, "est_cost": 0.000749, "latency_ms": 30405}
{"ts": 1788492416.6203651, "client": "loop-qwen30b", "model": "qwen/qwen3-30b-a3b-instruct-2507", "tag": "r2:2012-006:quarter", "in_tokens": 8276, "out_tokens": 951, "est_cost": 0.000582, "latency_ms": 12852}
{"ts": 1788492423.059432, "client": "loop-qwen30b", "model": "qwen/qwen3-30b-a3b-instruct-2507", "tag": "r2:1997-046:half", "in_tokens": 8766, "out_tokens": 1400, "est_cost": 0.000692, "latency_ms": 17692}
{"ts": 1788492430.738734, "client": "loop-qwen30b", "model": "qwen/qwen3-30b-a3b-instruct-2507", "tag": "r3:2012-006:quarter", "in_tokens": 9353, "out_tokens": 1031, "est_cost": 0.000649, "latency_ms": 14070}
{"ts": 1788492432.113333, "client": "loop-qwen30b", "model": "qwen/qwen3-30b-a3b-instruct-2507", "tag": "r1:1997-021:quarter", "in_tokens": 6880, "out_tokens": 1400, "est_cost": 0.000602, "latency_ms": 21789}
{"ts": 1788492438.880023, "client": "loop-qwen30b", "model": "qwen/qwen3-30b-a3b-instruct-2507", "tag": "r3:1997-046:half", "in_tokens": 10262, "out_tokens": 1400, "est_cost": 0.000764, "latency_ms": 15781}
{"ts": 1788492465.373363, "client": "loop-qwen30b", "model": "qwen/qwen3-30b-a3b-instruct-2507", "tag": "r2:1997-021:quarter", "in_tokens": 8452, "out_tokens": 1400, "est_cost": 0.000677, "latency_ms": 33124}
{"ts": 1788492465.477171, "client": "loop-qwen30b", "model": "qwen/qwen3-30b-a3b-instruct-2507", "tag": "r1:1997-046:quarter", "in_tokens": 6977, "out_tokens": 1400, "est_cost": 0.000606, "latency_ms": 26513}
{"ts": 1788492469.0668669, "client": "loop-qwen30b", "model": "qwen/qwen3-30b-a3b-instruct-2507", "tag": "r2:2012-006:threequarter", "in_tokens": 8402, "out_tokens": 1400, "est_cost": 0.000675, "latency_ms": 38188}
{"ts": 1788492479.726636, "client": "loop-qwen30b", "model": "qwen/qwen3-30b-a3b-instruct-2507", "tag": "r3:1997-021:quarter", "in_tokens": 10022, "out_tokens": 1307, "est_cost": 0.000735, "latency_ms": 14296}
{"ts": 1788492481.692528, "client": "loop-qwen30b", "model": "qwen/qwen3-30b-a3b-instruct-2507", "tag": "r1:1997-046:threequarter", "in_tokens": 6991, "out_tokens": 1400, "est_cost": 0.000607, "latency_ms": 16131}
{"ts": 1788492485.778938, "client": "loop-qwen30b", "model": "qwen/qwen3-30b-a3b-instruct-2507", "tag": "r3:2012-006:threequarter", "in_tokens": 9939, "out_tokens": 1313, "est_cost": 0.000732, "latency_ms": 16444}
{"ts": 1788492497.6856298, "client": "loop-qwen30b", "model": "qwen/qwen3-30b-a3b-instruct-2507", "tag": "r2:1997-021:threequarter", "in_tokens": 8453, "out_tokens": 1400, "est_cost": 0.000677, "latency_ms": 17792}
{"ts": 1788492498.0627468, "client": "loop-qwen30b", "model": "qwen/qwen3-30b-a3b-instruct-2507", "tag": "r2:1997-046:threequarter", "in_tokens": 8766, "out_tokens": 1400, "est_cost": 0.000692, "latency_ms": 16316}
{"ts": 1788492500.174471, "client": "loop-qwen30b", "model": "qwen/qwen3-30b-a3b-instruct-2507", "tag": "r1:2012-006:passage", "in_tokens": 6937, "out_tokens": 1400, "est_cost": 0.000604, "latency_ms": 14318}
{"ts": 1788492529.427184, "client": "loop-qwen30b", "model": "qwen/qwen3-30b-a3b-instruct-2507", "tag": "r2:2012-006:passage", "in_tokens": 8538, "out_tokens": 1400, "est_cost": 0.000681, "latency_ms": 29182}
{"ts": 1788492535.572789, "client": "loop-qwen30b", "model": "qwen/qwen3-30b-a3b-instruct-2507", "tag": "r3:1997-046:threequarter", "in_tokens": 10524, "out_tokens": 1400, "est_cost": 0.000777, "latency_ms": 37442}
{"ts": 1788492537.1991549, "client": "loop-qwen30b", "model": "qwen/qwen3-30b-a3b-instruct-2507", "tag": "r3:1997-021:threequarter", "in_tokens": 10028, "out_tokens": 1394, "est_cost": 0.000752, "latency_ms": 39435}
{"ts": 1788492547.476694, "client": "loop-qwen30b", "model": "qwen/qwen3-30b-a3b-instruct-2507", "tag": "r3:2012-006:passage", "in_tokens": 10139, "out_tokens": 1400, "est_cost": 0.000758, "latency_ms": 17980}
{"ts": 1788492554.955468, "client": "loop-qwen30b", "model": "qwen/qwen3-30b-a3b-instruct-2507", "tag": "r1:1997-046:passage", "in_tokens": 7485, "out_tokens": 1400, "est_cost": 0.000631, "latency_ms": 19275}
{"ts": 1788492558.1737149, "client": "loop-qwen30b", "model": "qwen/qwen3-30b-a3b-instruct-2507", "tag": "r1:1997-021:passage", "in_tokens": 6940, "out_tokens": 1400, "est_cost": 0.000604, "latency_ms": 20830}
{"ts": 1788492563.992975, "client": "loop-qwen30b", "model": "qwen/qwen3-30b-a3b-instruct-2507", "tag": "r1:1998-026:true", "in_tokens": 3463, "out_tokens": 1303, "est_cost": 0.000418, "latency_ms": 16417}
{"ts": 1788492583.52805, "client": "loop-qwen30b", "model": "qwen/qwen3-30b-a3b-instruct-2507", "tag": "r2:1998-026:true", "in_tokens": 5425, "out_tokens": 1304, "est_cost": 0.000513, "latency_ms": 19494}
{"ts": 1788492591.58549, "client": "loop-qwen30b", "model": "qwen/qwen3-30b-a3b-instruct-2507", "tag": "r2:1997-021:passage", "in_tokens": 8582, "out_tokens": 1400, "est_cost": 0.000683, "latency_ms": 33329}
{"ts": 1788492592.313148, "client": "loop-qwen30b", "model": "qwen/qwen3-30b-a3b-instruct-2507", "tag": "r2:1997-046:passage", "in_tokens": 9739, "out_tokens": 1400, "est_cost": 0.000739, "latency_ms": 37294}
{"ts": 1788492596.725373, "client": "loop-qwen30b", "model": "qwen/qwen3-30b-a3b-instruct-2507", "tag": "r3:1998-026:true", "in_tokens": 7388, "out_tokens": 1279, "est_cost": 0.000603, "latency_ms": 13175}
{"ts": 1788492605.838797, "client": "loop-qwen30b", "model": "qwen/qwen3-30b-a3b-instruct-2507", "tag": "r3:1997-021:passage", "in_tokens": 10224, "out_tokens": 1400, "est_cost": 0.000763, "latency_ms": 14175}
{"ts": 1788492609.569843, "client": "loop-qwen30b", "model": "qwen/qwen3-30b-a3b-instruct-2507", "tag": "r3:1997-046:passage", "in_tokens": 11884, "out_tokens": 1400, "est_cost": 0.000842, "latency_ms": 17194}
{"ts": 1788492613.683907, "client": "loop-qwen30b", "model": "qwen/qwen3-30b-a3b-instruct-2507", "tag": "r1:1998-026:none", "in_tokens": 3162, "out_tokens": 1400, "est_cost": 0.000423, "latency_ms": 16877}
{"ts": 1788492621.182826, "client": "loop-qwen30b", "model": "qwen/qwen3-30b-a3b-instruct-2507", "tag": "r1:2005-087:true", "in_tokens": 2761, "out_tokens": 954, "est_cost": 0.000317, "latency_ms": 15217}
{"ts": 1788492644.577753, "client": "loop-qwen30b", "model": "qwen/qwen3-30b-a3b-instruct-2507", "tag": "r2:2005-087:true", "in_tokens": 4174, "out_tokens": 955, "est_cost": 0.000385, "latency_ms": 23343}
{"ts": 1788492650.803961, "client": "loop-qwen30b", "model": "qwen/qwen3-30b-a3b-instruct-2507", "tag": "r2:1998-026:none", "in_tokens": 4590, "out_tokens": 1400, "est_cost": 0.000491, "latency_ms": 37074}
{"ts": 1788492657.754555, "client": "loop-qwen30b", "model": "qwen/qwen3-30b-a3b-instruct-2507", "tag": "r3:2005-087:true", "in_tokens": 5588, "out_tokens": 955, "est_cost": 0.000453, "latency_ms": 13119}
{"ts": 1788492662.59842, "client": "loop-qwen30b", "model": "qwen/qwen3-30b-a3b-instruct-2507", "tag": "r1:2020-032:true", "in_tokens": 7158, "out_tokens": 1400, "est_cost": 0.000615, "latency_ms": 52770}
{"ts": 1788492670.468103, "client": "loop-qwen30b", "model": "qwen/qwen3-30b-a3b-instruct-2507", "tag": "r3:1998-026:none", "in_tokens": 6018, "out_tokens": 1400, "est_cost": 0.00056, "latency_ms": 19631}
{"ts": 1788492677.887367, "client": "loop-qwen30b", "model": "qwen/qwen3-30b-a3b-instruct-2507", "tag": "r2:2020-032:true", "in_tokens": 8852, "out_tokens": 1400, "est_cost": 0.000696, "latency_ms": 15226}
{"ts": 1788492685.732762, "client": "loop-qwen30b", "model": "qwen/qwen3-30b-a3b-instruct-2507", "tag": "r1:1997-100:true", "in_tokens": 7636, "out_tokens": 1230, "est_cost": 0.000605, "latency_ms": 14888}
{"ts": 1788492694.879092, "client": "loop-qwen30b", "model": "qwen/qwen3-30b-a3b-instruct-2507", "tag": "r1:2005-087:scrambled", "in_tokens": 2684, "out_tokens": 1400, "est_cost": 0.0004, "latency_ms": 37033}
{"ts": 1788492704.21474, "client": "loop-qwen30b", "model": "qwen/qwen3-30b-a3b-instruct-2507", "tag": "r2:1997-100:true", "in_tokens": 9188, "out_tokens": 1230, "est_cost": 0.00068, "latency_ms": 18428}
{"ts": 1788492705.834195, "client": "loop-qwen30b", "model": "qwen/qwen3-30b-a3b-instruct-2507", "tag": "r2:2005-087:scrambled", "in_tokens": 4455, "out_tokens": 1400, "est_cost": 0.000485, "latency_ms": 10899}
{"ts": 1788492716.199001, "client": "loop-qwen30b", "model": "qwen/qwen3-30b-a3b-instruct-2507", "tag": "r3:1997-100:true", "in_tokens": 10740, "out_tokens": 1230, "est_cost": 0.000755, "latency_ms": 11937}
{"ts": 1788492716.503648, "client": "loop-qwen30b", "model": "qwen/qwen3-30b-a3b-instruct-2507", "tag": "r3:2020-032:true", "in_tokens": 10546, "out_tokens": 1400, "est_cost": 0.000778, "latency_ms": 38544}
{"ts": 1788492722.182137, "client": "loop-qwen30b", "model": "qwen/qwen3-30b-a3b-instruct-2507", "tag": "r3:2005-087:scrambled", "in_tokens": 6228, "out_tokens": 1400, "est_cost": 0.00057, "latency_ms": 16300}
{"ts": 1788492731.7090828, "client": "loop-qwen30b", "model": "qwen/qwen3-30b-a3b-instruct-2507", "tag": "r1:1997-100:scrambled", "in_tokens": 7628, "out_tokens": 1361, "est_cost": 0.00063, "latency_ms": 15445}
{"ts": 1788492733.6433432, "client": "loop-qwen30b", "model": "qwen/qwen3-30b-a3b-instruct-2507", "tag": "r1:2020-032:scrambled", "in_tokens": 7116, "out_tokens": 1400, "est_cost": 0.000613, "latency_ms": 17053}
{"ts": 1788492738.528357, "client": "loop-qwen30b", "model": "qwen/qwen3-30b-a3b-instruct-2507", "tag": "r1:2005-087:none", "in_tokens": 2343, "out_tokens": 1242, "est_cost": 0.000353, "latency_ms": 16273}
{"ts": 1788492749.694881, "client": "loop-qwen30b", "model": "qwen/qwen3-30b-a3b-instruct-2507", "tag": "r2:1997-100:scrambled", "in_tokens": 9375, "out_tokens": 1361, "est_cost": 0.000714, "latency_ms": 17956}
{"ts": 1788492755.233623, "client": "loop-qwen30b", "model": "qwen/qwen3-30b-a3b-instruct-2507", "tag": "r2:2020-032:scrambled", "in_tokens": 8775, "out_tokens": 1400, "est_cost": 0.000693, "latency_ms": 21535}
{"ts": 1788492770.7724779, "client": "loop-qwen30b", "model": "qwen/qwen3-30b-a3b-instruct-2507", "tag": "r3:1997-100:scrambled", "in_tokens": 11133, "out_tokens": 1361, "est_cost": 0.000799, "latency_ms": 21044}
{"ts": 1788492772.3130088, "client": "loop-qwen30b", "model": "qwen/qwen3-30b-a3b-instruct-2507", "tag": "r2:2005-087:none", "in_tokens": 3612, "out_tokens": 1241, "est_cost": 0.000413, "latency_ms": 33742}
{"ts": 1788492781.681304, "client": "loop-qwen30b", "model": "qwen/qwen3-30b-a3b-instruct-2507", "tag": "r3:2020-032:scrambled", "in_tokens": 10430, "out_tokens": 1400, "est_cost": 0.000772, "latency_ms": 26375}
{"ts": 1788492788.6530292, "client": "loop-qwen30b", "model": "qwen/qwen3-30b-a3b-instruct-2507", "tag": "r1:1997-100:none", "in_tokens": 7149, "out_tokens": 1400, "est_cost": 0.000614, "latency_ms": 17799}
{"ts": 1788492789.405642, "client": "loop-qwen30b", "model": "qwen/qwen3-30b-a3b-instruct-2507", "tag": "r3:2005-087:none", "in_tokens": 4880, "out_tokens": 1241, "est_cost": 0.000475, "latency_ms": 17039}
{"ts": 1788492800.981923, "client": "loop-qwen30b", "model": "qwen/qwen3-30b-a3b-instruct-2507", "tag": "r1:2020-032:none", "in_tokens": 6888, "out_tokens": 1400, "est_cost": 0.000602, "latency_ms": 19212}
{"ts": 1788492801.017032, "client": "loop-qwen30b", "model": "qwen/qwen3-30b-a3b-instruct-2507", "tag": "r2:1997-100:none", "in_tokens": 8577, "out_tokens": 1400, "est_cost": 0.000683, "latency_ms": 12316}
{"ts": 1788492801.4231832, "client": "loop-qwen30b", "model": "qwen/qwen3-30b-a3b-instruct-2507", "tag": "r1:2005-087:half", "in_tokens": 2720, "out_tokens": 1400, "est_cost": 0.000401, "latency_ms": 11934}
{"ts": 1788492821.881391, "client": "loop-qwen30b", "model": "qwen/qwen3-30b-a3b-instruct-2507", "tag": "r2:2005-087:half", "in_tokens": 4511, "out_tokens": 1400, "est_cost": 0.000487, "latency_ms": 20392}
{"ts": 1788492822.6924548, "client": "loop-qwen30b", "model": "qwen/qwen3-30b-a3b-instruct-2507", "tag": "r3:1997-100:none", "in_tokens": 10005, "out_tokens": 1400, "est_cost": 0.000752, "latency_ms": 21632}
{"ts": 1788492826.063464, "client": "loop-qwen30b", "model": "qwen/qwen3-30b-a3b-instruct-2507", "tag": "r2:2020-032:none", "in_tokens": 8316, "out_tokens": 1400, "est_cost": 0.000671, "latency_ms": 25000}
{"ts": 1788492833.409037, "client": "loop-qwen30b", "model": "qwen/qwen3-30b-a3b-instruct-2507", "tag": "r3:2005-087:half", "in_tokens": 6303, "out_tokens": 1400, "est_cost": 0.000574, "latency_ms": 11456}
{"ts": 1788492833.612782, "client": "loop-qwen30b", "model": "qwen/qwen3-30b-a3b-instruct-2507", "tag": "r1:1997-100:half", "in_tokens": 7633, "out_tokens": 1400, "est_cost": 0.000638, "latency_ms": 10835}
{"ts": 1788492841.852857, "client": "loop-qwen30b", "model": "qwen/qwen3-30b-a3b-instruct-2507", "tag": "r3:2020-032:none", "in_tokens": 9744, "out_tokens": 1400, "est_cost": 0.000739, "latency_ms": 15742}
{"ts": 1788492846.381959, "client": "loop-qwen30b", "model": "qwen/qwen3-30b-a3b-instruct-2507", "tag": "r1:2005-087:quarter", "in_tokens": 2697, "out_tokens": 1290, "est_cost": 0.000379, "latency_ms": 12871}
{"ts": 1788492848.2710059, "client": "loop-qwen30b", "model": "qwen/qwen3-30b-a3b-instruct-2507", "tag": "r2:1997-100:half", "in_tokens": 9503, "out_tokens": 1400, "est_cost": 0.000728, "latency_ms": 14608}
{"ts": 1788492857.560464, "client": "loop-qwen30b", "model": "qwen/qwen3-30b-a3b-instruct-2507", "tag": "r1:2020-032:half", "in_tokens": 7150, "out_tokens": 1400, "est_cost": 0.000615, "latency_ms": 15591}
{"ts": 1788492863.628936, "client": "loop-qwen30b", "model": "qwen/qwen3-30b-a3b-instruct-2507", "tag": "r2:2005-087:quarter", "in_tokens": 4369, "out_tokens": 1253, "est_cost": 0.000452, "latency_ms": 17177}
{"ts": 1788492869.808605, "client": "loop-qwen30b", "model": "qwen/qwen3-30b-a3b-instruct-2507", "tag": "r3:1997-100:half", "in_tokens": 11319, "out_tokens": 1400, "est_cost": 0.000815, "latency_ms": 21488}
{"ts": 1788492874.598909, "client": "loop-qwen30b", "model": "qwen/qwen3-30b-a3b-instruct-2507", "tag": "r2:2020-032:half", "in_tokens": 8823, "out_tokens": 1400, "est_cost": 0.000695, "latency_ms": 16973}
{"ts": 1788492890.203255, "client": "loop-qwen30b", "model": "qwen/qwen3-30b-a3b-instruct-2507", "tag": "r1:1997-100:quarter", "in_tokens": 7614, "out_tokens": 1392, "est_cost": 0.000635, "latency_ms": 20331}
{"ts": 1788492893.119541, "client": "loop-qwen30b", "model": "qwen/qwen3-30b-a3b-instruct-2507", "tag": "r3:2005-087:quarter", "in_tokens": 6064, "out_tokens": 1253, "est_cost": 0.000534, "latency_ms": 29415}
{"ts": 1788492894.006248, "client": "loop-qwen30b", "model": "qwen/qwen3-30b-a3b-instruct-2507", "tag": "r3:2020-032:half", "in_tokens": 10504, "out_tokens": 1400, "est_cost": 0.000776, "latency_ms": 19332}
{"ts": 1788492910.085162, "client": "loop-qwen30b", "model": "qwen/qwen3-30b-a3b-instruct-2507", "tag": "r2:1997-100:quarter", "in_tokens": 9569, "out_tokens": 1392, "est_cost": 0.000729, "latency_ms": 19825}
{"ts": 1788492911.058541, "client": "loop-qwen30b", "model": "qwen/qwen3-30b-a3b-instruct-2507", "tag": "r1:2005-087:threequarter", "in_tokens": 2729, "out_tokens": 1400, "est_cost": 0.000402, "latency_ms": 17844}
{"ts": 1788492915.198326, "client": "loop-qwen30b", "model": "qwen/qwen3-30b-a3b-instruct-2507", "tag": "r1:2020-032:quarter", "in_tokens": 7112, "out_tokens": 1400, "est_cost": 0.000613, "latency_ms": 21080}
{"ts": 1788492924.388544, "client": "loop-qwen30b", "model": "qwen/qwen3-30b-a3b-instruct-2507", "tag": "r2:2005-087:threequarter", "in_tokens": 4558, "out_tokens": 1400, "est_cost": 0.00049, "latency_ms": 13272}
{"ts": 1788492925.242082, "client": "loop-qwen30b", "model": "qwen/qwen3-30b-a3b-instruct-2507", "tag": "r3:1997-100:quarter", "in_tokens": 11507, "out_tokens": 1392, "est_cost": 0.000823, "latency_ms": 15116}
{"ts": 1788492950.263257, "client": "loop-qwen30b", "model": "qwen/qwen3-30b-a3b-instruct-2507", "tag": "r1:1997-100:threequarter", "in_tokens": 7625, "out_tokens": 1380, "est_cost": 0.000634, "latency_ms": 24954}
{"ts": 1788492950.911032, "client": "loop-qwen30b", "model": "qwen/qwen3-30b-a3b-instruct-2507", "tag": "r2:2020-032:quarter", "in_tokens": 8771, "out_tokens": 1400, "est_cost": 0.000693, "latency_ms": 35642}
{"ts": 1788492956.9562361, "client": "loop-qwen30b", "model": "qwen/qwen3-30b-a3b-instruct-2507", "tag": "r3:2005-087:threequarter", "in_tokens": 6392, "out_tokens": 1400, "est_cost": 0.000578, "latency_ms": 32501}
{"ts": 1788492962.981408, "client": "loop-qwen30b", "model": "qwen/qwen3-30b-a3b-instruct-2507", "tag": "r2:1997-100:threequarter", "in_tokens": 9574, "out_tokens": 1187, "est_cost": 0.00069, "latency_ms": 12664}
{"ts": 1788492967.049221, "client": "loop-qwen30b", "model": "qwen/qwen3-30b-a3b-instruct-2507", "tag": "r3:2020-032:quarter", "in_tokens": 10477, "out_tokens": 1400, "est_cost": 0.000775, "latency_ms": 16097}
{"ts": 1788492972.051455, "client": "loop-qwen30b", "model": "qwen/qwen3-30b-a3b-instruct-2507", "tag": "r1:2005-087:passage", "in_tokens": 3293, "out_tokens": 1275, "est_cost": 0.000405, "latency_ms": 14968}
{"ts": 1788492981.6204648, "client": "loop-qwen30b", "model": "qwen/qwen3-30b-a3b-instruct-2507", "tag": "r3:1997-100:threequarter", "in_tokens": 11175, "out_tokens": 1187, "est_cost": 0.000767, "latency_ms": 18603}
{"ts": 1788492988.149896, "client": "loop-qwen30b", "model": "qwen/qwen3-30b-a3b-instruct-2507", "tag": "r2:2005-087:passage", "in_tokens": 5020, "out_tokens": 1353, "est_cost": 0.000503, "latency_ms": 16054}
{"ts": 1788492991.2550888, "client": "loop-qwen30b", "model": "qwen/qwen3-30b-a3b-instruct-2507", "tag": "r1:2020-032:threequarter", "in_tokens": 7137, "out_tokens": 1400, "est_cost": 0.000614, "latency_ms": 24088}
{"ts": 1788493009.326349, "client": "loop-qwen30b", "model": "qwen/qwen3-30b-a3b-instruct-2507", "tag": "r2:2020-032:threequarter", "in_tokens": 8821, "out_tokens": 1400, "est_cost": 0.000695, "latency_ms": 17994}
{"ts": 1788493010.3537018, "client": "loop-qwen30b", "model": "qwen/qwen3-30b-a3b-instruct-2507", "tag": "r1:1997-100:passage", "in_tokens": 8090, "out_tokens": 1317, "est_cost": 0.000644, "latency_ms": 28641}
{"ts": 1788493010.632616, "client": "loop-qwen30b", "model": "qwen/qwen3-30b-a3b-instruct-2507", "tag": "r3:2005-087:passage", "in_tokens": 6645, "out_tokens": 1353, "est_cost": 0.000581, "latency_ms": 22363}
{"ts": 1788493027.29389, "client": "loop-qwen30b", "model": "qwen/qwen3-30b-a3b-instruct-2507", "tag": "r2:1997-100:passage", "in_tokens": 10229, "out_tokens": 1317, "est_cost": 0.000747, "latency_ms": 16864}
{"ts": 1788493027.5648708, "client": "loop-qwen30b", "model": "qwen/qwen3-30b-a3b-instruct-2507", "tag": "r3:2020-032:threequarter", "in_tokens": 10505, "out_tokens": 1400, "est_cost": 0.000776, "latency_ms": 18149}
{"ts": 1788493030.768592, "client": "loop-qwen30b", "model": "qwen/qwen3-30b-a3b-instruct-2507", "tag": "r1:2012-031:true", "in_tokens": 7066, "out_tokens": 1383, "est_cost": 0.000607, "latency_ms": 19998}
{"ts": 1788493042.09499, "client": "loop-qwen30b", "model": "qwen/qwen3-30b-a3b-instruct-2507", "tag": "r3:1997-100:passage", "in_tokens": 12368, "out_tokens": 1317, "est_cost": 0.00085, "latency_ms": 14732}
{"ts": 1788493043.7459798, "client": "loop-qwen30b", "model": "qwen/qwen3-30b-a3b-instruct-2507", "tag": "r1:2020-032:passage", "in_tokens": 7566, "out_tokens": 1400, "est_cost": 0.000635, "latency_ms": 16052}
{"ts": 1788493045.317387, "client": "loop-qwen30b", "model": "qwen/qwen3-30b-a3b-instruct-2507", "tag": "r2:2012-031:true", "in_tokens": 8745, "out_tokens": 1383, "est_cost": 0.000688, "latency_ms": 14486}
{"ts": 1788493069.7069619, "client": "loop-qwen30b", "model": "qwen/qwen3-30b-a3b-instruct-2507", "tag": "r1:2000-071:true", "in_tokens": 6920, "out_tokens": 1400, "est_cost": 0.000603, "latency_ms": 27473}
{"ts": 1788493072.299712, "client": "loop-qwen30b", "model": "qwen/qwen3-30b-a3b-instruct-2507", "tag": "r3:2012-031:true", "in_tokens": 10424, "out_tokens": 1383, "est_cost": 0.000769, "latency_ms": 26896}
{"ts": 1788493072.315427, "client": "loop-qwen30b", "model": "qwen/qwen3-30b-a3b-instruct-2507", "tag": "r2:2020-032:passage", "in_tokens": 9668, "out_tokens": 1400, "est_cost": 0.000736, "latency_ms": 28510}
{"ts": 1788493087.388375, "client": "loop-qwen30b", "model": "qwen/qwen3-30b-a3b-instruct-2507", "tag": "r2:2000-071:true", "in_tokens": 9063, "out_tokens": 1400, "est_cost": 0.000707, "latency_ms": 17587}
{"ts": 1788493090.690997, "client": "loop-qwen30b", "model": "qwen/qwen3-30b-a3b-instruct-2507", "tag": "r3:2020-032:passage", "in_tokens": 11770, "out_tokens": 1400, "est_cost": 0.000837, "latency_ms": 18330}
{"ts": 1788493090.69263, "client": "loop-qwen30b", "model": "qwen/qwen3-30b-a3b-instruct-2507", "tag": "r1:2012-031:scrambled", "in_tokens": 7011, "out_tokens": 1400, "est_cost": 0.000608, "latency_ms": 18278}
{"ts": 1788493104.604355, "client": "loop-qwen30b", "model": "qwen/qwen3-30b-a3b-instruct-2507", "tag": "r3:2000-071:true", "in_tokens": 11206, "out_tokens": 1400, "est_cost": 0.00081, "latency_ms": 17145}
{"ts": 1788493108.794379, "client": "loop-qwen30b", "model": "qwen/qwen3-30b-a3b-instruct-2507", "tag": "r2:2012-031:scrambled", "in_tokens": 8744, "out_tokens": 1400, "est_cost": 0.000691, "latency_ms": 18024}
{"ts": 1788493119.603078, "client": "loop-qwen30b", "model": "qwen/qwen3-30b-a3b-instruct-2507", "tag": "r1:2015-055:true", "in_tokens": 7550, "out_tokens": 1400, "est_cost": 0.000634, "latency_ms": 28770}
{"ts": 1788493131.034911, "client": "loop-qwen30b", "model": "qwen/qwen3-30b-a3b-instruct-2507", "tag": "r1:2000-071:scrambled", "in_tokens": 6871, "out_tokens": 1400, "est_cost": 0.000601, "latency_ms": 26296}
{"ts": 1788493136.604009, "client": "loop-qwen30b", "model": "qwen/qwen3-30b-a3b-instruct-2507", "tag": "r2:2015-055:true", "in_tokens": 9562, "out_tokens": 1400, "est_cost": 0.000731, "latency_ms": 16945}
{"ts": 1788493140.718838, "client": "loop-qwen30b", "model": "qwen/qwen3-30b-a3b-instruct-2507", "tag": "r3:2012-031:scrambled", "in_tokens": 10478, "out_tokens": 1400, "est_cost": 0.000775, "latency_ms": 31840}
{"ts": 1788493146.079941, "client": "loop-qwen30b", "model": "qwen/qwen3-30b-a3b-instruct-2507", "tag": "r2:2000-071:scrambled", "in_tokens": 8828, "out_tokens": 1400, "est_cost": 0.000695, "latency_ms": 14959}
{"ts": 1788493162.275191, "client": "loop-qwen30b", "model": "qwen/qwen3-30b-a3b-instruct-2507", "tag": "r3:2015-055:true", "in_tokens": 11574, "out_tokens": 1400, "est_cost": 0.000828, "latency_ms": 25603}
{"ts": 1788493167.210774, "client": "loop-qwen30b", "model": "qwen/qwen3-30b-a3b-instruct-2507", "tag": "r3:2000-071:scrambled", "in_tokens": 10779, "out_tokens": 1400, "est_cost": 0.000789, "latency_ms": 21045}
{"ts": 1788493191.083154, "client": "loop-qwen30b", "model": "qwen/qwen3-30b-a3b-instruct-2507", "tag": "r1:2015-055:scrambled", "in_tokens": 7475, "out_tokens": 1400, "est_cost": 0.00063, "latency_ms": 28699}
{"ts": 1788493193.890659, "client": "loop-qwen30b", "model": "qwen/qwen3-30b-a3b-instruct-2507", "tag": "r1:2000-071:none", "in_tokens": 6349, "out_tokens": 1400, "est_cost": 0.000576, "latency_ms": 26536}
{"ts": 1788493207.942942, "client": "loop-qwen30b", "model": "qwen/qwen3-30b-a3b-instruct-2507", "tag": "r2:2015-055:scrambled", "in_tokens": 9372, "out_tokens": 1400, "est_cost": 0.000722, "latency_ms": 16791}
{"ts": 1788493209.634432, "client": "loop-qwen30b", "model": "qwen/qwen3-30b-a3b-instruct-2507", "tag": "r2:2000-071:none", "in_tokens": 7777, "out_tokens": 1400, "est_cost": 0.000645, "latency_ms": 15680}
{"ts": 1788493224.958223, "client": "loop-qwen30b", "model": "qwen/qwen3-30b-a3b-instruct-2507", "tag": "r3:2015-055:scrambled", "in_tokens": 11358, "out_tokens": 1333, "est_cost": 0.000804, "latency_ms": 16930}
{"ts": 1788493226.020837, "client": "loop-qwen30b", "model": "qwen/qwen3-30b-a3b-instruct-2507", "tag": "r3:2000-071:none", "in_tokens": 9205, "out_tokens": 1400, "est_cost": 0.000713, "latency_ms": 16321}
{"ts": 1788493244.16248, "client": "loop-qwen30b", "model": "qwen/qwen3-30b-a3b-instruct-2507", "tag": "r1:2000-071:half", "in_tokens": 6902, "out_tokens": 1400, "est_cost": 0.000603, "latency_ms": 18047}
{"ts": 1788493256.419531, "client": "loop-qwen30b", "model": "qwen/qwen3-30b-a3b-instruct-2507", "tag": "r1:2012-031:none", "in_tokens": 6706, "out_tokens": 1400, "est_cost": 0.000593, "latency_ms": 115559}
{"ts": 1788493261.7636878, "client": "loop-qwen30b", "model": "qwen/qwen3-30b-a3b-instruct-2507", "tag": "r2:2000-071:half", "in_tokens": 8923, "out_tokens": 1400, "est_cost": 0.0007, "latency_ms": 17530}
{"ts": 1788493271.895576, "client": "loop-qwen30b", "model": "qwen/qwen3-30b-a3b-instruct-2507", "tag": "r2:2012-031:none", "in_tokens": 8134, "out_tokens": 1400, "est_cost": 0.000662, "latency_ms": 15403}
{"ts": 1788493278.874843, "client": "loop-qwen30b", "model": "qwen/qwen3-30b-a3b-instruct-2507", "tag": "r3:2000-071:half", "in_tokens": 10926, "out_tokens": 1400, "est_cost": 0.000796, "latency_ms": 17043}
{"ts": 1788493287.473763, "client": "loop-qwen30b", "model": "qwen/qwen3-30b-a3b-instruct-2507", "tag": "r3:2012-031:none", "in_tokens": 9562, "out_tokens": 1400, "est_cost": 0.000731, "latency_ms": 15493}
{"ts": 1788493289.6154492, "client": "loop-qwen30b", "model": "qwen/qwen3-30b-a3b-instruct-2507", "tag": "r1:2000-071:quarter", "in_tokens": 6868, "out_tokens": 1136, "est_cost": 0.00055, "latency_ms": 10610}
{"ts": 1788493302.714637, "client": "loop-qwen30b", "model": "qwen/qwen3-30b-a3b-instruct-2507", "tag": "r2:2000-071:quarter", "in_tokens": 8444, "out_tokens": 1131, "est_cost": 0.000625, "latency_ms": 13011}
{"ts": 1788493303.05143, "client": "loop-qwen30b", "model": "qwen/qwen3-30b-a3b-instruct-2507", "tag": "r1:2015-055:none", "in_tokens": 6957, "out_tokens": 1400, "est_cost": 0.000605, "latency_ms": 77987}
{"ts": 1788493309.6290061, "client": "loop-qwen30b", "model": "qwen/qwen3-30b-a3b-instruct-2507", "tag": "r1:2012-031:half", "in_tokens": 7036, "out_tokens": 1400, "est_cost": 0.000609, "latency_ms": 21985}
{"ts": 1788493314.0227551, "client": "loop-qwen30b", "model": "qwen/qwen3-30b-a3b-instruct-2507", "tag": "r3:2000-071:quarter", "in_tokens": 10030, "out_tokens": 1126, "est_cost": 0.0007, "latency_ms": 11241}
{"ts": 1788493322.9710238, "client": "loop-qwen30b", "model": "qwen/qwen3-30b-a3b-instruct-2507", "tag": "r2:2012-031:half", "in_tokens": 8813, "out_tokens": 1400, "est_cost": 0.000695, "latency_ms": 12893}
{"ts": 1788493329.758626, "client": "loop-qwen30b", "model": "qwen/qwen3-30b-a3b-instruct-2507", "tag": "r1:2000-071:threequarter", "in_tokens": 6896, "out_tokens": 1373, "est_cost": 0.000597, "latency_ms": 15556}
{"ts": 1788493336.297081, "client": "loop-qwen30b", "model": "qwen/qwen3-30b-a3b-instruct-2507", "tag": "r3:2012-031:half", "in_tokens": 10603, "out_tokens": 1400, "est_cost": 0.000781, "latency_ms": 13245}
{"ts": 1788493348.105963, "client": "loop-qwen30b", "model": "qwen/qwen3-30b-a3b-instruct-2507", "tag": "r2:2000-071:threequarter", "in_tokens": 8875, "out_tokens": 1370, "est_cost": 0.000692, "latency_ms": 18280}
{"ts": 1788493352.0672371, "client": "loop-qwen30b", "model": "qwen/qwen3-30b-a3b-instruct-2507", "tag": "r1:2012-031:quarter", "in_tokens": 7031, "out_tokens": 1400, "est_cost": 0.000609, "latency_ms": 15600}
{"ts": 1788493370.8388858, "client": "loop-qwen30b", "model": "qwen/qwen3-30b-a3b-instruct-2507", "tag": "r2:2012-031:quarter", "in_tokens": 8775, "out_tokens": 1400, "est_cost": 0.000693, "latency_ms": 18680}
{"ts": 1788493373.097663, "client": "loop-qwen30b", "model": "qwen/qwen3-30b-a3b-instruct-2507", "tag": "r3:2000-071:threequarter", "in_tokens": 10830, "out_tokens": 1375, "est_cost": 0.000787, "latency_ms": 24921}
{"ts": 1788493389.7391412, "client": "loop-qwen30b", "model": "qwen/qwen3-30b-a3b-instruct-2507", "tag": "r1:2000-071:passage", "in_tokens": 7598, "out_tokens": 1347, "est_cost": 0.000626, "latency_ms": 16269}
{"ts": 1788493395.884628, "client": "loop-qwen30b", "model": "qwen/qwen3-30b-a3b-instruct-2507", "tag": "r3:2012-031:quarter", "in_tokens": 10520, "out_tokens": 1400, "est_cost": 0.000777, "latency_ms": 23813}
{"ts": 1788493406.484884, "client": "loop-qwen30b", "model": "qwen/qwen3-30b-a3b-instruct-2507", "tag": "r2:2000-071:passage", "in_tokens": 9862, "out_tokens": 1400, "est_cost": 0.000745, "latency_ms": 16367}
{"ts": 1788493413.6325388, "client": "loop-qwen30b", "model": "qwen/qwen3-30b-a3b-instruct-2507", "tag": "r1:2012-031:threequarter", "in_tokens": 7044, "out_tokens": 1335, "est_cost": 0.000597, "latency_ms": 17361}
{"ts": 1788493430.230484, "client": "loop-qwen30b", "model": "qwen/qwen3-30b-a3b-instruct-2507", "tag": "r2:2012-031:threequarter", "in_tokens": 8664, "out_tokens": 1318, "est_cost": 0.000672, "latency_ms": 16297}
{"ts": 1788493433.57313, "client": "loop-qwen30b", "model": "qwen/qwen3-30b-a3b-instruct-2507", "tag": "r3:2000-071:passage", "in_tokens": 11438, "out_tokens": 1400, "est_cost": 0.000821, "latency_ms": 26471}
{"ts": 1788493447.963459, "client": "loop-qwen30b", "model": "qwen/qwen3-30b-a3b-instruct-2507", "tag": "r3:2012-031:threequarter", "in_tokens": 10254, "out_tokens": 1318, "est_cost": 0.000748, "latency_ms": 17466}
{"ts": 1788493451.13627, "client": "loop-qwen30b", "model": "qwen/qwen3-30b-a3b-instruct-2507", "tag": "r1:2012-029:true", "in_tokens": 7495, "out_tokens": 1199, "est_cost": 0.000592, "latency_ms": 16606}
{"ts": 1788493469.786371, "client": "loop-qwen30b", "model": "qwen/qwen3-30b-a3b-instruct-2507", "tag": "r2:2012-029:true", "in_tokens": 9118, "out_tokens": 1073, "est_cost": 0.000646, "latency_ms": 18597}
{"ts": 1788493487.594861, "client": "loop-qwen30b", "model": "qwen/qwen3-30b-a3b-instruct-2507", "tag": "r3:2012-029:true", "in_tokens": 10634, "out_tokens": 960, "est_cost": 0.000697, "latency_ms": 17762}
{"ts": 1788493503.836192, "client": "loop-qwen30b", "model": "qwen/qwen3-30b-a3b-instruct-2507", "tag": "r1:2012-031:passage", "in_tokens": 7373, "out_tokens": 1400, "est_cost": 0.000625, "latency_ms": 55612}
{"ts": 1788493505.7556212, "client": "loop-qwen30b", "model": "qwen/qwen3-30b-a3b-instruct-2507", "tag": "r1:2012-029:scrambled", "in_tokens": 7452, "out_tokens": 1354, "est_cost": 0.00062, "latency_ms": 18096}
{"ts": 1788493520.742579, "client": "loop-qwen30b", "model": "qwen/qwen3-30b-a3b-instruct-2507", "tag": "r2:2012-031:passage", "in_tokens": 9313, "out_tokens": 1400, "est_cost": 0.000719, "latency_ms": 16561}
{"ts": 1788493521.655039, "client": "loop-qwen30b", "model": "qwen/qwen3-30b-a3b-instruct-2507", "tag": "r2:2012-029:scrambled", "in_tokens": 9178, "out_tokens": 1348, "est_cost": 0.000702, "latency_ms": 15855}
{"ts": 1788493549.181412, "client": "loop-qwen30b", "model": "qwen/qwen3-30b-a3b-instruct-2507", "tag": "r3:2012-029:scrambled", "in_tokens": 10857, "out_tokens": 1350, "est_cost": 0.000783, "latency_ms": 27493}
{"ts": 1788493550.388863, "client": "loop-qwen30b", "model": "qwen/qwen3-30b-a3b-instruct-2507", "tag": "r3:2012-031:passage", "in_tokens": 11253, "out_tokens": 1400, "est_cost": 0.000812, "latency_ms": 29563}
{"ts": 1788493574.692055, "client": "loop-qwen30b", "model": "qwen/qwen3-30b-a3b-instruct-2507", "tag": "r1:2011-010:true", "in_tokens": 8004, "out_tokens": 1400, "est_cost": 0.000656, "latency_ms": 24060}
{"ts": 1788493576.19949, "client": "loop-qwen30b", "model": "qwen/qwen3-30b-a3b-instruct-2507", "tag": "r1:2012-029:none", "in_tokens": 7152, "out_tokens": 1180, "est_cost": 0.000572, "latency_ms": 26948}
{"ts": 1788493592.874073, "client": "loop-qwen30b", "model": "qwen/qwen3-30b-a3b-instruct-2507", "tag": "r2:2012-029:none", "in_tokens": 8359, "out_tokens": 1180, "est_cost": 0.00063, "latency_ms": 16639}
{"ts": 1788493594.0826921, "client": "loop-qwen30b", "model": "qwen/qwen3-30b-a3b-instruct-2507", "tag": "r2:2011-010:true", "in_tokens": 9819, "out_tokens": 1400, "est_cost": 0.000743, "latency_ms": 19339}
{"ts": 1788493612.6523972, "client": "loop-qwen30b", "model": "qwen/qwen3-30b-a3b-instruct-2507", "tag": "r3:2012-029:none", "in_tokens": 9566, "out_tokens": 1180, "est_cost": 0.000688, "latency_ms": 19736}
{"ts": 1788493614.2948532, "client": "loop-qwen30b", "model": "qwen/qwen3-30b-a3b-instruct-2507", "tag": "r3:2011-010:true", "in_tokens": 11634, "out_tokens": 1400, "est_cost": 0.00083, "latency_ms": 20164}
{"ts": 1788493631.172883, "client": "loop-qwen30b", "model": "qwen/qwen3-30b-a3b-instruct-2507", "tag": "r1:2012-029:half", "in_tokens": 7484, "out_tokens": 1354, "est_cost": 0.000622, "latency_ms": 18458}
{"ts": 1788493632.91035, "client": "loop-qwen30b", "model": "qwen/qwen3-30b-a3b-instruct-2507", "tag": "r1:2011-010:scrambled", "in_tokens": 7934, "out_tokens": 1400, "est_cost": 0.000652, "latency_ms": 18513}
{"ts": 1788493649.1262531, "client": "loop-qwen30b", "model": "qwen/qwen3-30b-a3b-instruct-2507", "tag": "r2:2012-029:half", "in_tokens": 9220, "out_tokens": 1354, "est_cost": 0.000705, "latency_ms": 17914}
{"ts": 1788493653.7293382, "client": "loop-qwen30b", "model": "qwen/qwen3-30b-a3b-instruct-2507", "tag": "r2:2011-010:scrambled", "in_tokens": 9693, "out_tokens": 1400, "est_cost": 0.000737, "latency_ms": 20766}
{"ts": 1788493657.2981849, "client": "loop-qwen30b", "model": "qwen/qwen3-30b-a3b-instruct-2507", "tag": "r2:2015-055:none", "in_tokens": 8385, "out_tokens": 1400, "est_cost": 0.000674, "latency_ms": 354127}
{"ts": 1788493668.6242821, "client": "loop-qwen30b", "model": "qwen/qwen3-30b-a3b-instruct-2507", "tag": "r3:2012-029:half", "in_tokens": 10979, "out_tokens": 1354, "est_cost": 0.00079, "latency_ms": 19465}
{"ts": 1788493674.813968, "client": "loop-qwen30b", "model": "qwen/qwen3-30b-a3b-instruct-2507", "tag": "r3:2011-010:scrambled", "in_tokens": 11485, "out_tokens": 1400, "est_cost": 0.000823, "latency_ms": 21023}
{"ts": 1788493688.085407, "client": "loop-qwen30b", "model": "qwen/qwen3-30b-a3b-instruct-2507", "tag": "r1:2012-029:quarter", "in_tokens": 7453, "out_tokens": 1311, "est_cost": 0.000612, "latency_ms": 19388}
{"ts": 1788493690.8047109, "client": "loop-qwen30b", "model": "qwen/qwen3-30b-a3b-instruct-2507", "tag": "r1:2011-010:none", "in_tokens": 7617, "out_tokens": 1400, "est_cost": 0.000637, "latency_ms": 15865}
{"ts": 1788493714.798271, "client": "loop-qwen30b", "model": "qwen/qwen3-30b-a3b-instruct-2507", "tag": "r2:2011-010:none", "in_tokens": 9045, "out_tokens": 1400, "est_cost": 0.000706, "latency_ms": 23946}
{"ts": 1788493725.959959, "client": "loop-qwen30b", "model": "qwen/qwen3-30b-a3b-instruct-2507", "tag": "r2:2012-029:quarter", "in_tokens": 9095, "out_tokens": 1311, "est_cost": 0.000691, "latency_ms": 37837}
{"ts": 1788493731.242527, "client": "loop-qwen30b", "model": "qwen/qwen3-30b-a3b-instruct-2507", "tag": "r3:2011-010:none", "in_tokens": 10473, "out_tokens": 1400, "est_cost": 0.000775, "latency_ms": 16396}
{"ts": 1788493750.9176629, "client": "loop-qwen30b", "model": "qwen/qwen3-30b-a3b-instruct-2507", "tag": "r1:2011-010:half", "in_tokens": 7991, "out_tokens": 1400, "est_cost": 0.000655, "latency_ms": 19178}
{"ts": 1788493755.9295611, "client": "loop-qwen30b", "model": "qwen/qwen3-30b-a3b-instruct-2507", "tag": "r3:2012-029:quarter", "in_tokens": 10737, "out_tokens": 1311, "est_cost": 0.00077, "latency_ms": 29933}
{"ts": 1788493771.3186939, "client": "loop-qwen30b", "model": "qwen/qwen3-30b-a3b-instruct-2507", "tag": "r2:2011-010:half", "in_tokens": 9779, "out_tokens": 1400, "est_cost": 0.000741, "latency_ms": 20315}
{"ts": 1788493774.3499641, "client": "loop-qwen30b", "model": "qwen/qwen3-30b-a3b-instruct-2507", "tag": "r2:2012-029:threequarter", "in_tokens": 9108, "out_tokens": 1199, "est_cost": 0.00067, "latency_ms": 18195}
{"ts": 1788493790.461579, "client": "loop-qwen30b", "model": "qwen/qwen3-30b-a3b-instruct-2507", "tag": "r3:2011-010:half", "in_tokens": 11572, "out_tokens": 1400, "est_cost": 0.000827, "latency_ms": 19085}
{"ts": 1788493791.9487329, "client": "loop-qwen30b", "model": "qwen/qwen3-30b-a3b-instruct-2507", "tag": "r3:2012-029:threequarter", "in_tokens": 10709, "out_tokens": 1199, "est_cost": 0.000747, "latency_ms": 17551}
{"ts": 1788493808.464427, "client": "loop-qwen30b", "model": "qwen/qwen3-30b-a3b-instruct-2507", "tag": "r1:2011-010:quarter", "in_tokens": 7995, "out_tokens": 1400, "est_cost": 0.000655, "latency_ms": 17889}
{"ts": 1788493809.2920861, "client": "loop-qwen30b", "model": "qwen/qwen3-30b-a3b-instruct-2507", "tag": "r1:2012-029:passage", "in_tokens": 7751, "out_tokens": 1302, "est_cost": 0.000625, "latency_ms": 17225}
{"ts": 1788493827.031523, "client": "loop-qwen30b", "model": "qwen/qwen3-30b-a3b-instruct-2507", "tag": "r2:2011-010:quarter", "in_tokens": 9787, "out_tokens": 1400, "est_cost": 0.000742, "latency_ms": 18516}
{"ts": 1788493838.757306, "client": "loop-qwen30b", "model": "qwen/qwen3-30b-a3b-instruct-2507", "tag": "r2:2012-029:passage", "in_tokens": 9843, "out_tokens": 1235, "est_cost": 0.000712, "latency_ms": 29424}
{"ts": 1788493848.486599, "client": "loop-qwen30b", "model": "qwen/qwen3-30b-a3b-instruct-2507", "tag": "r3:2011-010:quarter", "in_tokens": 11582, "out_tokens": 1400, "est_cost": 0.000828, "latency_ms": 21405}
{"ts": 1788493855.5741, "client": "loop-qwen30b", "model": "qwen/qwen3-30b-a3b-instruct-2507", "tag": "r3:2012-029:passage", "in_tokens": 11827, "out_tokens": 1235, "est_cost": 0.000808, "latency_ms": 16768}
{"ts": 1788493872.794914, "client": "loop-qwen30b", "model": "qwen/qwen3-30b-a3b-instruct-2507", "tag": "r2:2011-010:threequarter", "in_tokens": 9816, "out_tokens": 1400, "est_cost": 0.000743, "latency_ms": 24177}
{"ts": 1788493873.0844579, "client": "loop-qwen30b", "model": "qwen/qwen3-30b-a3b-instruct-2507", "tag": "r1:1999-051:true", "in_tokens": 3930, "out_tokens": 1311, "est_cost": 0.000442, "latency_ms": 17384}
{"ts": 1788493889.928671, "client": "loop-qwen30b", "model": "qwen/qwen3-30b-a3b-instruct-2507", "tag": "r2:1999-051:true", "in_tokens": 5594, "out_tokens": 1312, "est_cost": 0.000523, "latency_ms": 16798}
{"ts": 1788493898.946197, "client": "loop-qwen30b", "model": "qwen/qwen3-30b-a3b-instruct-2507", "tag": "r3:2011-010:threequarter", "in_tokens": 11620, "out_tokens": 1400, "est_cost": 0.00083, "latency_ms": 26106}
{"ts": 1788493910.86866, "client": "loop-qwen30b", "model": "qwen/qwen3-30b-a3b-instruct-2507", "tag": "r3:1999-051:true", "in_tokens": 7260, "out_tokens": 1312, "est_cost": 0.000603, "latency_ms": 20878}
{"ts": 1788493919.268932, "client": "loop-qwen30b", "model": "qwen/qwen3-30b-a3b-instruct-2507", "tag": "r1:2011-010:passage", "in_tokens": 8638, "out_tokens": 1400, "est_cost": 0.000686, "latency_ms": 20179}
{"ts": 1788493930.4968178, "client": "loop-qwen30b", "model": "qwen/qwen3-30b-a3b-instruct-2507", "tag": "r1:1999-051:scrambled", "in_tokens": 3877, "out_tokens": 1400, "est_cost": 0.000457, "latency_ms": 19551}
{"ts": 1788493937.245507, "client": "loop-qwen30b", "model": "qwen/qwen3-30b-a3b-instruct-2507", "tag": "r2:2011-010:passage", "in_tokens": 10974, "out_tokens": 1400, "est_cost": 0.000799, "latency_ms": 17922}
{"ts": 1788493964.2355578, "client": "loop-qwen30b", "model": "qwen/qwen3-30b-a3b-instruct-2507", "tag": "r2:1999-051:scrambled", "in_tokens": 5568, "out_tokens": 1400, "est_cost": 0.000538, "latency_ms": 33692}
{"ts": 1788493970.3928928, "client": "loop-qwen30b", "model": "qwen/qwen3-30b-a3b-instruct-2507", "tag": "r3:2011-010:passage", "in_tokens": 13310, "out_tokens": 1400, "est_cost": 0.000911, "latency_ms": 33086}
{"ts": 1788493982.699098, "client": "loop-qwen30b", "model": "qwen/qwen3-30b-a3b-instruct-2507", "tag": "r3:1999-051:scrambled", "in_tokens": 7259, "out_tokens": 1400, "est_cost": 0.00062, "latency_ms": 18382}
{"ts": 1788493983.633931, "client": "loop-qwen30b", "model": "qwen/qwen3-30b-a3b-instruct-2507", "tag": "r3:2015-055:none", "in_tokens": 9813, "out_tokens": 1400, "est_cost": 0.000743, "latency_ms": 326022}
{"ts": 1788493987.918159, "client": "loop-qwen30b", "model": "qwen/qwen3-30b-a3b-instruct-2507", "tag": "r1:2005-074:true", "in_tokens": 8010, "out_tokens": 1400, "est_cost": 0.000656, "latency_ms": 17364}
{"ts": 1788494001.093459, "client": "loop-qwen30b", "model": "qwen/qwen3-30b-a3b-instruct-2507", "tag": "r1:1999-051:none", "in_tokens": 3614, "out_tokens": 1257, "est_cost": 0.000417, "latency_ms": 18283}
{"ts": 1788494004.90417, "client": "loop-qwen30b", "model": "qwen/qwen3-30b-a3b-instruct-2507", "tag": "r2:2005-074:true", "in_tokens": 9982, "out_tokens": 1400, "est_cost": 0.000751, "latency_ms": 16883}
{"ts": 1788494034.804846, "client": "loop-qwen30b", "model": "qwen/qwen3-30b-a3b-instruct-2507", "tag": "r3:2005-074:true", "in_tokens": 11954, "out_tokens": 1400, "est_cost": 0.000846, "latency_ms": 29830}
{"ts": 1788494038.8075619, "client": "loop-qwen30b", "model": "qwen/qwen3-30b-a3b-instruct-2507", "tag": "r2:1999-051:none", "in_tokens": 4898, "out_tokens": 1257, "est_cost": 0.000479, "latency_ms": 37655}
{"ts": 1788494052.7613492, "client": "loop-qwen30b", "model": "qwen/qwen3-30b-a3b-instruct-2507", "tag": "r3:1999-051:none", "in_tokens": 6182, "out_tokens": 1257, "est_cost": 0.00054, "latency_ms": 13868}
{"ts": 1788494054.8861802, "client": "loop-qwen30b", "model": "qwen/qwen3-30b-a3b-instruct-2507", "tag": "r1:2005-074:scrambled", "in_tokens": 7951, "out_tokens": 1400, "est_cost": 0.000653, "latency_ms": 19736}
{"ts": 1788494088.043139, "client": "loop-qwen30b", "model": "qwen/qwen3-30b-a3b-instruct-2507", "tag": "r1:1999-051:half", "in_tokens": 3897, "out_tokens": 1314, "est_cost": 0.000441, "latency_ms": 35157}
{"ts": 1788494093.3025222, "client": "loop-qwen30b", "model": "qwen/qwen3-30b-a3b-instruct-2507", "tag": "r2:2005-074:scrambled", "in_tokens": 9806, "out_tokens": 1400, "est_cost": 0.000742, "latency_ms": 38364}
{"ts": 1788494110.86862, "client": "loop-qwen30b", "model": "qwen/qwen3-30b-a3b-instruct-2507", "tag": "r3:2005-074:scrambled", "in_tokens": 11659, "out_tokens": 1400, "est_cost": 0.000832, "latency_ms": 17469}
{"ts": 1788494125.553183, "client": "loop-qwen30b", "model": "qwen/qwen3-30b-a3b-instruct-2507", "tag": "r2:1999-051:half", "in_tokens": 5514, "out_tokens": 1314, "est_cost": 0.000519, "latency_ms": 36912}
{"ts": 1788494145.680397, "client": "loop-qwen30b", "model": "qwen/qwen3-30b-a3b-instruct-2507", "tag": "r3:1999-051:half", "in_tokens": 7127, "out_tokens": 1314, "est_cost": 0.000597, "latency_ms": 20009}
{"ts": 1788494159.2779992, "client": "loop-qwen30b", "model": "qwen/qwen3-30b-a3b-instruct-2507", "tag": "r1:1999-051:quarter", "in_tokens": 3907, "out_tokens": 1114, "est_cost": 0.000403, "latency_ms": 13514}
{"ts": 1788494164.857161, "client": "loop-qwen30b", "model": "qwen/qwen3-30b-a3b-instruct-2507", "tag": "r1:2005-074:none", "in_tokens": 7524, "out_tokens": 1400, "est_cost": 0.000633, "latency_ms": 53610}
{"ts": 1788494171.75107, "client": "loop-qwen30b", "model": "qwen/qwen3-30b-a3b-instruct-2507", "tag": "r2:1999-051:quarter", "in_tokens": 5280, "out_tokens": 1047, "est_cost": 0.000456, "latency_ms": 12428}
{"ts": 1788494183.4185998, "client": "loop-qwen30b", "model": "qwen/qwen3-30b-a3b-instruct-2507", "tag": "r3:1999-051:quarter", "in_tokens": 6587, "out_tokens": 1047, "est_cost": 0.000519, "latency_ms": 11492}
{"ts": 1788494185.540502, "client": "loop-qwen30b", "model": "qwen/qwen3-30b-a3b-instruct-2507", "tag": "r2:2005-074:none", "in_tokens": 8952, "out_tokens": 1400, "est_cost": 0.000701, "latency_ms": 20544}
{"ts": 1788494209.238803, "client": "loop-qwen30b", "model": "qwen/qwen3-30b-a3b-instruct-2507", "tag": "r1:1999-051:threequarter", "in_tokens": 3918, "out_tokens": 1160, "est_cost": 0.000413, "latency_ms": 25717}
{"ts": 1788494215.4308832, "client": "loop-qwen30b", "model": "qwen/qwen3-30b-a3b-instruct-2507", "tag": "r3:2005-074:none", "in_tokens": 10380, "out_tokens": 1400, "est_cost": 0.00077, "latency_ms": 29836}
{"ts": 1788494223.150518, "client": "loop-qwen30b", "model": "qwen/qwen3-30b-a3b-instruct-2507", "tag": "r2:1999-051:threequarter", "in_tokens": 5353, "out_tokens": 940, "est_cost": 0.000439, "latency_ms": 13844}
{"ts": 1788494235.550764, "client": "loop-qwen30b", "model": "qwen/qwen3-30b-a3b-instruct-2507", "tag": "r1:2005-074:half", "in_tokens": 7981, "out_tokens": 1400, "est_cost": 0.000655, "latency_ms": 19970}
{"ts": 1788494235.745742, "client": "loop-qwen30b", "model": "qwen/qwen3-30b-a3b-instruct-2507", "tag": "r3:1999-051:threequarter", "in_tokens": 6564, "out_tokens": 873, "est_cost": 0.000485, "latency_ms": 12550}
{"ts": 1788494269.982848, "client": "loop-qwen30b", "model": "qwen/qwen3-30b-a3b-instruct-2507", "tag": "r1:1999-051:passage", "in_tokens": 4239, "out_tokens": 1397, "est_cost": 0.000474, "latency_ms": 34146}
{"ts": 1788494274.863889, "client": "loop-qwen30b", "model": "qwen/qwen3-30b-a3b-instruct-2507", "tag": "r2:2005-074:half", "in_tokens": 9816, "out_tokens": 1400, "est_cost": 0.000743, "latency_ms": 39278}
{"ts": 1788494281.328942, "client": "loop-qwen30b", "model": "qwen/qwen3-30b-a3b-instruct-2507", "tag": "r2:1999-051:passage", "in_tokens": 5870, "out_tokens": 1350, "est_cost": 0.000543, "latency_ms": 11286}
{"ts": 1788494295.2181098, "client": "loop-qwen30b", "model": "qwen/qwen3-30b-a3b-instruct-2507", "tag": "r3:2005-074:half", "in_tokens": 11641, "out_tokens": 1400, "est_cost": 0.000831, "latency_ms": 20309}
{"ts": 1788494298.678159, "client": "loop-qwen30b", "model": "qwen/qwen3-30b-a3b-instruct-2507", "tag": "r3:1999-051:passage", "in_tokens": 7414, "out_tokens": 1350, "est_cost": 0.000618, "latency_ms": 17281}
{"ts": 1788494305.603789, "client": "loop-qwen30b", "model": "qwen/qwen3-30b-a3b-instruct-2507", "tag": "r1:2015-055:half", "in_tokens": 7523, "out_tokens": 1400, "est_cost": 0.000633, "latency_ms": 321779}
{"ts": 1788494334.8374898, "client": "loop-qwen30b", "model": "qwen/qwen3-30b-a3b-instruct-2507", "tag": "r2:2015-055:half", "in_tokens": 9426, "out_tokens": 1400, "est_cost": 0.000724, "latency_ms": 29098}
{"ts": 1788494336.378082, "client": "loop-qwen30b", "model": "qwen/qwen3-30b-a3b-instruct-2507", "tag": "r1:2005-074:quarter", "in_tokens": 7964, "out_tokens": 1400, "est_cost": 0.000654, "latency_ms": 41045}
{"ts": 1788494352.7026381, "client": "loop-qwen30b", "model": "qwen/qwen3-30b-a3b-instruct-2507", "tag": "r2:2005-074:quarter", "in_tokens": 9841, "out_tokens": 1400, "est_cost": 0.000744, "latency_ms": 16244}
{"ts": 1788494355.9503958, "client": "loop-qwen30b", "model": "qwen/qwen3-30b-a3b-instruct-2507", "tag": "r3:2015-055:half", "in_tokens": 11377, "out_tokens": 1400, "est_cost": 0.000818, "latency_ms": 21046}
{"ts": 1788494368.523871, "client": "loop-qwen30b", "model": "qwen/qwen3-30b-a3b-instruct-2507", "tag": "r3:2005-074:quarter", "in_tokens": 11708, "out_tokens": 1400, "est_cost": 0.000834, "latency_ms": 15778}
{"ts": 1788494390.2357812, "client": "loop-qwen30b", "model": "qwen/qwen3-30b-a3b-instruct-2507", "tag": "r1:2005-074:threequarter", "in_tokens": 7992, "out_tokens": 1400, "est_cost": 0.000655, "latency_ms": 21625}
{"ts": 1788494408.797524, "client": "loop-qwen30b", "model": "qwen/qwen3-30b-a3b-instruct-2507", "tag": "r2:2005-074:threequarter", "in_tokens": 9904, "out_tokens": 1400, "est_cost": 0.000747, "latency_ms": 18517}
{"ts": 1788494425.4833431, "client": "loop-qwen30b", "model": "qwen/qwen3-30b-a3b-instruct-2507", "tag": "r3:2005-074:threequarter", "in_tokens": 11796, "out_tokens": 1400, "est_cost": 0.000838, "latency_ms": 16640}
{"ts": 1788494451.303683, "client": "loop-qwen30b", "model": "qwen/qwen3-30b-a3b-instruct-2507", "tag": "r1:2005-074:passage", "in_tokens": 8266, "out_tokens": 1400, "est_cost": 0.000668, "latency_ms": 25716}
{"ts": 1788494467.192666, "client": "loop-qwen30b", "model": "qwen/qwen3-30b-a3b-instruct-2507", "tag": "r2:2005-074:passage", "in_tokens": 10475, "out_tokens": 1400, "est_cost": 0.000775, "latency_ms": 15770}
{"ts": 1788494487.375864, "client": "loop-qwen30b", "model": "qwen/qwen3-30b-a3b-instruct-2507", "tag": "r3:2005-074:passage", "in_tokens": 12684, "out_tokens": 1400, "est_cost": 0.000881, "latency_ms": 20088}
{"ts": 1788494511.276047, "client": "loop-qwen30b", "model": "qwen/qwen3-30b-a3b-instruct-2507", "tag": "r1:2001-013:true", "in_tokens": 4724, "out_tokens": 1400, "est_cost": 0.000498, "latency_ms": 23684}
{"ts": 1788494529.10248, "client": "loop-qwen30b", "model": "qwen/qwen3-30b-a3b-instruct-2507", "tag": "r2:2001-013:true", "in_tokens": 6442, "out_tokens": 1400, "est_cost": 0.00058, "latency_ms": 17785}
{"ts": 1788494545.268032, "client": "loop-qwen30b", "model": "qwen/qwen3-30b-a3b-instruct-2507", "tag": "r3:2001-013:true", "in_tokens": 8160, "out_tokens": 1400, "est_cost": 0.000663, "latency_ms": 16103}
{"ts": 1788494575.139601, "client": "loop-qwen30b", "model": "qwen/qwen3-30b-a3b-instruct-2507", "tag": "r1:2001-013:scrambled", "in_tokens": 4708, "out_tokens": 1400, "est_cost": 0.000497, "latency_ms": 29808}
{"ts": 1788494592.890094, "client": "loop-qwen30b", "model": "qwen/qwen3-30b-a3b-instruct-2507", "tag": "r2:2001-013:scrambled", "in_tokens": 6407, "out_tokens": 1400, "est_cost": 0.000579, "latency_ms": 17698}
{"ts": 1788494608.7598999, "client": "loop-qwen30b", "model": "qwen/qwen3-30b-a3b-instruct-2507", "tag": "r3:2001-013:scrambled", "in_tokens": 8100, "out_tokens": 1400, "est_cost": 0.00066, "latency_ms": 15821}
{"ts": 1788494629.8753521, "client": "loop-qwen30b", "model": "qwen/qwen3-30b-a3b-instruct-2507", "tag": "r1:2001-013:none", "in_tokens": 4443, "out_tokens": 1400, "est_cost": 0.000484, "latency_ms": 21044}
{"ts": 1788494643.52422, "client": "loop-qwen30b", "model": "qwen/qwen3-30b-a3b-instruct-2507", "tag": "r2:2001-013:none", "in_tokens": 5871, "out_tokens": 1400, "est_cost": 0.000553, "latency_ms": 13582}
{"ts": 1788494659.5506518, "client": "loop-qwen30b", "model": "qwen/qwen3-30b-a3b-instruct-2507", "tag": "r3:2001-013:none", "in_tokens": 7299, "out_tokens": 1400, "est_cost": 0.000622, "latency_ms": 15968}
{"ts": 1788494693.972403, "client": "loop-qwen30b", "model": "qwen/qwen3-30b-a3b-instruct-2507", "tag": "r1:2001-013:half", "in_tokens": 4715, "out_tokens": 1400, "est_cost": 0.000497, "latency_ms": 34339}
{"ts": 1788494707.616468, "client": "loop-qwen30b", "model": "qwen/qwen3-30b-a3b-instruct-2507", "tag": "r1:2015-055:quarter", "in_tokens": 7481, "out_tokens": 1400, "est_cost": 0.00063, "latency_ms": 351535}
{"ts": 1788494711.92205, "client": "loop-qwen30b", "model": "qwen/qwen3-30b-a3b-instruct-2507", "tag": "r2:2001-013:half", "in_tokens": 6433, "out_tokens": 1400, "est_cost": 0.00058, "latency_ms": 17907}
{"ts": 1788494728.9834418, "client": "loop-qwen30b", "model": "qwen/qwen3-30b-a3b-instruct-2507", "tag": "r3:2001-013:half", "in_tokens": 8133, "out_tokens": 1400, "est_cost": 0.000662, "latency_ms": 17003}
{"ts": 1788494751.479635, "client": "loop-qwen30b", "model": "qwen/qwen3-30b-a3b-instruct-2507", "tag": "r1:2001-013:quarter", "in_tokens": 4708, "out_tokens": 1400, "est_cost": 0.000497, "latency_ms": 22436}
{"ts": 1788494767.384594, "client": "loop-qwen30b", "model": "qwen/qwen3-30b-a3b-instruct-2507", "tag": "r2:2001-013:quarter", "in_tokens": 6410, "out_tokens": 1400, "est_cost": 0.000579, "latency_ms": 15838}
{"ts": 1788494783.5369442, "client": "loop-qwen30b", "model": "qwen/qwen3-30b-a3b-instruct-2507", "tag": "r3:2001-013:quarter", "in_tokens": 8112, "out_tokens": 1400, "est_cost": 0.000661, "latency_ms": 16093}
{"ts": 1788494828.5008042, "client": "loop-qwen30b", "model": "qwen/qwen3-30b-a3b-instruct-2507", "tag": "r1:2001-013:threequarter", "in_tokens": 4724, "out_tokens": 1400, "est_cost": 0.000498, "latency_ms": 44886}
{"ts": 1788494871.516479, "client": "loop-qwen30b", "model": "qwen/qwen3-30b-a3b-instruct-2507", "tag": "r2:2001-013:threequarter", "in_tokens": 6433, "out_tokens": 1400, "est_cost": 0.00058, "latency_ms": 42962}
{"ts": 1788494889.080307, "client": "loop-qwen30b", "model": "qwen/qwen3-30b-a3b-instruct-2507", "tag": "r3:2001-013:threequarter", "in_tokens": 8142, "out_tokens": 1400, "est_cost": 0.000662, "latency_ms": 17521}
{"ts": 1788494924.387316, "client": "loop-qwen30b", "model": "qwen/qwen3-30b-a3b-instruct-2507", "tag": "r1:2001-013:passage", "in_tokens": 4852, "out_tokens": 1400, "est_cost": 0.000504, "latency_ms": 35226}
{"ts": 1788494939.175509, "client": "loop-qwen30b", "model": "qwen/qwen3-30b-a3b-instruct-2507", "tag": "r2:2001-013:passage", "in_tokens": 6876, "out_tokens": 1400, "est_cost": 0.000601, "latency_ms": 14754}
{"ts": 1788494956.3743172, "client": "loop-qwen30b", "model": "qwen/qwen3-30b-a3b-instruct-2507", "tag": "r3:2001-013:passage", "in_tokens": 8900, "out_tokens": 1400, "est_cost": 0.000699, "latency_ms": 17139}
{"ts": 1788495133.769724, "client": "loop-qwen30b", "model": "qwen/qwen3-30b-a3b-instruct-2507", "tag": "r2:2015-055:quarter", "in_tokens": 9451, "out_tokens": 1400, "est_cost": 0.000725, "latency_ms": 426071}
{"ts": 1788495475.41139, "client": "loop-qwen30b", "model": "qwen/qwen3-30b-a3b-instruct-2507", "tag": "r3:2015-055:quarter", "in_tokens": 11441, "out_tokens": 1400, "est_cost": 0.000821, "latency_ms": 341437}
{"ts": 1788495795.563909, "client": "loop-qwen30b", "model": "qwen/qwen3-30b-a3b-instruct-2507", "tag": "r1:2015-055:threequarter", "in_tokens": 7526, "out_tokens": 1400, "est_cost": 0.000633, "latency_ms": 319982}
{"ts": 1788496133.592222, "client": "loop-qwen30b", "model": "qwen/qwen3-30b-a3b-instruct-2507", "tag": "r2:2015-055:threequarter", "in_tokens": 9486, "out_tokens": 1400, "est_cost": 0.000727, "latency_ms": 337932}
{"ts": 1788496466.3332632, "client": "loop-qwen30b", "model": "qwen/qwen3-30b-a3b-instruct-2507", "tag": "r3:2015-055:threequarter", "in_tokens": 11447, "out_tokens": 1400, "est_cost": 0.000821, "latency_ms": 332670}
{"ts": 1788496517.644487, "client": "loop-qwen30b", "model": "qwen/qwen3-30b-a3b-instruct-2507", "tag": "r1:2015-055:passage", "in_tokens": 8088, "out_tokens": 1400, "est_cost": 0.00066, "latency_ms": 51133}
{"ts": 1788496576.505791, "client": "loop-qwen30b", "model": "qwen/qwen3-30b-a3b-instruct-2507", "tag": "r2:2015-055:passage", "in_tokens": 10398, "out_tokens": 1400, "est_cost": 0.000771, "latency_ms": 58766}
{"ts": 1788496594.1401222, "client": "loop-qwen30b", "model": "qwen/qwen3-30b-a3b-instruct-2507", "tag": "r3:2015-055:passage", "in_tokens": 12708, "out_tokens": 1400, "est_cost": 0.000882, "latency_ms": 17549}
{"ts": 1788496613.803008, "client": "loop-qwen30b", "model": "qwen/qwen3-30b-a3b-instruct-2507", "tag": "r1:2013-058:true", "in_tokens": 5424, "out_tokens": 1400, "est_cost": 0.000531, "latency_ms": 19475}
{"ts": 1788496675.108552, "client": "loop-qwen30b", "model": "qwen/qwen3-30b-a3b-instruct-2507", "tag": "r2:2013-058:true", "in_tokens": 7130, "out_tokens": 1400, "est_cost": 0.000614, "latency_ms": 61237}
{"ts": 1788496702.2352068, "client": "loop-qwen30b", "model": "qwen/qwen3-30b-a3b-instruct-2507", "tag": "r3:2013-058:true", "in_tokens": 8836, "out_tokens": 1400, "est_cost": 0.000696, "latency_ms": 27052}
{"ts": 1788496723.122872, "client": "loop-qwen30b", "model": "qwen/qwen3-30b-a3b-instruct-2507", "tag": "r1:2013-058:scrambled", "in_tokens": 5366, "out_tokens": 1400, "est_cost": 0.000529, "latency_ms": 20765}
{"ts": 1788496747.03614, "client": "loop-qwen30b", "model": "qwen/qwen3-30b-a3b-instruct-2507", "tag": "r2:2013-058:scrambled", "in_tokens": 7017, "out_tokens": 1400, "est_cost": 0.000608, "latency_ms": 23728}
{"ts": 1788496765.900599, "client": "loop-qwen30b", "model": "qwen/qwen3-30b-a3b-instruct-2507", "tag": "r3:2013-058:scrambled", "in_tokens": 8667, "out_tokens": 1400, "est_cost": 0.000688, "latency_ms": 18789}
{"ts": 1788496783.081176, "client": "loop-qwen30b", "model": "qwen/qwen3-30b-a3b-instruct-2507", "tag": "r1:2013-058:none", "in_tokens": 5142, "out_tokens": 1263, "est_cost": 0.000491, "latency_ms": 17051}
{"ts": 1788496799.0965602, "client": "loop-qwen30b", "model": "qwen/qwen3-30b-a3b-instruct-2507", "tag": "r2:2013-058:none", "in_tokens": 6432, "out_tokens": 1264, "est_cost": 0.000554, "latency_ms": 15956}
{"ts": 1788496823.147905, "client": "loop-qwen30b", "model": "qwen/qwen3-30b-a3b-instruct-2507", "tag": "r3:2013-058:none", "in_tokens": 7723, "out_tokens": 1264, "est_cost": 0.000616, "latency_ms": 23994}
{"ts": 1788496876.515552, "client": "loop-qwen30b", "model": "qwen/qwen3-30b-a3b-instruct-2507", "tag": "r2:2013-058:half", "in_tokens": 7119, "out_tokens": 1400, "est_cost": 0.000613, "latency_ms": 53214}
{"ts": 1788496891.818429, "client": "loop-qwen30b", "model": "qwen/qwen3-30b-a3b-instruct-2507", "tag": "r3:2013-058:half", "in_tokens": 8803, "out_tokens": 1400, "est_cost": 0.000694, "latency_ms": 15222}
{"ts": 1788496913.484378, "client": "loop-qwen30b", "model": "qwen/qwen3-30b-a3b-instruct-2507", "tag": "r1:2013-058:quarter", "in_tokens": 5365, "out_tokens": 1400, "est_cost": 0.000529, "latency_ms": 21539}
{"ts": 1788496927.842974, "client": "loop-qwen30b", "model": "qwen/qwen3-30b-a3b-instruct-2507", "tag": "r2:2013-058:quarter", "in_tokens": 7039, "out_tokens": 1400, "est_cost": 0.000609, "latency_ms": 14270}
{"ts": 1788496940.332764, "client": "loop-qwen30b", "model": "qwen/qwen3-30b-a3b-instruct-2507", "tag": "r3:2013-058:quarter", "in_tokens": 8713, "out_tokens": 1282, "est_cost": 0.000667, "latency_ms": 12419}
{"ts": 1788496962.473451, "client": "loop-qwen30b", "model": "qwen/qwen3-30b-a3b-instruct-2507", "tag": "r1:2013-058:threequarter", "in_tokens": 5399, "out_tokens": 1266, "est_cost": 0.000504, "latency_ms": 22034}
{"ts": 1788496991.245017, "client": "loop-qwen30b", "model": "qwen/qwen3-30b-a3b-instruct-2507", "tag": "r2:2013-058:threequarter", "in_tokens": 6953, "out_tokens": 1266, "est_cost": 0.000579, "latency_ms": 28698}
{"ts": 1788497009.6108959, "client": "loop-qwen30b", "model": "qwen/qwen3-30b-a3b-instruct-2507", "tag": "r3:2013-058:threequarter", "in_tokens": 8529, "out_tokens": 1266, "est_cost": 0.000655, "latency_ms": 18295}
{"ts": 1788497036.7661362, "client": "loop-qwen30b", "model": "qwen/qwen3-30b-a3b-instruct-2507", "tag": "r1:2013-058:passage", "in_tokens": 5854, "out_tokens": 1400, "est_cost": 0.000552, "latency_ms": 27043}
{"ts": 1788497056.074046, "client": "loop-qwen30b", "model": "qwen/qwen3-30b-a3b-instruct-2507", "tag": "r2:2013-058:passage", "in_tokens": 7576, "out_tokens": 1400, "est_cost": 0.000635, "latency_ms": 19227}
{"ts": 1788497076.2804039, "client": "loop-qwen30b", "model": "qwen/qwen3-30b-a3b-instruct-2507", "tag": "r3:2013-058:passage", "in_tokens": 9298, "out_tokens": 1400, "est_cost": 0.000718, "latency_ms": 20122}
{"ts": 1788497092.906523, "client": "loop-qwen30b", "model": "qwen/qwen3-30b-a3b-instruct-2507", "tag": "r1:2014-024:true", "in_tokens": 7096, "out_tokens": 1265, "est_cost": 0.000586, "latency_ms": 16446}
{"ts": 1788497108.89266, "client": "loop-qwen30b", "model": "qwen/qwen3-30b-a3b-instruct-2507", "tag": "r2:2014-024:true", "in_tokens": 8953, "out_tokens": 1265, "est_cost": 0.000675, "latency_ms": 15902}
{"ts": 1788497125.740893, "client": "loop-qwen30b", "model": "qwen/qwen3-30b-a3b-instruct-2507", "tag": "r3:2014-024:true", "in_tokens": 10810, "out_tokens": 1265, "est_cost": 0.000765, "latency_ms": 16753}
{"ts": 1788497149.0257761, "client": "loop-qwen30b", "model": "qwen/qwen3-30b-a3b-instruct-2507", "tag": "r1:2014-024:scrambled", "in_tokens": 7023, "out_tokens": 1153, "est_cost": 0.000561, "latency_ms": 23118}
{"ts": 1788497162.2154508, "client": "loop-qwen30b", "model": "qwen/qwen3-30b-a3b-instruct-2507", "tag": "r2:2014-024:scrambled", "in_tokens": 8674, "out_tokens": 1153, "est_cost": 0.00064, "latency_ms": 13094}
{"ts": 1788497174.699082, "client": "loop-qwen30b", "model": "qwen/qwen3-30b-a3b-instruct-2507", "tag": "r3:2014-024:scrambled", "in_tokens": 10323, "out_tokens": 1011, "est_cost": 0.000692, "latency_ms": 12392}
{"ts": 1788497191.005323, "client": "loop-qwen30b", "model": "qwen/qwen3-30b-a3b-instruct-2507", "tag": "r1:2014-024:none", "in_tokens": 6554, "out_tokens": 1304, "est_cost": 0.000567, "latency_ms": 16162}
{"ts": 1788497217.227088, "client": "loop-qwen30b", "model": "qwen/qwen3-30b-a3b-instruct-2507", "tag": "r2:2014-024:none", "in_tokens": 7885, "out_tokens": 1304, "est_cost": 0.000631, "latency_ms": 26121}
{"ts": 1788497238.39795, "client": "loop-qwen30b", "model": "qwen/qwen3-30b-a3b-instruct-2507", "tag": "r3:2014-024:none", "in_tokens": 9216, "out_tokens": 1304, "est_cost": 0.000695, "latency_ms": 21071}
{"ts": 1788497269.4772868, "client": "loop-qwen30b", "model": "qwen/qwen3-30b-a3b-instruct-2507", "tag": "r1:2014-024:half", "in_tokens": 7062, "out_tokens": 1279, "est_cost": 0.000587, "latency_ms": 30913}
{"ts": 1788497286.46096, "client": "loop-qwen30b", "model": "qwen/qwen3-30b-a3b-instruct-2507", "tag": "r2:2014-024:half", "in_tokens": 8961, "out_tokens": 1254, "est_cost": 0.000674, "latency_ms": 16880}
{"ts": 1788497323.146806, "client": "loop-qwen30b", "model": "qwen/qwen3-30b-a3b-instruct-2507", "tag": "r3:2014-024:half", "in_tokens": 10846, "out_tokens": 1289, "est_cost": 0.000771, "latency_ms": 36572}
{"ts": 1788497338.293757, "client": "loop-qwen30b", "model": "qwen/qwen3-30b-a3b-instruct-2507", "tag": "r1:2014-024:quarter", "in_tokens": 7044, "out_tokens": 1095, "est_cost": 0.000551, "latency_ms": 14966}
{"ts": 1788497365.9306931, "client": "loop-qwen30b", "model": "qwen/qwen3-30b-a3b-instruct-2507", "tag": "r2:2014-024:quarter", "in_tokens": 8516, "out_tokens": 1095, "est_cost": 0.000621, "latency_ms": 27554}
{"ts": 1788497390.212129, "client": "loop-qwen30b", "model": "qwen/qwen3-30b-a3b-instruct-2507", "tag": "r3:2014-024:quarter", "in_tokens": 9977, "out_tokens": 1095, "est_cost": 0.000692, "latency_ms": 24207}
{"ts": 1788497407.360859, "client": "loop-qwen30b", "model": "qwen/qwen3-30b-a3b-instruct-2507", "tag": "r1:2014-024:threequarter", "in_tokens": 7095, "out_tokens": 1275, "est_cost": 0.000588, "latency_ms": 17007}
{"ts": 1788497428.636111, "client": "loop-qwen30b", "model": "qwen/qwen3-30b-a3b-instruct-2507", "tag": "r2:2014-024:threequarter", "in_tokens": 9021, "out_tokens": 1270, "est_cost": 0.00068, "latency_ms": 21179}
{"ts": 1788497458.3591208, "client": "loop-qwen30b", "model": "qwen/qwen3-30b-a3b-instruct-2507", "tag": "r3:2014-024:threequarter", "in_tokens": 10961, "out_tokens": 1270, "est_cost": 0.000773, "latency_ms": 29625}
{"ts": 1788497500.0769842, "client": "loop-qwen30b", "model": "qwen/qwen3-30b-a3b-instruct-2507", "tag": "r1:2014-024:passage", "in_tokens": 7563, "out_tokens": 1400, "est_cost": 0.000634, "latency_ms": 41532}
{"ts": 1788497519.252967, "client": "loop-qwen30b", "model": "qwen/qwen3-30b-a3b-instruct-2507", "tag": "r2:2014-024:passage", "in_tokens": 9492, "out_tokens": 1400, "est_cost": 0.000727, "latency_ms": 19051}
{"ts": 1788497539.922911, "client": "loop-qwen30b", "model": "qwen/qwen3-30b-a3b-instruct-2507", "tag": "r3:2014-024:passage", "in_tokens": 11421, "out_tokens": 1400, "est_cost": 0.00082, "latency_ms": 20573}
{"ts": 1788497577.185277, "client": "loop-qwen30b", "model": "qwen/qwen3-30b-a3b-instruct-2507", "tag": "r1:1990-075:true", "in_tokens": 7092, "out_tokens": 1400, "est_cost": 0.000612, "latency_ms": 37098}
{"ts": 1788497600.325063, "client": "loop-qwen30b", "model": "qwen/qwen3-30b-a3b-instruct-2507", "tag": "r2:1990-075:true", "in_tokens": 8726, "out_tokens": 1400, "est_cost": 0.00069, "latency_ms": 23067}
{"ts": 1788497645.255428, "client": "loop-qwen30b", "model": "qwen/qwen3-30b-a3b-instruct-2507", "tag": "r3:1990-075:true", "in_tokens": 10358, "out_tokens": 1400, "est_cost": 0.000769, "latency_ms": 44862}
{"ts": 1788497661.988678, "client": "loop-qwen30b", "model": "qwen/qwen3-30b-a3b-instruct-2507", "tag": "r1:1990-075:scrambled", "in_tokens": 7088, "out_tokens": 1400, "est_cost": 0.000612, "latency_ms": 16646}
{"ts": 1788497703.479934, "client": "loop-qwen30b", "model": "qwen/qwen3-30b-a3b-instruct-2507", "tag": "r2:1990-075:scrambled", "in_tokens": 8615, "out_tokens": 1400, "est_cost": 0.000685, "latency_ms": 41427}
{"ts": 1788497721.180714, "client": "loop-qwen30b", "model": "qwen/qwen3-30b-a3b-instruct-2507", "tag": "r3:1990-075:scrambled", "in_tokens": 10142, "out_tokens": 1400, "est_cost": 0.000759, "latency_ms": 17644}
{"ts": 1788497735.6159732, "client": "loop-qwen30b", "model": "qwen/qwen3-30b-a3b-instruct-2507", "tag": "r1:1990-075:none", "in_tokens": 6948, "out_tokens": 1400, "est_cost": 0.000605, "latency_ms": 14351}
{"ts": 1788497746.867293, "client": "loop-qwen30b", "model": "qwen/qwen3-30b-a3b-instruct-2507", "tag": "r2:1990-075:none", "in_tokens": 8376, "out_tokens": 1400, "est_cost": 0.000674, "latency_ms": 11197}
{"ts": 1788497756.960858, "client": "loop-qwen30b", "model": "qwen/qwen3-30b-a3b-instruct-2507", "tag": "r3:1990-075:none", "in_tokens": 9804, "out_tokens": 1400, "est_cost": 0.000742, "latency_ms": 10047}
{"ts": 1788497771.33867, "client": "loop-qwen30b", "model": "qwen/qwen3-30b-a3b-instruct-2507", "tag": "r2:1990-075:half", "in_tokens": 8706, "out_tokens": 1400, "est_cost": 0.000689, "latency_ms": 14265}
{"ts": 1788497790.9338171, "client": "loop-qwen30b", "model": "qwen/qwen3-30b-a3b-instruct-2507", "tag": "r3:1990-075:half", "in_tokens": 10315, "out_tokens": 1374, "est_cost": 0.000762, "latency_ms": 19516}
{"ts": 1788497813.94363, "client": "loop-qwen30b", "model": "qwen/qwen3-30b-a3b-instruct-2507", "tag": "r1:1990-075:quarter", "in_tokens": 7088, "out_tokens": 1400, "est_cost": 0.000612, "latency_ms": 22933}
{"ts": 1788497831.857267, "client": "loop-qwen30b", "model": "qwen/qwen3-30b-a3b-instruct-2507", "tag": "r2:1990-075:quarter", "in_tokens": 8574, "out_tokens": 1400, "est_cost": 0.000683, "latency_ms": 17862}
{"ts": 1788497848.2033331, "client": "loop-qwen30b", "model": "qwen/qwen3-30b-a3b-instruct-2507", "tag": "r3:1990-075:quarter", "in_tokens": 10060, "out_tokens": 1400, "est_cost": 0.000755, "latency_ms": 16296}
{"ts": 1788497870.7695549, "client": "loop-qwen30b", "model": "qwen/qwen3-30b-a3b-instruct-2507", "tag": "r1:1990-075:threequarter", "in_tokens": 7087, "out_tokens": 1400, "est_cost": 0.000612, "latency_ms": 22493}
{"ts": 1788497886.9527009, "client": "loop-qwen30b", "model": "qwen/qwen3-30b-a3b-instruct-2507", "tag": "r2:1990-075:threequarter", "in_tokens": 8666, "out_tokens": 1360, "est_cost": 0.00068, "latency_ms": 16110}
{"ts": 1788497905.9828732, "client": "loop-qwen30b", "model": "qwen/qwen3-30b-a3b-instruct-2507", "tag": "r3:1990-075:threequarter", "in_tokens": 10117, "out_tokens": 1360, "est_cost": 0.00075, "latency_ms": 18973}
{"ts": 1788497922.382761, "client": "loop-qwen30b", "model": "qwen/qwen3-30b-a3b-instruct-2507", "tag": "r1:1990-075:passage", "in_tokens": 7153, "out_tokens": 1400, "est_cost": 0.000615, "latency_ms": 16313}
{"ts": 1788497939.7793112, "client": "loop-qwen30b", "model": "qwen/qwen3-30b-a3b-instruct-2507", "tag": "r2:1990-075:passage", "in_tokens": 9180, "out_tokens": 1400, "est_cost": 0.000712, "latency_ms": 17320}
{"ts": 1788497958.340158, "client": "loop-qwen30b", "model": "qwen/qwen3-30b-a3b-instruct-2507", "tag": "r3:1990-075:passage", "in_tokens": 11207, "out_tokens": 1400, "est_cost": 0.00081, "latency_ms": 18514}
