1992-109 baseline  cites=  7 exist=1.0 unres=0.0 quotes=1 cost=$0.0781
1992-109 quota     cites= 10 exist=1.0 unres=0.0 quotes=1 cost=$0.0781
1992-109 temporal  cites=  4 exist=1.0 unres=0.0 quotes=0 cost=$0.0781
1992-109 stakes    cites=  7 exist=1.0 unres=0.0 quotes=4 cost=$0.0781
1992-109 combo     cites=  8 exist=1.0 unres=0.0 quotes=1 cost=$0.0781
2009-045 baseline  cites=  6 exist=1.0 unres=0.0 quotes=2 cost=$0.0781
2009-045 quota     cites= 14 exist=1.0 unres=0.0 quotes=5 cost=$0.0781
2009-045 temporal  cites=  4 exist=1.0 unres=0.0 quotes=0 cost=$0.0781
2009-045 stakes    cites=  6 exist=1.0 unres=0.0 quotes=1 cost=$0.0781
2009-045 combo     cites=  8 exist=0.75 unres=0.0 quotes=6 cost=$0.0781
1997-046 baseline  cites=  3 exist=1.0 unres=0.0 quotes=1 cost=$0.0781
1997-046 quota     cites=  8 exist=1.0 unres=0.0 quotes=7 cost=$0.0781
1997-046 temporal  cites=  5 exist=0.8 unres=0.0 quotes=4 cost=$0.0781
1997-046 stakes    cites=  4 exist=1.0 unres=0.0 quotes=1 cost=$0.0781
1997-046 combo     cites=  8 exist=1.0 unres=0.0 quotes=4 cost=$0.0781
{
  "baseline": {
    "drafts": 3,
    "abstained": 0,
    "citations_total": 16,
    "cite_verdicts": {
      "exists": 16
    },
    "existence_rate_pooled": 1.0,
    "quote_verdicts": {
      "near_miss": 2,
      "inaccurate": 2
    },
    "pin_verdicts": {
      "no_pin": 4,
      "in_range": 12
    },
    "temporal": {}
  },
  "temporal": {
    "drafts": 3,
    "abstained": 0,
    "citations_total": 13,
    "cite_verdicts": {
      "exists": 12,
      "not_found": 1
    },
    "existence_rate_pooled": 0.923,
    "quote_verdicts": {
      "inaccurate": 3,
      "unverifiable": 1
    },
    "pin_verdicts": {
      "no_pin": 8,
      "in_range": 4,
      "case_unknown": 1
    },
    "temporal": {
      "checked": 13,
      "violated": 2
    }
  },
  "quota": {
    "drafts": 3,
    "abstained": 0,
    "citations_total": 32,
    "cite_verdicts": {
      "exists": 32
    },
    "existence_rate_pooled": 1.0,
    "quote_verdicts": {
      "inaccurate": 4,
      "near_miss": 4,
      "unverifiable": 2,
      "accurate": 3
    },
    "pin_verdicts": {
      "in_range": 29,
      "out_of_range": 2,
      "no_pin": 1
    },
    "temporal": {}
  },
  "combo": {
    "drafts": 3,
    "abstained": 0,
    "citations_total": 24,
    "cite_verdicts": {
      "exists": 22,
      "not_found": 2
    },
    "existence_rate_pooled": 0.917,
    "quote_verdicts": {
      "inaccurate": 8,
      "near_miss": 2,
      "unverifiable": 1
    },
    "pin_verdicts": {
      "no_pin": 16,
      "in_range": 8
    },
    "temporal": {
      "checked": 24,
      "violated": 3
    }
  },
  "stakes": {
    "drafts": 3,
    "abstained": 0,
    "citations_total": 17,
    "cite_verdicts": {
      "exists": 17
    },
    "existence_rate_pooled": 1.0,
    "quote_verdicts": {
      "inaccurate": 4,
      "near_miss": 1,
      "accurate": 1
    },
    "pin_verdicts": {
      "in_range": 14,
      "no_pin": 3
    },
    "temporal": {}
  }
}
total cost $0.0781
2019-024 baseline  cites=  3 exist=1.0 unres=0.0 quotes=5 cost=$0.0781
2019-024 quota     cites=  9 exist=1.0 unres=0.0 quotes=0 cost=$0.0781
2019-024 temporal  cites=  5 exist=0.6 unres=0.0 quotes=0 cost=$0.0781
2019-024 stakes    cites=  2 exist=1.0 unres=0.0 quotes=0 cost=$0.0781
2019-024 combo     cites=  9 exist=1.0 unres=0.0 quotes=1 cost=$0.0781
2011-027 baseline  cites=  6 exist=1.0 unres=0.0 quotes=1 cost=$0.0781
2011-027 quota     cites= 11 exist=1.0 unres=0.0 quotes=0 cost=$0.0781
2011-027 temporal  cites=  5 exist=1.0 unres=0.0 quotes=3 cost=$0.0781
2011-027 stakes    cites=  6 exist=1.0 unres=0.0 quotes=0 cost=$0.0781
2011-027 combo     cites= 18 exist=1.0 unres=0.0 quotes=0 cost=$0.0781
2016-001 baseline  cites=  4 exist=0.75 unres=0.0 quotes=3 cost=$0.0781
2016-001 quota     cites=  8 exist=0.875 unres=0.0 quotes=3 cost=$0.0781
2016-001 temporal  cites=  3 exist=1.0 unres=0.0 quotes=2 cost=$0.0781
2016-001 stakes    cites=  3 exist=1.0 unres=0.0 quotes=3 cost=$0.0781
2016-001 combo     cites=  9 exist=1.0 unres=0.0 quotes=5 cost=$0.0781
{
  "combo": {
    "drafts": 3,
    "abstained": 0,
    "citations_total": 36,
    "cite_verdicts": {
      "exists": 36
    },
    "existence_rate_pooled": 1.0,
    "quote_verdicts": {
      "unverifiable": 4,
      "near_miss": 1,
      "inaccurate": 1
    },
    "pin_verdicts": {
      "in_range": 24,
      "no_pin": 11,
      "out_of_range": 1
    },
    "temporal": {
      "checked": 36,
      "violated": 3
    }
  },
  "stakes": {
    "drafts": 3,
    "abstained": 0,
    "citations_total": 11,
    "cite_verdicts": {
      "exists": 11
    },
    "existence_rate_pooled": 1.0,
    "quote_verdicts": {
      "inaccurate": 1,
      "unverifiable": 1,
      "accurate": 1
    },
    "pin_verdicts": {
      "no_pin": 5,
      "in_range": 5,
      "out_of_range": 1
    },
    "temporal": {}
  },
  "baseline": {
    "drafts": 3,
    "abstained": 0,
    "citations_total": 13,
    "cite_verdicts": {
      "exists": 12,
      "not_found": 1
    },
    "existence_rate_pooled": 0.923,
    "quote_verdicts": {
      "unverifiable": 8,
      "near_miss": 1
    },
    "pin_verdicts": {
      "in_range": 8,
      "no_pin": 4,
      "case_unknown": 1
    },
    "temporal": {}
  },
  "temporal": {
    "drafts": 3,
    "abstained": 0,
    "citations_total": 13,
    "cite_verdicts": {
      "exists": 11,
      "not_found": 2
    },
    "existence_rate_pooled": 0.846,
    "quote_verdicts": {
      "near_miss": 4,
      "unverifiable": 1
    },
    "pin_verdicts": {
      "no_pin": 12,
      "in_range": 1
    },
    "temporal": {
      "checked": 13,
      "violated": 0
    }
  },
  "quota": {
    "drafts": 3,
    "abstained": 0,
    "citations_total": 28,
    "cite_verdicts": {
      "exists": 27,
      "not_found": 1
    },
    "existence_rate_pooled": 0.964,
    "quote_verdicts": {
      "unverifiable": 3
    },
    "pin_verdicts": {
      "no_pin": 17,
      "in_range": 10,
      "out_of_range": 1
    },
    "temporal": {}
  }
}
total cost $0.0781
2012-006 baseline  cites=  4 exist=1.0 unres=0.0 quotes=0 cost=$0.0781
2012-006 quota     cites= 12 exist=1.0 unres=0.0 quotes=3 cost=$0.0781
2012-006 temporal  cites=  3 exist=1.0 unres=0.0 quotes=1 cost=$0.0965
2012-006 stakes    cites=  6 exist=1.0 unres=0.0 quotes=0 cost=$0.1327
2012-006 combo     cites=  9 exist=1.0 unres=0.0 quotes=3 cost=$0.1689
1998-026 baseline  cites=  3 exist=0.6667 unres=0.0 quotes=0 cost=$0.1772
1998-026 quota     cites= 11 exist=1.0 unres=0.1818 quotes=3 cost=$0.2069
1998-026 temporal  cites=  4 exist=1.0 unres=0.0 quotes=2 cost=$0.2235
1998-026 stakes    cites=  4 exist=1.0 unres=0.0 quotes=0 cost=$0.2399
1998-026 combo     cites=  9 exist=0.7778 unres=0.0 quotes=1 cost=$0.2525
1997-100 baseline  cites=  8 exist=1.0 unres=0.0 quotes=1 cost=$0.2663
1997-100 quota     cites= 12 exist=1.0 unres=0.0 quotes=1 cost=$0.2875
1997-100 temporal  cites=  4 exist=1.0 unres=0.0 quotes=0 cost=$0.2922
1997-100 stakes    cites=  7 exist=1.0 unres=0.0 quotes=1 cost=$0.3048
1997-100 combo     cites= 10 exist=0.9 unres=0.0 quotes=1 cost=$0.3189
{
  "baseline": {
    "drafts": 3,
    "abstained": 0,
    "citations_total": 15,
    "cite_verdicts": {
      "exists": 14,
      "not_found": 1
    },
    "existence_rate_pooled": 0.933,
    "quote_verdicts": {
      "inaccurate": 1
    },
    "pin_verdicts": {
      "in_range": 9,
      "no_pin": 6
    },
    "temporal": {}
  },
  "combo": {
    "drafts": 3,
    "abstained": 0,
    "citations_total": 28,
    "cite_verdicts": {
      "exists": 25,
      "not_found": 3
    },
    "existence_rate_pooled": 0.893,
    "quote_verdicts": {
      "inaccurate": 3,
      "near_miss": 1,
      "accurate": 1
    },
    "pin_verdicts": {
      "no_pin": 11,
      "case_unknown": 3,
      "in_range": 14
    },
    "temporal": {
      "checked": 28,
      "violated": 0
    }
  },
  "temporal": {
    "drafts": 3,
    "abstained": 0,
    "citations_total": 11,
    "cite_verdicts": {
      "exists": 11
    },
    "existence_rate_pooled": 1.0,
    "quote_verdicts": {
      "near_miss": 2,
      "accurate": 1
    },
    "pin_verdicts": {
      "no_pin": 4,
      "in_range": 7
    },
    "temporal": {
      "checked": 11,
      "violated": 0
    }
  },
  "stakes": {
    "drafts": 3,
    "abstained": 0,
    "citations_total": 17,
    "cite_verdicts": {
      "exists": 17
    },
    "existence_rate_pooled": 1.0,
    "quote_verdicts": {
      "inaccurate": 1
    },
    "pin_verdicts": {
      "no_pin": 9,
      "in_range": 8
    },
    "temporal": {}
  },
  "quota": {
    "drafts": 3,
    "abstained": 0,
    "citations_total": 35,
    "cite_verdicts": {
      "exists": 33,
      "unresolvable": 2
    },
    "existence_rate_pooled": 1.0,
    "quote_verdicts": {
      "near_miss": 2,
      "unverifiable": 1,
      "inaccurate": 3,
      "accurate": 1
    },
    "pin_verdicts": {
      "in_range": 13,
      "no_pin": 20,
      "case_unknown": 2
    },
    "temporal": {}
  }
}
total cost $0.3189
2015-066 baseline  cites=  6 exist=1.0 unres=0.0 quotes=1 cost=$0.0781
2015-066 quota     cites= 10 exist=1.0 unres=0.0 quotes=2 cost=$0.0781
2015-066 temporal  cites=  4 exist=1.0 unres=0.0 quotes=0 cost=$0.0781
2015-066 stakes    cites=  8 exist=1.0 unres=0.0 quotes=0 cost=$0.0781
2015-066 combo     cites=  7 exist=1.0 unres=0.0 quotes=2 cost=$0.0781
2015-038 baseline  cites=  5 exist=1.0 unres=0.0 quotes=1 cost=$0.1179
2015-038 quota     cites= 13 exist=1.0 unres=0.0 quotes=6 cost=$0.2577
2015-038 temporal  cites=  7 exist=1.0 unres=0.0 quotes=1 cost=$0.2577
2015-038 stakes    cites=  1 exist=1.0 unres=0.0 quotes=1 cost=$0.2688
2015-038 combo     cites= 12 exist=1.0 unres=0.0 quotes=0 cost=$0.2800
2020-058 baseline  cites=  1 exist=1.0 unres=0.0 quotes=1 cost=$0.2984
2020-058 quota     cites= 10 exist=1.0 unres=0.0 quotes=12 cost=$0.3155
2020-058 temporal  cites=  3 exist=1.0 unres=0.0 quotes=1 cost=$0.3594
2020-058 stakes    cites=  3 exist=1.0 unres=0.0 quotes=5 cost=$0.3799
2020-058 combo     cites= 12 exist=1.0 unres=0.0 quotes=22 cost=$0.4014
{
  "stakes": {
    "drafts": 3,
    "abstained": 0,
    "citations_total": 12,
    "cite_verdicts": {
      "exists": 12
    },
    "existence_rate_pooled": 1.0,
    "quote_verdicts": {
      "inaccurate": 1,
      "unverifiable": 5
    },
    "pin_verdicts": {
      "in_range": 8,
      "no_pin": 3,
      "out_of_range": 1
    },
    "temporal": {}
  },
  "baseline": {
    "drafts": 3,
    "abstained": 0,
    "citations_total": 12,
    "cite_verdicts": {
      "exists": 12
    },
    "existence_rate_pooled": 1.0,
    "quote_verdicts": {
      "inaccurate": 1,
      "near_miss": 1,
      "unverifiable": 1
    },
    "pin_verdicts": {
      "in_range": 8,
      "no_pin": 4
    },
    "temporal": {}
  },
  "temporal": {
    "drafts": 3,
    "abstained": 0,
    "citations_total": 14,
    "cite_verdicts": {
      "exists": 14
    },
    "existence_rate_pooled": 1.0,
    "quote_verdicts": {
      "unverifiable": 2
    },
    "pin_verdicts": {
      "no_pin": 11,
      "in_range": 3
    },
    "temporal": {
      "checked": 14,
      "violated": 1
    }
  },
  "quota": {
    "drafts": 3,
    "abstained": 0,
    "citations_total": 33,
    "cite_verdicts": {
      "exists": 33
    },
    "existence_rate_pooled": 1.0,
    "quote_verdicts": {
      "inaccurate": 9,
      "near_miss": 1,
      "unverifiable": 10
    },
    "pin_verdicts": {
      "no_pin": 14,
      "in_range": 19
    },
    "temporal": {}
  },
  "combo": {
    "drafts": 3,
    "abstained": 0,
    "citations_total": 31,
    "cite_verdicts": {
      "exists": 31
    },
    "existence_rate_pooled": 1.0,
    "quote_verdicts": {
      "inaccurate": 17,
      "unverifiable": 6,
      "near_miss": 1
    },
    "pin_verdicts": {
      "no_pin": 20,
      "in_range": 10,
      "out_of_range": 1
    },
    "temporal": {
      "checked": 31,
      "violated": 3
    }
  }
}
total cost $0.4014
2012-031 baseline  cites=  4 exist=1.0 unres=0.0 quotes=5 cost=$0.0781
2012-031 quota     cites=  8 exist=1.0 unres=0.0 quotes=2 cost=$0.0781
2012-031 temporal  cites=  6 exist=1.0 unres=0.0 quotes=4 cost=$0.0781
2012-031 stakes    cites=  3 exist=1.0 unres=0.0 quotes=2 cost=$0.0781
2012-031 combo     cites= 11 exist=0.9091 unres=0.0 quotes=3 cost=$0.0937
2011-010 baseline  cites=  5 exist=1.0 unres=0.0 quotes=4 cost=$0.1375
2011-010 quota     cites= 12 exist=1.0 unres=0.0 quotes=6 cost=$0.1936
2011-010 temporal  cites=  2 exist=1.0 unres=0.0 quotes=1 cost=$0.3135
2011-010 stakes    cites=  4 exist=1.0 unres=0.0 quotes=6 cost=$0.3135
2011-010 combo     cites= 14 exist=1.0 unres=0.0 quotes=4 cost=$0.3135
2005-074 baseline  cites=  5 exist=0.8 unres=0.0 quotes=1 cost=$0.3135
2005-074 quota     cites=  7 exist=0.8571 unres=0.0 quotes=1 cost=$0.3135
2005-074 temporal  cites=  6 exist=1.0 unres=0.0 quotes=1 cost=$0.3135
2005-074 stakes    cites=  4 exist=0.75 unres=0.0 quotes=1 cost=$0.3225
2005-074 combo     cites= 11 exist=1.0 unres=0.0 quotes=2 cost=$0.4115
{
  "baseline": {
    "drafts": 3,
    "abstained": 0,
    "citations_total": 14,
    "cite_verdicts": {
      "exists": 13,
      "not_found": 1
    },
    "existence_rate_pooled": 0.929,
    "quote_verdicts": {
      "unverifiable": 6,
      "accurate": 2,
      "inaccurate": 2
    },
    "pin_verdicts": {
      "in_range": 9,
      "no_pin": 4,
      "case_unknown": 1
    },
    "temporal": {}
  },
  "combo": {
    "drafts": 3,
    "abstained": 0,
    "citations_total": 36,
    "cite_verdicts": {
      "exists": 35,
      "not_found": 1
    },
    "existence_rate_pooled": 0.972,
    "quote_verdicts": {
      "inaccurate": 4,
      "accurate": 1,
      "near_miss": 1,
      "unverifiable": 3
    },
    "pin_verdicts": {
      "in_range": 9,
      "no_pin": 26,
      "case_unknown": 1
    },
    "temporal": {
      "checked": 36,
      "violated": 7
    }
  },
  "temporal": {
    "drafts": 3,
    "abstained": 0,
    "citations_total": 14,
    "cite_verdicts": {
      "exists": 14
    },
    "existence_rate_pooled": 1.0,
    "quote_verdicts": {
      "near_miss": 2,
      "inaccurate": 1,
      "unverifiable": 3
    },
    "pin_verdicts": {
      "in_range": 4,
      "no_pin": 9,
      "out_of_range": 1
    },
    "temporal": {
      "checked": 14,
      "violated": 1
    }
  },
  "stakes": {
    "drafts": 3,
    "abstained": 0,
    "citations_total": 11,
    "cite_verdicts": {
      "exists": 10,
      "not_found": 1
    },
    "existence_rate_pooled": 0.909,
    "quote_verdicts": {
      "unverifiable": 4,
      "near_miss": 2,
      "inaccurate": 3
    },
    "pin_verdicts": {
      "in_range": 9,
      "no_pin": 2
    },
    "temporal": {}
  },
  "quota": {
    "drafts": 3,
    "abstained": 0,
    "citations_total": 27,
    "cite_verdicts": {
      "exists": 26,
      "not_found": 1
    },
    "existence_rate_pooled": 0.963,
    "quote_verdicts": {
      "unverifiable": 6,
      "accurate": 1,
      "near_miss": 2
    },
    "pin_verdicts": {
      "in_range": 10,
      "no_pin": 13,
      "out_of_range": 4
    },
    "temporal": {}
  }
}
total cost $0.4115
2014-024 baseline  cites=  4 exist=1.0 unres=0.0 quotes=5 cost=$0.0781
2014-024 quota     cites=  9 exist=1.0 unres=0.0 quotes=2 cost=$0.0781
2014-024 temporal  cites=  4 exist=1.0 unres=0.0 quotes=1 cost=$0.0983
2014-024 stakes    cites=  3 exist=1.0 unres=0.0 quotes=1 cost=$0.1729
2014-024 combo     cites= 11 exist=0.9091 unres=0.0 quotes=2 cost=$0.2764
1990-075 baseline  cites=  4 exist=1.0 unres=0.0 quotes=1 cost=$0.2764
1990-075 quota     cites=  9 exist=1.0 unres=0.0 quotes=2 cost=$0.2764
1990-075 temporal  cites=  5 exist=1.0 unres=0.0 quotes=0 cost=$0.2823
1990-075 stakes    cites=  5 exist=1.0 unres=0.0 quotes=1 cost=$0.2941
1990-075 combo     cites= 11 exist=1.0 unres=0.0 quotes=1 cost=$0.3609
1997-033 baseline  cites=  4 exist=1.0 unres=0.0 quotes=0 cost=$0.3751
1997-033 quota     cites=  8 exist=1.0 unres=0.0 quotes=0 cost=$0.3901
1997-033 temporal  cites=  3 exist=1.0 unres=0.0 quotes=0 cost=$0.3990
1997-033 stakes    cites=  5 exist=1.0 unres=0.0 quotes=5 cost=$0.4151
1997-033 combo     cites= 11 exist=0.9091 unres=0.0 quotes=3 cost=$0.4333
{
  "combo": {
    "drafts": 3,
    "abstained": 0,
    "citations_total": 33,
    "cite_verdicts": {
      "exists": 31,
      "not_found": 2
    },
    "existence_rate_pooled": 0.939,
    "quote_verdicts": {
      "inaccurate": 4,
      "unverifiable": 1,
      "accurate": 1
    },
    "pin_verdicts": {
      "in_range": 19,
      "case_unknown": 2,
      "no_pin": 12
    },
    "temporal": {
      "checked": 33,
      "violated": 1
    }
  },
  "quota": {
    "drafts": 3,
    "abstained": 0,
    "citations_total": 26,
    "cite_verdicts": {
      "exists": 26
    },
    "existence_rate_pooled": 1.0,
    "quote_verdicts": {
      "near_miss": 1,
      "inaccurate": 2,
      "accurate": 1
    },
    "pin_verdicts": {
      "no_pin": 16,
      "in_range": 10
    },
    "temporal": {}
  },
  "temporal": {
    "drafts": 3,
    "abstained": 0,
    "citations_total": 12,
    "cite_verdicts": {
      "exists": 12
    },
    "existence_rate_pooled": 1.0,
    "quote_verdicts": {
      "inaccurate": 1
    },
    "pin_verdicts": {
      "in_range": 9,
      "no_pin": 3
    },
    "temporal": {
      "checked": 12,
      "violated": 1
    }
  },
  "baseline": {
    "drafts": 3,
    "abstained": 0,
    "citations_total": 12,
    "cite_verdicts": {
      "exists": 12
    },
    "existence_rate_pooled": 1.0,
    "quote_verdicts": {
      "near_miss": 1,
      "inaccurate": 3,
      "unverifiable": 1,
      "accurate": 1
    },
    "pin_verdicts": {
      "no_pin": 4,
      "in_range": 7,
      "out_of_range": 1
    },
    "temporal": {}
  },
  "stakes": {
    "drafts": 3,
    "abstained": 0,
    "citations_total": 13,
    "cite_verdicts": {
      "exists": 13
    },
    "existence_rate_pooled": 1.0,
    "quote_verdicts": {
      "inaccurate": 1,
      "accurate": 6
    },
    "pin_verdicts": {
      "no_pin": 10,
      "in_range": 3
    },
    "temporal": {}
  }
}
total cost $0.4333
2001-013 baseline  cites=  3 exist=0.6667 unres=0.0 quotes=0 cost=$0.1084
2001-013 quota     cites= 10 exist=1.0 unres=0.0 quotes=2 cost=$0.1616
2001-013 temporal  cites=  5 exist=1.0 unres=0.0 quotes=1 cost=$0.1987
2001-013 stakes    cites=  3 exist=1.0 unres=0.0 quotes=2 cost=$0.2215
2001-013 combo     cites= 15 exist=0.8667 unres=0.0 quotes=0 cost=$0.2448
1992-086 baseline  cites=  5 exist=1.0 unres=0.0 quotes=1 cost=$0.2606
1992-086 quota     cites= 10 exist=1.0 unres=0.0 quotes=0 cost=$0.2784
1992-086 temporal  cites=  7 exist=1.0 unres=0.0 quotes=0 cost=$0.2907
1992-086 stakes    cites=  4 exist=1.0 unres=0.0 quotes=0 cost=$0.3017
1992-086 combo     cites=  7 exist=1.0 unres=0.0 quotes=2 cost=$0.3073
2010-046 baseline  cites=  5 exist=1.0 unres=0.0 quotes=1 cost=$0.3241
2010-046 quota     cites= 12 exist=1.0 unres=0.0 quotes=2 cost=$0.3400
2010-046 temporal  cites=  8 exist=0.75 unres=0.0 quotes=0 cost=$0.3579
2010-046 stakes    cites=  5 exist=1.0 unres=0.2 quotes=1 cost=$0.4580
2010-046 combo     cites= 17 exist=1.0 unres=0.0 quotes=1 cost=$0.4680
{
  "temporal": {
    "drafts": 3,
    "abstained": 0,
    "citations_total": 20,
    "cite_verdicts": {
      "exists": 18,
      "not_found": 2
    },
    "existence_rate_pooled": 0.9,
    "quote_verdicts": {
      "unverifiable": 1
    },
    "pin_verdicts": {
      "no_pin": 20
    },
    "temporal": {
      "checked": 20,
      "violated": 3
    }
  },
  "baseline": {
    "drafts": 3,
    "abstained": 0,
    "citations_total": 13,
    "cite_verdicts": {
      "exists": 12,
      "not_found": 1
    },
    "existence_rate_pooled": 0.923,
    "quote_verdicts": {
      "near_miss": 1,
      "unverifiable": 1
    },
    "pin_verdicts": {
      "no_pin": 3,
      "case_unknown": 1,
      "in_range": 8,
      "out_of_range": 1
    },
    "temporal": {}
  },
  "stakes": {
    "drafts": 3,
    "abstained": 0,
    "citations_total": 12,
    "cite_verdicts": {
      "exists": 11,
      "unresolvable": 1
    },
    "existence_rate_pooled": 1.0,
    "quote_verdicts": {
      "unverifiable": 2,
      "near_miss": 1
    },
    "pin_verdicts": {
      "in_range": 9,
      "no_pin": 2,
      "out_of_range": 1
    },
    "temporal": {}
  },
  "quota": {
    "drafts": 3,
    "abstained": 0,
    "citations_total": 32,
    "cite_verdicts": {
      "exists": 32
    },
    "existence_rate_pooled": 1.0,
    "quote_verdicts": {
      "unverifiable": 2,
      "near_miss": 2
    },
    "pin_verdicts": {
      "in_range": 23,
      "no_pin": 8,
      "out_of_range": 1
    },
    "temporal": {}
  },
  "combo": {
    "drafts": 3,
    "abstained": 0,
    "citations_total": 39,
    "cite_verdicts": {
      "exists": 37,
      "not_found": 2
    },
    "existence_rate_pooled": 0.949,
    "quote_verdicts": {
      "inaccurate": 2,
      "accurate": 1
    },
    "pin_verdicts": {
      "no_pin": 32,
      "in_range": 7
    },
    "temporal": {
      "checked": 39,
      "violated": 6
    }
  }
}
total cost $0.468
1999-033 baseline  cites=  4 exist=1.0 unres=0.0 quotes=3 cost=$0.0781
1999-033 quota     cites= 10 exist=1.0 unres=0.0 quotes=3 cost=$0.1223
1999-033 temporal  cites=  3 exist=1.0 unres=0.0 quotes=2 cost=$0.1471
1999-033 stakes    cites=  5 exist=1.0 unres=0.0 quotes=4 cost=$0.1761
1999-033 combo     cites= 18 exist=1.0 unres=0.0 quotes=8 cost=$0.2096
1990-114 baseline  cites=  7 exist=1.0 unres=0.0 quotes=2 cost=$0.2356
1990-114 quota     cites= 19 exist=1.0 unres=0.0 quotes=2 cost=$0.3465
1990-114 temporal  cites=  5 exist=1.0 unres=0.0 quotes=1 cost=$0.3624
1990-114 stakes    cites=  6 exist=1.0 unres=0.0 quotes=0 cost=$0.3766
1990-114 combo     cites=  7 exist=1.0 unres=0.0 quotes=2 cost=$0.3932
2020-012 baseline  cites=  3 exist=1.0 unres=0.0 quotes=2 cost=$0.4140
2020-012 quota     cites= 13 exist=1.0 unres=0.0 quotes=8 cost=$0.4370
2020-012 temporal  cites=  6 exist=0.8333 unres=0.0 quotes=3 cost=$0.4464
2020-012 stakes    cites=  4 exist=1.0 unres=0.0 quotes=1 cost=$0.4588
2020-012 combo     cites= 11 exist=0.9091 unres=0.0 quotes=3 cost=$0.4691
{
  "combo": {
    "drafts": 3,
    "abstained": 0,
    "citations_total": 36,
    "cite_verdicts": {
      "exists": 35,
      "not_found": 1
    },
    "existence_rate_pooled": 0.972,
    "quote_verdicts": {
      "inaccurate": 7,
      "unverifiable": 4,
      "accurate": 1,
      "near_miss": 1
    },
    "pin_verdicts": {
      "no_pin": 22,
      "in_range": 13,
      "out_of_range": 1
    },
    "temporal": {
      "checked": 36,
      "violated": 2
    }
  },
  "temporal": {
    "drafts": 3,
    "abstained": 0,
    "citations_total": 14,
    "cite_verdicts": {
      "exists": 13,
      "not_found": 1
    },
    "existence_rate_pooled": 0.929,
    "quote_verdicts": {
      "near_miss": 2,
      "inaccurate": 2,
      "unverifiable": 1,
      "accurate": 1
    },
    "pin_verdicts": {
      "no_pin": 7,
      "out_of_range": 1,
      "in_range": 6
    },
    "temporal": {
      "checked": 14,
      "violated": 3
    }
  },
  "baseline": {
    "drafts": 3,
    "abstained": 0,
    "citations_total": 14,
    "cite_verdicts": {
      "exists": 14
    },
    "existence_rate_pooled": 1.0,
    "quote_verdicts": {
      "accurate": 2,
      "unverifiable": 4,
      "near_miss": 1
    },
    "pin_verdicts": {
      "no_pin": 6,
      "in_range": 7,
      "out_of_range": 1
    },
    "temporal": {}
  },
  "stakes": {
    "drafts": 3,
    "abstained": 0,
    "citations_total": 15,
    "cite_verdicts": {
      "exists": 15
    },
    "existence_rate_pooled": 1.0,
    "quote_verdicts": {
      "inaccurate": 3,
      "near_miss": 2
    },
    "pin_verdicts": {
      "no_pin": 8,
      "in_range": 6,
      "out_of_range": 1
    },
    "temporal": {}
  },
  "quota": {
    "drafts": 3,
    "abstained": 0,
    "citations_total": 42,
    "cite_verdicts": {
      "exists": 42
    },
    "existence_rate_pooled": 1.0,
    "quote_verdicts": {
      "unverifiable": 4,
      "inaccurate": 7,
      "accurate": 2
    },
    "pin_verdicts": {
      "no_pin": 24,
      "in_range": 15,
      "out_of_range": 3
    },
    "temporal": {}
  }
}
total cost $0.4691
2000-087 baseline  cites=  1 exist=1.0 unres=0.0 quotes=1 cost=$0.0781
2000-087 quota     cites=  9 exist=1.0 unres=0.0 quotes=5 cost=$0.1299
2000-087 temporal  cites=  5 exist=1.0 unres=0.0 quotes=3 cost=$0.1299
2000-087 stakes    cites=  2 exist=1.0 unres=0.0 quotes=2 cost=$0.1516
2000-087 combo     cites=  7 exist=1.0 unres=0.0 quotes=1 cost=$0.2431
2013-068 baseline  cites=  4 exist=1.0 unres=0.0 quotes=1 cost=$0.2431
2013-068 quota     cites=  9 exist=1.0 unres=0.0 quotes=1 cost=$0.2431
2013-068 temporal  cites=  4 exist=1.0 unres=0.0 quotes=1 cost=$0.2558
2013-068 stakes    cites=  2 exist=1.0 unres=0.0 quotes=0 cost=$0.2647
2013-068 combo     cites=  8 exist=1.0 unres=0.0 quotes=1 cost=$0.2840
2020-060 baseline  cites=  4 exist=1.0 unres=0.0 quotes=1 cost=$0.2962
2020-060 quota     cites=  7 exist=1.0 unres=0.0 quotes=5 cost=$0.3118
2020-060 temporal  cites=  5 exist=1.0 unres=0.0 quotes=1 cost=$0.3301
2020-060 stakes    cites=  3 exist=1.0 unres=0.0 quotes=2 cost=$0.3416
2020-060 combo     cites=  8 exist=0.5 unres=0.0 quotes=0 cost=$0.4793
{
  "quota": {
    "drafts": 3,
    "abstained": 0,
    "citations_total": 25,
    "cite_verdicts": {
      "exists": 25
    },
    "existence_rate_pooled": 1.0,
    "quote_verdicts": {
      "near_miss": 1,
      "inaccurate": 4,
      "unverifiable": 4,
      "accurate": 2
    },
    "pin_verdicts": {
      "no_pin": 5,
      "in_range": 20
    },
    "temporal": {}
  },
  "stakes": {
    "drafts": 3,
    "abstained": 0,
    "citations_total": 7,
    "cite_verdicts": {
      "exists": 7
    },
    "existence_rate_pooled": 1.0,
    "quote_verdicts": {
      "near_miss": 1,
      "unverifiable": 1,
      "inaccurate": 2
    },
    "pin_verdicts": {
      "no_pin": 2,
      "in_range": 5
    },
    "temporal": {}
  },
  "combo": {
    "drafts": 3,
    "abstained": 0,
    "citations_total": 23,
    "cite_verdicts": {
      "exists": 19,
      "not_found": 4
    },
    "existence_rate_pooled": 0.826,
    "quote_verdicts": {
      "inaccurate": 2
    },
    "pin_verdicts": {
      "no_pin": 15,
      "in_range": 4,
      "case_unknown": 4
    },
    "temporal": {
      "checked": 23,
      "violated": 1
    }
  },
  "baseline": {
    "drafts": 3,
    "abstained": 0,
    "citations_total": 9,
    "cite_verdicts": {
      "exists": 9
    },
    "existence_rate_pooled": 1.0,
    "quote_verdicts": {
      "near_miss": 1,
      "accurate": 1,
      "unverifiable": 1
    },
    "pin_verdicts": {
      "no_pin": 5,
      "in_range": 3,
      "out_of_range": 1
    },
    "temporal": {}
  },
  "temporal": {
    "drafts": 3,
    "abstained": 0,
    "citations_total": 14,
    "cite_verdicts": {
      "exists": 14
    },
    "existence_rate_pooled": 1.0,
    "quote_verdicts": {
      "inaccurate": 3,
      "near_miss": 2
    },
    "pin_verdicts": {
      "no_pin": 10,
      "in_range": 4
    },
    "temporal": {
      "checked": 14,
      "violated": 1
    }
  }
}
total cost $0.4793
2010-065 baseline  cites=  6 exist=1.0 unres=0.0 quotes=0 cost=$0.0781
2010-065 quota     cites= 24 exist=1.0 unres=0.0 quotes=8 cost=$0.1397
2010-065 temporal  cites=  2 exist=1.0 unres=0.0 quotes=1 cost=$0.1397
2010-065 stakes    cites=  8 exist=1.0 unres=0.0 quotes=1 cost=$0.1397
2010-065 combo     cites= 12 exist=1.0 unres=0.0 quotes=1 cost=$0.1834
1997-044 baseline  cites=  3 exist=1.0 unres=0.0 quotes=1 cost=$0.1834
1997-044 quota     cites=  9 exist=1.0 unres=0.0 quotes=6 cost=$0.3171
1997-044 temporal  cites=  5 exist=1.0 unres=0.0 quotes=2 cost=$0.3171
1997-044 stakes    cites=  5 exist=1.0 unres=0.0 quotes=0 cost=$0.3171
1997-044 combo     cites= 17 exist=0.7647 unres=0.0 quotes=1 cost=$0.3274
2001-070 baseline  cites=  5 exist=1.0 unres=0.0 quotes=4 cost=$0.3914
2001-070 quota     cites= 11 exist=1.0 unres=0.0 quotes=3 cost=$0.3914
2001-070 temporal  cites=  7 exist=1.0 unres=0.0 quotes=7 cost=$0.3914
2001-070 stakes    cites=  4 exist=1.0 unres=0.0 quotes=0 cost=$0.3914
2001-070 combo     cites=  9 exist=1.0 unres=0.0 quotes=16 cost=$0.4900
{
  "quota": {
    "drafts": 3,
    "abstained": 0,
    "citations_total": 44,
    "cite_verdicts": {
      "exists": 44
    },
    "existence_rate_pooled": 1.0,
    "quote_verdicts": {
      "inaccurate": 5,
      "near_miss": 5,
      "accurate": 4,
      "unverifiable": 3
    },
    "pin_verdicts": {
      "no_pin": 28,
      "in_range": 16
    },
    "temporal": {}
  },
  "stakes": {
    "drafts": 3,
    "abstained": 0,
    "citations_total": 17,
    "cite_verdicts": {
      "exists": 17
    },
    "existence_rate_pooled": 1.0,
    "quote_verdicts": {
      "inaccurate": 1
    },
    "pin_verdicts": {
      "no_pin": 7,
      "in_range": 10
    },
    "temporal": {}
  },
  "baseline": {
    "drafts": 3,
    "abstained": 0,
    "citations_total": 14,
    "cite_verdicts": {
      "exists": 14
    },
    "existence_rate_pooled": 1.0,
    "quote_verdicts": {
      "inaccurate": 2,
      "accurate": 2,
      "near_miss": 1
    },
    "pin_verdicts": {
      "in_range": 12,
      "no_pin": 2
    },
    "temporal": {}
  },
  "combo": {
    "drafts": 3,
    "abstained": 0,
    "citations_total": 38,
    "cite_verdicts": {
      "exists": 34,
      "not_found": 4
    },
    "existence_rate_pooled": 0.895,
    "quote_verdicts": {
      "inaccurate": 7,
      "accurate": 4,
      "near_miss": 5,
      "unverifiable": 2
    },
    "pin_verdicts": {
      "in_range": 20,
      "no_pin": 18
    },
    "temporal": {
      "checked": 38,
      "violated": 5
    }
  },
  "temporal": {
    "drafts": 3,
    "abstained": 0,
    "citations_total": 14,
    "cite_verdicts": {
      "exists": 14
    },
    "existence_rate_pooled": 1.0,
    "quote_verdicts": {
      "near_miss": 1,
      "inaccurate": 6,
      "accurate": 3
    },
    "pin_verdicts": {
      "no_pin": 8,
      "in_range": 6
    },
    "temporal": {
      "checked": 14,
      "violated": 2
    }
  }
}
total cost $0.49
1998-085 baseline  cites=  4 exist=1.0 unres=0.0 quotes=4 cost=$0.1099
1998-085 quota     cites= 11 exist=1.0 unres=0.0 quotes=9 cost=$0.1548
1998-085 temporal  cites=  3 exist=1.0 unres=0.0 quotes=5 cost=$0.1800
1998-085 stakes    cites=  2 exist=1.0 unres=0.0 quotes=3 cost=$0.2031
1998-085 combo     cites= 11 exist=0.7273 unres=0.0 quotes=5 cost=$0.2356
1997-021 baseline  cites=  7 exist=0.7143 unres=0.0 quotes=4 cost=$0.2472
1997-021 quota     cites=  8 exist=0.5 unres=0.0 quotes=3 cost=$0.3495
1997-021 temporal  cites=  4 exist=0.75 unres=0.0 quotes=0 cost=$0.3666
1997-021 stakes    cites=  5 exist=0.2 unres=0.0 quotes=0 cost=$0.3839
1997-021 combo     cites= 15 exist=0.6429 unres=0.0667 quotes=0 cost=$0.3990
2005-087 baseline  cites=  6 exist=0.8333 unres=0.0 quotes=2 cost=$0.4774
2005-087 quota     cites=  8 exist=1.0 unres=0.0 quotes=2 cost=$0.4774
2005-087 temporal  cites=  2 exist=1.0 unres=0.0 quotes=3 cost=$0.4774
2005-087 stakes    cites=  5 exist=1.0 unres=0.0 quotes=3 cost=$0.4833
2005-087 combo     cites=  9 exist=0.7778 unres=0.0 quotes=3 cost=$0.4973
{
  "combo": {
    "drafts": 3,
    "abstained": 0,
    "citations_total": 35,
    "cite_verdicts": {
      "exists": 24,
      "not_found": 10,
      "unresolvable": 1
    },
    "existence_rate_pooled": 0.706,
    "quote_verdicts": {
      "near_miss": 4,
      "unverifiable": 4
    },
    "pin_verdicts": {
      "no_pin": 25,
      "in_range": 8,
      "case_unknown": 1,
      "in_range_unbounded": 1
    },
    "temporal": {
      "checked": 35,
      "violated": 6
    }
  },
  "stakes": {
    "drafts": 3,
    "abstained": 0,
    "citations_total": 12,
    "cite_verdicts": {
      "exists": 8,
      "not_found": 4
    },
    "existence_rate_pooled": 0.667,
    "quote_verdicts": {
      "inaccurate": 2,
      "unverifiable": 2,
      "near_miss": 1,
      "accurate": 1
    },
    "pin_verdicts": {
      "in_range": 6,
      "case_unknown": 2,
      "no_pin": 4
    },
    "temporal": {}
  },
  "baseline": {
    "drafts": 3,
    "abstained": 0,
    "citations_total": 17,
    "cite_verdicts": {
      "exists": 14,
      "not_found": 3
    },
    "existence_rate_pooled": 0.824,
    "quote_verdicts": {
      "unverifiable": 3,
      "near_miss": 2,
      "inaccurate": 4,
      "accurate": 1
    },
    "pin_verdicts": {
      "in_range": 12,
      "no_pin": 3,
      "out_of_range": 1,
      "case_unknown": 1
    },
    "temporal": {}
  },
  "temporal": {
    "drafts": 3,
    "abstained": 0,
    "citations_total": 9,
    "cite_verdicts": {
      "exists": 8,
      "not_found": 1
    },
    "existence_rate_pooled": 0.889,
    "quote_verdicts": {
      "unverifiable": 4,
      "inaccurate": 2,
      "near_miss": 2
    },
    "pin_verdicts": {
      "in_range": 2,
      "out_of_range": 1,
      "no_pin": 6
    },
    "temporal": {
      "checked": 9,
      "violated": 0
    }
  },
  "quota": {
    "drafts": 3,
    "abstained": 0,
    "citations_total": 27,
    "cite_verdicts": {
      "exists": 23,
      "not_found": 4
    },
    "existence_rate_pooled": 0.852,
    "quote_verdicts": {
      "unverifiable": 5,
      "accurate": 3,
      "near_miss": 3,
      "inaccurate": 3
    },
    "pin_verdicts": {
      "in_range": 20,
      "no_pin": 5,
      "case_unknown": 2
    },
    "temporal": {}
  }
}
total cost $0.4973
2020-005 baseline  cites=  6 exist=1.0 unres=0.1667 quotes=3 cost=$0.0855
2020-005 quota     cites= 27 exist=1.0 unres=0.037 quotes=0 cost=$0.1027
2020-005 temporal  cites=  4 exist=1.0 unres=0.0 quotes=1 cost=$0.1342
2020-005 stakes    cites=  4 exist=1.0 unres=0.0 quotes=3 cost=$0.1563
2020-005 combo     cites= 12 exist=1.0 unres=0.0 quotes=2 cost=$0.1914
2018-070 baseline  cites=  2 exist=1.0 unres=0.0 quotes=2 cost=$0.2177
2018-070 quota     cites=  9 exist=1.0 unres=0.0 quotes=3 cost=$0.3449
2018-070 temporal  cites=  3 exist=1.0 unres=0.0 quotes=1 cost=$0.3564
2018-070 stakes    cites=  4 exist=1.0 unres=0.0 quotes=3 cost=$0.3723
2018-070 combo     cites=  5 exist=1.0 unres=0.0 quotes=2 cost=$0.3875
2016-067 baseline  cites=  3 exist=1.0 unres=0.0 quotes=3 cost=$0.3946
2016-067 quota     cites=  7 exist=1.0 unres=0.0 quotes=3 cost=$0.4167
2016-067 temporal  cites=  4 exist=1.0 unres=0.0 quotes=2 cost=$0.4806
2016-067 stakes    cites=  5 exist=1.0 unres=0.0 quotes=6 cost=$0.4873
2016-067 combo     cites=  7 exist=1.0 unres=0.0 quotes=5 cost=$0.5025
{
  "combo": {
    "drafts": 3,
    "abstained": 0,
    "citations_total": 24,
    "cite_verdicts": {
      "exists": 24
    },
    "existence_rate_pooled": 1.0,
    "quote_verdicts": {
      "near_miss": 3,
      "accurate": 1,
      "inaccurate": 3,
      "unverifiable": 2
    },
    "pin_verdicts": {
      "no_pin": 12,
      "in_range": 12
    },
    "temporal": {
      "checked": 24,
      "violated": 0
    }
  },
  "stakes": {
    "drafts": 3,
    "abstained": 0,
    "citations_total": 13,
    "cite_verdicts": {
      "exists": 13
    },
    "existence_rate_pooled": 1.0,
    "quote_verdicts": {
      "inaccurate": 6,
      "near_miss": 4,
      "accurate": 1,
      "unverifiable": 1
    },
    "pin_verdicts": {
      "no_pin": 5,
      "in_range": 8
    },
    "temporal": {}
  },
  "quota": {
    "drafts": 3,
    "abstained": 0,
    "citations_total": 43,
    "cite_verdicts": {
      "exists": 42,
      "unresolvable": 1
    },
    "existence_rate_pooled": 1.0,
    "quote_verdicts": {
      "accurate": 4,
      "unverifiable": 2
    },
    "pin_verdicts": {
      "out_of_range": 6,
      "no_pin": 21,
      "in_range": 15,
      "case_unknown": 1
    },
    "temporal": {}
  },
  "temporal": {
    "drafts": 3,
    "abstained": 0,
    "citations_total": 11,
    "cite_verdicts": {
      "exists": 11
    },
    "existence_rate_pooled": 1.0,
    "quote_verdicts": {
      "inaccurate": 2,
      "accurate": 1,
      "near_miss": 1
    },
    "pin_verdicts": {
      "in_range": 7,
      "no_pin": 4
    },
    "temporal": {
      "checked": 11,
      "violated": 0
    }
  },
  "baseline": {
    "drafts": 3,
    "abstained": 0,
    "citations_total": 11,
    "cite_verdicts": {
      "unresolvable": 1,
      "exists": 10
    },
    "existence_rate_pooled": 1.0,
    "quote_verdicts": {
      "unverifiable": 1,
      "inaccurate": 7
    },
    "pin_verdicts": {
      "in_range": 7,
      "no_pin": 3
    },
    "temporal": {}
  }
}
total cost $0.5025
2000-071 baseline  cites=  5 exist=1.0 unres=0.0 quotes=3 cost=$0.1041
2000-071 quota     cites=  8 exist=1.0 unres=0.0 quotes=1 cost=$0.1456
2000-071 temporal  cites=  4 exist=1.0 unres=0.0 quotes=1 cost=$0.1729
2000-071 stakes    cites=  4 exist=1.0 unres=0.0 quotes=1 cost=$0.2228
2000-071 combo     cites= 15 exist=0.8667 unres=0.0 quotes=1 cost=$0.2416
2012-029 baseline  cites=  5 exist=1.0 unres=0.0 quotes=0 cost=$0.3332
2012-029 quota     cites= 12 exist=1.0 unres=0.0 quotes=1 cost=$0.4202
2012-029 temporal  cites=  4 exist=1.0 unres=0.0 quotes=2 cost=$0.4359
2012-029 stakes    cites=  5 exist=1.0 unres=0.0 quotes=0 cost=$0.4491
2012-029 combo     cites= 10 exist=0.9 unres=0.0 quotes=9 cost=$0.4637
1999-051 baseline  cites=  4 exist=1.0 unres=0.0 quotes=4 cost=$0.4745
1999-051 quota     cites=  8 exist=1.0 unres=0.0 quotes=3 cost=$0.4843
1999-051 temporal  cites=  4 exist=1.0 unres=0.0 quotes=0 cost=$0.4907
1999-051 stakes    cites=  5 exist=1.0 unres=0.0 quotes=0 cost=$0.4981
1999-051 combo     cites= 14 exist=0.9286 unres=0.0 quotes=0 cost=$0.5072
{
  "temporal": {
    "drafts": 3,
    "abstained": 0,
    "citations_total": 12,
    "cite_verdicts": {
      "exists": 12
    },
    "existence_rate_pooled": 1.0,
    "quote_verdicts": {
      "inaccurate": 2,
      "near_miss": 1
    },
    "pin_verdicts": {
      "no_pin": 8,
      "in_range": 4
    },
    "temporal": {
      "checked": 12,
      "violated": 2
    }
  },
  "baseline": {
    "drafts": 3,
    "abstained": 0,
    "citations_total": 14,
    "cite_verdicts": {
      "exists": 14
    },
    "existence_rate_pooled": 1.0,
    "quote_verdicts": {
      "inaccurate": 2,
      "near_miss": 3,
      "accurate": 2
    },
    "pin_verdicts": {
      "in_range": 7,
      "no_pin": 7
    },
    "temporal": {}
  },
  "stakes": {
    "drafts": 3,
    "abstained": 0,
    "citations_total": 14,
    "cite_verdicts": {
      "exists": 14
    },
    "existence_rate_pooled": 1.0,
    "quote_verdicts": {
      "accurate": 1
    },
    "pin_verdicts": {
      "in_range": 10,
      "out_of_range": 1,
      "no_pin": 3
    },
    "temporal": {}
  },
  "quota": {
    "drafts": 3,
    "abstained": 0,
    "citations_total": 28,
    "cite_verdicts": {
      "exists": 28
    },
    "existence_rate_pooled": 1.0,
    "quote_verdicts": {
      "inaccurate": 2,
      "accurate": 1,
      "near_miss": 2
    },
    "pin_verdicts": {
      "in_range": 14,
      "no_pin": 14
    },
    "temporal": {}
  },
  "combo": {
    "drafts": 3,
    "abstained": 0,
    "citations_total": 39,
    "cite_verdicts": {
      "not_found": 4,
      "exists": 35
    },
    "existence_rate_pooled": 0.897,
    "quote_verdicts": {
      "near_miss": 2,
      "accurate": 3,
      "unverifiable": 4,
      "inaccurate": 1
    },
    "pin_verdicts": {
      "no_pin": 27,
      "in_range": 11,
      "case_unknown": 1
    },
    "temporal": {
      "checked": 39,
      "violated": 5
    }
  }
}
total cost $0.5072
2012-031 baseline  cites=  4 exist=1.0 unres=0.0 quotes=5 cost=$0.0487
2012-031 quota     cites=  8 exist=1.0 unres=0.0 quotes=2 cost=$0.0580
2012-031 temporal  cites=  6 exist=1.0 unres=0.0 quotes=4 cost=$0.0663
2012-031 stakes    cites=  3 exist=1.0 unres=0.0 quotes=2 cost=$0.0748
2012-031 combo     cites= 10 exist=1.0 unres=0.0 quotes=8 cost=$0.1146
2011-010 baseline  cites=  6 exist=0.8333 unres=0.0 quotes=5 cost=$0.1987
2011-010 quota     cites= 12 exist=1.0 unres=0.0 quotes=6 cost=$0.1987
2011-010 temporal  cites=  1 exist=1.0 unres=0.0 quotes=0 cost=$0.2146
2011-010 stakes    cites=  4 exist=1.0 unres=0.0 quotes=6 cost=$0.2299
2011-010 combo     cites= 14 exist=1.0 unres=0.0 quotes=4 cost=$0.2545
2005-074 baseline  cites=  5 exist=0.8 unres=0.0 quotes=1 cost=$0.2748
2005-074 quota     cites=  7 exist=0.8571 unres=0.0 quotes=1 cost=$0.2893
2005-074 temporal  cites=  6 exist=1.0 unres=0.0 quotes=1 cost=$0.3004
2005-074 stakes    cites=  3 exist=1.0 unres=0.0 quotes=4 cost=$0.3431
2005-074 combo     cites=  8 exist=0.875 unres=0.0 quotes=0 cost=$0.3536
2001-013 baseline  cites=  3 exist=0.6667 unres=0.0 quotes=0 cost=$0.3536
2001-013 quota     cites= 10 exist=1.0 unres=0.0 quotes=2 cost=$0.3536
2001-013 temporal  cites=  5 exist=1.0 unres=0.0 quotes=1 cost=$0.3536
2001-013 stakes    cites=  3 exist=1.0 unres=0.0 quotes=2 cost=$0.3536
2001-013 combo     cites= 15 exist=0.8667 unres=0.0 quotes=0 cost=$0.3536
1992-086 baseline  cites=  5 exist=1.0 unres=0.0 quotes=1 cost=$0.3536
1992-086 quota     cites= 10 exist=1.0 unres=0.0 quotes=0 cost=$0.3536
1992-086 temporal  cites=  7 exist=1.0 unres=0.0 quotes=0 cost=$0.3536
1992-086 stakes    cites=  4 exist=1.0 unres=0.0 quotes=0 cost=$0.3536
1992-086 combo     cites=  7 exist=1.0 unres=0.0 quotes=2 cost=$0.3536
2010-046 baseline  cites=  5 exist=1.0 unres=0.0 quotes=1 cost=$0.3536
2010-046 quota     cites= 12 exist=1.0 unres=0.0 quotes=2 cost=$0.3536
2010-046 temporal  cites= 12 exist=0.6667 unres=0.0 quotes=0 cost=$0.3686
2010-046 stakes    cites=  4 exist=1.0 unres=0.0 quotes=2 cost=$0.4619
2010-046 combo     cites= 16 exist=1.0 unres=0.0 quotes=1 cost=$0.4768
2012-006 baseline  cites=  4 exist=1.0 unres=0.0 quotes=0 cost=$0.4768
2012-006 quota     cites= 12 exist=1.0 unres=0.0 quotes=3 cost=$0.4768
2012-006 temporal  cites=  3 exist=1.0 unres=0.0 quotes=1 cost=$0.4768
2012-006 stakes    cites=  3 exist=1.0 unres=0.0 quotes=0 cost=$0.4768
2012-006 combo     cites=  9 exist=1.0 unres=0.0 quotes=3 cost=$0.4768
1998-026 baseline  cites=  3 exist=0.6667 unres=0.0 quotes=0 cost=$0.4768
1998-026 quota     cites= 12 exist=0.9167 unres=0.0 quotes=5 cost=$0.4768
1998-026 temporal  cites=  6 exist=0.8333 unres=0.0 quotes=2 cost=$0.4768
1998-026 stakes    cites=  4 exist=1.0 unres=0.0 quotes=0 cost=$0.4768
1998-026 combo     cites=  9 exist=0.7778 unres=0.0 quotes=1 cost=$0.4768
1997-100 baseline  cites=  8 exist=1.0 unres=0.0 quotes=1 cost=$0.4768
1997-100 quota     cites= 12 exist=1.0 unres=0.0 quotes=1 cost=$0.4768
1997-100 temporal  cites=  4 exist=1.0 unres=0.0 quotes=0 cost=$0.4768
1997-100 stakes    cites=  7 exist=1.0 unres=0.0 quotes=1 cost=$0.4768
1997-100 combo     cites= 18 exist=1.0 unres=0.0 quotes=1 cost=$0.4768
2000-071 baseline  cites=  5 exist=1.0 unres=0.0 quotes=3 cost=$0.4774
2000-071 quota     cites=  8 exist=1.0 unres=0.0 quotes=1 cost=$0.4774
2000-071 temporal  cites=  4 exist=1.0 unres=0.0 quotes=1 cost=$0.4774
2000-071 stakes    cites=  4 exist=1.0 unres=0.0 quotes=1 cost=$0.4774
2000-071 combo     cites= 15 exist=0.8667 unres=0.0 quotes=1 cost=$0.4774
2012-029 baseline  cites=  5 exist=1.0 unres=0.0 quotes=0 cost=$0.4774
2012-029 quota     cites= 14 exist=0.9286 unres=0.0 quotes=2 cost=$0.4774
2012-029 temporal  cites=  2 exist=1.0 unres=0.0 quotes=1 cost=$0.4774
2012-029 stakes    cites=  6 exist=1.0 unres=0.0 quotes=0 cost=$0.4774
2012-029 combo     cites=  8 exist=1.0 unres=0.0 quotes=3 cost=$0.4774
1999-051 baseline  cites=  4 exist=1.0 unres=0.0 quotes=4 cost=$0.4774
1999-051 quota     cites=  8 exist=1.0 unres=0.0 quotes=2 cost=$0.4884
1999-051 temporal  cites=  4 exist=1.0 unres=0.0 quotes=0 cost=$0.4954
1999-051 stakes    cites=  5 exist=1.0 unres=0.0 quotes=1 cost=$0.5034
1999-051 combo     cites= 15 exist=1.0 unres=0.0 quotes=0 cost=$0.5085
{
  "stakes": {
    "drafts": 12,
    "abstained": 0,
    "citations_total": 50,
    "cite_verdicts": {
      "exists": 50
    },
    "existence_rate_pooled": 1.0,
    "quote_verdicts": {
      "unverifiable": 6,
      "near_miss": 5,
      "inaccurate": 4,
      "accurate": 4
    },
    "pin_verdicts": {
      "in_range": 37,
      "no_pin": 13
    },
    "temporal": {}
  },
  "quota": {
    "drafts": 12,
    "abstained": 0,
    "citations_total": 125,
    "cite_verdicts": {
      "exists": 122,
      "not_found": 3
    },
    "existence_rate_pooled": 0.976,
    "quote_verdicts": {
      "unverifiable": 10,
      "accurate": 5,
      "near_miss": 7,
      "inaccurate": 5
    },
    "pin_verdicts": {
      "in_range": 56,
      "no_pin": 63,
      "out_of_range": 5,
      "case_unknown": 1
    },
    "temporal": {}
  },
  "baseline": {
    "drafts": 12,
    "abstained": 0,
    "citations_total": 57,
    "cite_verdicts": {
      "exists": 53,
      "not_found": 4
    },
    "existence_rate_pooled": 0.93,
    "quote_verdicts": {
      "unverifiable": 8,
      "accurate": 4,
      "near_miss": 5,
      "inaccurate": 4
    },
    "pin_verdicts": {
      "in_range": 34,
      "no_pin": 19,
      "case_unknown": 3,
      "out_of_range": 1
    },
    "temporal": {}
  },
  "temporal": {
    "drafts": 12,
    "abstained": 0,
    "citations_total": 60,
    "cite_verdicts": {
      "exists": 55,
      "not_found": 5
    },
    "existence_rate_pooled": 0.917,
    "quote_verdicts": {
      "near_miss": 3,
      "inaccurate": 3,
      "unverifiable": 3,
      "accurate": 2
    },
    "pin_verdicts": {
      "in_range": 10,
      "no_pin": 49,
      "out_of_range": 1
    },
    "temporal": {
      "checked": 60,
      "violated": 5
    }
  },
  "combo": {
    "drafts": 12,
    "abstained": 0,
    "citations_total": 144,
    "cite_verdicts": {
      "exists": 137,
      "not_found": 7
    },
    "existence_rate_pooled": 0.951,
    "quote_verdicts": {
      "unverifiable": 6,
      "near_miss": 6,
      "inaccurate": 9,
      "accurate": 3
    },
    "pin_verdicts": {
      "in_range": 40,
      "out_of_range": 2,
      "no_pin": 99,
      "case_unknown": 2,
      "in_range_unbounded": 1
    },
    "temporal": {
      "checked": 144,
      "violated": 15
    }
  }
}
total cost $0.5085
2020-032 baseline  cites=  4 exist=1.0 unres=0.0 quotes=3 cost=$0.1056
2020-032 quota     cites= 11 exist=1.0 unres=0.0 quotes=2 cost=$0.1206
2020-032 temporal  cites=  4 exist=0.5 unres=0.0 quotes=0 cost=$0.1411
2020-032 stakes    cites=  4 exist=1.0 unres=0.0 quotes=3 cost=$0.2060
2020-032 combo     cites=  9 exist=1.0 unres=0.0 quotes=1 cost=$0.2205
2015-055 baseline  cites=  6 exist=1.0 unres=0.0 quotes=4 cost=$0.2392
2015-055 quota     cites= 12 exist=0.9167 unres=0.0 quotes=2 cost=$0.3364
2015-055 temporal  cites=  3 exist=1.0 unres=0.0 quotes=1 cost=$0.3364
2015-055 stakes    cites=  5 exist=0.8 unres=0.0 quotes=3 cost=$0.3509
2015-055 combo     cites=  9 exist=0.8889 unres=0.0 quotes=1 cost=$0.3751
2013-058 baseline  cites=  2 exist=1.0 unres=0.0 quotes=1 cost=$0.4381
2013-058 quota     cites= 12 exist=0.9167 unres=0.0 quotes=1 cost=$0.4565
2013-058 temporal  cites=  3 exist=1.0 unres=0.0 quotes=3 cost=$0.4964
2013-058 stakes    cites=  3 exist=0.6667 unres=0.0 quotes=1 cost=$0.5046
2013-058 combo     cites= 10 exist=0.9 unres=0.0 quotes=0 cost=$0.5129
{
  "temporal": {
    "drafts": 3,
    "abstained": 0,
    "citations_total": 10,
    "cite_verdicts": {
      "exists": 8,
      "not_found": 2
    },
    "existence_rate_pooled": 0.8,
    "quote_verdicts": {
      "inaccurate": 4
    },
    "pin_verdicts": {
      "no_pin": 10
    },
    "temporal": {
      "checked": 10,
      "violated": 0
    }
  },
  "combo": {
    "drafts": 3,
    "abstained": 0,
    "citations_total": 28,
    "cite_verdicts": {
      "exists": 26,
      "not_found": 2
    },
    "existence_rate_pooled": 0.929,
    "quote_verdicts": {
      "inaccurate": 1,
      "unverifiable": 1
    },
    "pin_verdicts": {
      "in_range": 5,
      "no_pin": 23
    },
    "temporal": {
      "checked": 28,
      "violated": 1
    }
  },
  "baseline": {
    "drafts": 3,
    "abstained": 0,
    "citations_total": 12,
    "cite_verdicts": {
      "exists": 12
    },
    "existence_rate_pooled": 1.0,
    "quote_verdicts": {
      "inaccurate": 4,
      "unverifiable": 2,
      "near_miss": 2
    },
    "pin_verdicts": {
      "no_pin": 7,
      "in_range": 3,
      "out_of_range": 2
    },
    "temporal": {}
  },
  "quota": {
    "drafts": 3,
    "abstained": 0,
    "citations_total": 35,
    "cite_verdicts": {
      "exists": 33,
      "not_found": 2
    },
    "existence_rate_pooled": 0.943,
    "quote_verdicts": {
      "inaccurate": 4,
      "unverifiable": 1
    },
    "pin_verdicts": {
      "in_range": 25,
      "no_pin": 7,
      "out_of_range": 2,
      "case_unknown": 1
    },
    "temporal": {}
  },
  "stakes": {
    "drafts": 3,
    "abstained": 0,
    "citations_total": 12,
    "cite_verdicts": {
      "exists": 10,
      "not_found": 2
    },
    "existence_rate_pooled": 0.833,
    "quote_verdicts": {
      "unverifiable": 3,
      "inaccurate": 2,
      "near_miss": 1,
      "accurate": 1
    },
    "pin_verdicts": {
      "in_range": 6,
      "out_of_range": 1,
      "no_pin": 5
    },
    "temporal": {}
  }
}
total cost $0.5129
1992-109 baseline  cites=  7 exist=1.0 unres=0.0 quotes=1 cost=$0.0037
1992-109 quota     cites= 10 exist=1.0 unres=0.0 quotes=1 cost=$0.0067
1992-109 temporal  cites=  4 exist=1.0 unres=0.0 quotes=0 cost=$0.0082
1992-109 stakes    cites=  7 exist=1.0 unres=0.0 quotes=4 cost=$0.0110
1992-109 combo     cites=  8 exist=1.0 unres=0.0 quotes=1 cost=$0.0126
2009-045 baseline  cites=  6 exist=1.0 unres=0.0 quotes=2 cost=$0.0171
2009-045 quota     cites= 14 exist=1.0 unres=0.0 quotes=5 cost=$0.0244
2009-045 temporal  cites=  4 exist=1.0 unres=0.0 quotes=0 cost=$0.0299
2009-045 stakes    cites=  6 exist=1.0 unres=0.0 quotes=1 cost=$0.0315
2009-045 combo     cites=  8 exist=0.75 unres=0.0 quotes=6 cost=$0.0347
1997-046 baseline  cites=  3 exist=1.0 unres=0.0 quotes=1 cost=$0.0378
1997-046 quota     cites=  8 exist=1.0 unres=0.0 quotes=7 cost=$0.0409
1997-046 temporal  cites=  5 exist=0.8 unres=0.0 quotes=4 cost=$0.0472
1997-046 stakes    cites=  4 exist=1.0 unres=0.0 quotes=1 cost=$0.0505
1997-046 combo     cites=  8 exist=1.0 unres=0.0 quotes=4 cost=$0.0708
2020-032 baseline  cites=  4 exist=1.0 unres=0.0 quotes=3 cost=$0.0870
2020-032 quota     cites=  8 exist=1.0 unres=0.0 quotes=0 cost=$0.1239
2020-032 temporal  cites=  4 exist=0.75 unres=0.0 quotes=0 cost=$0.1439
2020-032 stakes    cites=  5 exist=1.0 unres=0.0 quotes=1 cost=$0.1816
2020-032 combo     cites= 12 exist=0.9167 unres=0.0 quotes=0 cost=$0.2116
2015-055 baseline  cites=  5 exist=1.0 unres=0.0 quotes=4 cost=$0.2251
2015-055 quota     cites=  9 exist=0.8889 unres=0.0 quotes=3 cost=$0.2525
2015-055 temporal  cites=  3 exist=1.0 unres=0.0 quotes=1 cost=$0.2622
2015-055 stakes    cites=  4 exist=0.75 unres=0.0 quotes=4 cost=$0.3379
2015-055 combo     cites= 14 exist=1.0 unres=0.0 quotes=5 cost=$0.4709
2013-058 baseline  cites=  2 exist=1.0 unres=0.0 quotes=1 cost=$0.4709
2013-058 quota     cites= 12 exist=0.9167 unres=0.0 quotes=1 cost=$0.4709
2013-058 temporal  cites=  3 exist=1.0 unres=0.0 quotes=5 cost=$0.5113
2013-058 stakes    cites=  3 exist=0.6667 unres=0.0 quotes=1 cost=$0.5113
2013-058 combo     cites=  9 exist=0.7778 unres=0.0 quotes=2 cost=$0.5160
2014-024 baseline  cites=  4 exist=1.0 unres=0.0 quotes=5 cost=$0.5160
2014-024 quota     cites=  9 exist=1.0 unres=0.0 quotes=2 cost=$0.5160
2014-024 temporal  cites=  4 exist=1.0 unres=0.0 quotes=1 cost=$0.5160
2014-024 stakes    cites=  3 exist=1.0 unres=0.0 quotes=1 cost=$0.5160
2014-024 combo     cites= 11 exist=0.9091 unres=0.0 quotes=2 cost=$0.5160
1990-075 baseline  cites=  4 exist=1.0 unres=0.0 quotes=1 cost=$0.5160
1990-075 quota     cites=  9 exist=1.0 unres=0.0 quotes=2 cost=$0.5160
1990-075 temporal  cites=  4 exist=1.0 unres=0.0 quotes=4 cost=$0.5160
1990-075 stakes    cites=  5 exist=1.0 unres=0.0 quotes=1 cost=$0.5160
1990-075 combo     cites= 10 exist=1.0 unres=0.0 quotes=1 cost=$0.5160
1997-033 baseline  cites=  4 exist=1.0 unres=0.0 quotes=0 cost=$0.5160
1997-033 quota     cites=  8 exist=1.0 unres=0.0 quotes=0 cost=$0.5160
1997-033 temporal  cites=  3 exist=1.0 unres=0.0 quotes=0 cost=$0.5160
1997-033 stakes    cites=  5 exist=1.0 unres=0.0 quotes=5 cost=$0.5160
1997-033 combo     cites=  9 exist=1.0 unres=0.0 quotes=6 cost=$0.5160
1998-085 baseline  cites=  4 exist=1.0 unres=0.0 quotes=4 cost=$0.5160
1998-085 quota     cites= 11 exist=1.0 unres=0.0 quotes=9 cost=$0.5160
1998-085 temporal  cites=  3 exist=1.0 unres=0.0 quotes=5 cost=$0.5160
1998-085 stakes    cites=  2 exist=1.0 unres=0.0 quotes=3 cost=$0.5160
1998-085 combo     cites= 11 exist=0.7273 unres=0.0 quotes=5 cost=$0.5160
1997-021 baseline  cites=  7 exist=0.7143 unres=0.0 quotes=4 cost=$0.5160
1997-021 quota     cites=  8 exist=0.5 unres=0.0 quotes=3 cost=$0.5160
1997-021 temporal  cites=  4 exist=0.75 unres=0.0 quotes=0 cost=$0.5160
1997-021 stakes    cites=  5 exist=0.2 unres=0.0 quotes=0 cost=$0.5160
1997-021 combo     cites= 15 exist=0.6429 unres=0.0667 quotes=0 cost=$0.5160
2005-087 baseline  cites=  6 exist=0.8333 unres=0.0 quotes=2 cost=$0.5160
2005-087 quota     cites=  8 exist=1.0 unres=0.0 quotes=2 cost=$0.5160
2005-087 temporal  cites=  2 exist=1.0 unres=0.0 quotes=3 cost=$0.5160
2005-087 stakes    cites=  5 exist=1.0 unres=0.0 quotes=3 cost=$0.5160
2005-087 combo     cites=  9 exist=0.7778 unres=0.0 quotes=3 cost=$0.5160
2012-031 baseline  cites=  4 exist=1.0 unres=0.0 quotes=5 cost=$0.5160
2012-031 quota     cites=  8 exist=1.0 unres=0.0 quotes=2 cost=$0.5160
2012-031 temporal  cites=  6 exist=1.0 unres=0.0 quotes=4 cost=$0.5160
2012-031 stakes    cites=  3 exist=1.0 unres=0.0 quotes=2 cost=$0.5160
2012-031 combo     cites= 10 exist=1.0 unres=0.0 quotes=8 cost=$0.5160
2011-010 baseline  cites=  6 exist=0.8333 unres=0.0 quotes=5 cost=$0.5160
2011-010 quota     cites= 12 exist=1.0 unres=0.0 quotes=6 cost=$0.5160
2011-010 temporal  cites=  2 exist=1.0 unres=0.0 quotes=1 cost=$0.5160
2011-010 stakes    cites=  4 exist=1.0 unres=0.0 quotes=6 cost=$0.5160
2011-010 combo     cites= 14 exist=1.0 unres=0.0 quotes=4 cost=$0.5160
2005-074 baseline  cites=  5 exist=0.8 unres=0.0 quotes=1 cost=$0.5160
2005-074 quota     cites=  7 exist=0.8571 unres=0.0 quotes=1 cost=$0.5160
2005-074 temporal  cites=  6 exist=1.0 unres=0.0 quotes=1 cost=$0.5160
2005-074 stakes    cites=  3 exist=1.0 unres=0.0 quotes=4 cost=$0.5160
2005-074 combo     cites= 11 exist=1.0 unres=0.0 quotes=2 cost=$0.5160
2001-013 baseline  cites=  3 exist=0.6667 unres=0.0 quotes=0 cost=$0.5160
2001-013 quota     cites= 10 exist=1.0 unres=0.0 quotes=2 cost=$0.5160
2001-013 temporal  cites=  5 exist=1.0 unres=0.0 quotes=1 cost=$0.5160
2001-013 stakes    cites=  3 exist=1.0 unres=0.0 quotes=2 cost=$0.5160
2001-013 combo     cites= 15 exist=0.8667 unres=0.0 quotes=0 cost=$0.5160
1992-086 baseline  cites=  5 exist=1.0 unres=0.0 quotes=1 cost=$0.5160
1992-086 quota     cites= 10 exist=1.0 unres=0.0 quotes=0 cost=$0.5160
1992-086 temporal  cites=  7 exist=1.0 unres=0.0 quotes=0 cost=$0.5160
1992-086 stakes    cites=  4 exist=1.0 unres=0.0 quotes=0 cost=$0.5160
1992-086 combo     cites=  7 exist=1.0 unres=0.0 quotes=2 cost=$0.5160
2010-046 baseline  cites=  5 exist=1.0 unres=0.0 quotes=1 cost=$0.5160
2010-046 quota     cites= 12 exist=1.0 unres=0.0 quotes=2 cost=$0.5160
2010-046 temporal  cites= 12 exist=0.6667 unres=0.0 quotes=0 cost=$0.5160
2010-046 stakes    cites=  4 exist=1.0 unres=0.0 quotes=2 cost=$0.5160
2010-046 combo     cites= 16 exist=1.0 unres=0.0 quotes=1 cost=$0.5160
2012-006 baseline  cites=  4 exist=1.0 unres=0.0 quotes=0 cost=$0.5160
2012-006 quota     cites= 12 exist=1.0 unres=0.0 quotes=3 cost=$0.5160
2012-006 temporal  cites=  3 exist=1.0 unres=0.0 quotes=1 cost=$0.5160
2012-006 stakes    cites=  3 exist=1.0 unres=0.0 quotes=0 cost=$0.5160
2012-006 combo     cites=  9 exist=1.0 unres=0.0 quotes=3 cost=$0.5160
1998-026 baseline  cites=  3 exist=0.6667 unres=0.0 quotes=0 cost=$0.5160
1998-026 quota     cites= 12 exist=0.9167 unres=0.0 quotes=5 cost=$0.5160
1998-026 temporal  cites=  6 exist=0.8333 unres=0.0 quotes=2 cost=$0.5160
1998-026 stakes    cites=  4 exist=1.0 unres=0.0 quotes=0 cost=$0.5160
1998-026 combo     cites=  9 exist=0.7778 unres=0.0 quotes=1 cost=$0.5160
1997-100 baseline  cites=  8 exist=1.0 unres=0.0 quotes=1 cost=$0.5160
1997-100 quota     cites= 12 exist=1.0 unres=0.0 quotes=1 cost=$0.5160
1997-100 temporal  cites=  4 exist=1.0 unres=0.0 quotes=0 cost=$0.5160
1997-100 stakes    cites=  7 exist=1.0 unres=0.0 quotes=1 cost=$0.5160
1997-100 combo     cites= 18 exist=1.0 unres=0.0 quotes=1 cost=$0.5160
2000-071 baseline  cites=  5 exist=1.0 unres=0.0 quotes=3 cost=$0.5160
2000-071 quota     cites=  8 exist=1.0 unres=0.0 quotes=1 cost=$0.5160
2000-071 temporal  cites=  4 exist=1.0 unres=0.0 quotes=1 cost=$0.5160
2000-071 stakes    cites=  4 exist=1.0 unres=0.0 quotes=1 cost=$0.5160
2000-071 combo     cites= 15 exist=0.8667 unres=0.0 quotes=1 cost=$0.5160
2012-029 baseline  cites=  5 exist=1.0 unres=0.0 quotes=0 cost=$0.5160
2012-029 quota     cites= 14 exist=0.9286 unres=0.0 quotes=2 cost=$0.5177
2012-029 temporal  cites=  2 exist=1.0 unres=0.0 quotes=1 cost=$0.5177
2012-029 stakes    cites=  6 exist=1.0 unres=0.0 quotes=0 cost=$0.5177
2012-029 combo     cites=  8 exist=1.0 unres=0.0 quotes=3 cost=$0.5177
1999-051 baseline  cites=  4 exist=1.0 unres=0.0 quotes=4 cost=$0.5177
1999-051 quota     cites=  8 exist=1.0 unres=0.0 quotes=2 cost=$0.5177
1999-051 temporal  cites=  4 exist=1.0 unres=0.0 quotes=0 cost=$0.5177
1999-051 stakes    cites=  5 exist=1.0 unres=0.0 quotes=1 cost=$0.5177
1999-051 combo     cites= 15 exist=1.0 unres=0.0 quotes=0 cost=$0.5177
{
  "quota": {
    "drafts": 24,
    "abstained": 0,
    "citations_total": 239,
    "cite_verdicts": {
      "exists": 230,
      "not_found": 9
    },
    "existence_rate_pooled": 0.962,
    "quote_verdicts": {
      "inaccurate": 15,
      "near_miss": 15,
      "unverifiable": 17,
      "accurate": 15
    },
    "pin_verdicts": {
      "in_range": 133,
      "out_of_range": 8,
      "no_pin": 94,
      "case_unknown": 4
    },
    "temporal": {}
  },
  "combo": {
    "drafts": 24,
    "abstained": 0,
    "citations_total": 271,
    "cite_verdicts": {
      "exists": 248,
      "not_found": 22,
      "unresolvable": 1
    },
    "existence_rate_pooled": 0.919,
    "quote_verdicts": {
      "inaccurate": 22,
      "near_miss": 15,
      "unverifiable": 15,
      "accurate": 9
    },
    "pin_verdicts": {
      "no_pin": 170,
      "in_range": 87,
      "out_of_range": 7,
      "case_unknown": 5,
      "in_range_unbounded": 2
    },
    "temporal": {
      "checked": 271,
      "violated": 28
    }
  },
  "temporal": {
    "drafts": 24,
    "abstained": 0,
    "citations_total": 104,
    "cite_verdicts": {
      "exists": 96,
      "not_found": 8
    },
    "existence_rate_pooled": 0.923,
    "quote_verdicts": {
      "inaccurate": 13,
      "unverifiable": 11,
      "near_miss": 7,
      "accurate": 4
    },
    "pin_verdicts": {
      "no_pin": 81,
      "in_range": 20,
      "case_unknown": 1,
      "out_of_range": 2
    },
    "temporal": {
      "checked": 104,
      "violated": 8
    }
  },
  "baseline": {
    "drafts": 24,
    "abstained": 0,
    "citations_total": 113,
    "cite_verdicts": {
      "exists": 106,
      "not_found": 7
    },
    "existence_rate_pooled": 0.938,
    "quote_verdicts": {
      "near_miss": 12,
      "inaccurate": 17,
      "unverifiable": 13,
      "accurate": 7
    },
    "pin_verdicts": {
      "no_pin": 36,
      "in_range": 69,
      "out_of_range": 4,
      "case_unknown": 4
    },
    "temporal": {}
  },
  "stakes": {
    "drafts": 24,
    "abstained": 0,
    "citations_total": 104,
    "cite_verdicts": {
      "exists": 98,
      "not_found": 6
    },
    "existence_rate_pooled": 0.942,
    "quote_verdicts": {
      "inaccurate": 14,
      "near_miss": 10,
      "accurate": 12,
      "unverifiable": 8
    },
    "pin_verdicts": {
      "in_range": 65,
      "no_pin": 36,
      "out_of_range": 1,
      "case_unknown": 2
    },
    "temporal": {}
  }
}
total cost $0.5177
2012-006 baseline  cites=  4 exist=1.0 unres=0.0 quotes=0 cost=$0.0614
2012-006 quota     cites= 12 exist=1.0 unres=0.0 quotes=3 cost=$0.0764
2012-006 temporal  cites=  4 exist=1.0 unres=0.0 quotes=1 cost=$0.0908
2012-006 stakes    cites=  3 exist=1.0 unres=0.0 quotes=0 cost=$0.1424
2012-006 combo     cites= 16 exist=0.9375 unres=0.0 quotes=0 cost=$0.1643
1998-026 baseline  cites=  4 exist=0.75 unres=0.0 quotes=0 cost=$0.1701
1998-026 quota     cites= 12 exist=0.9167 unres=0.0 quotes=5 cost=$0.2096
1998-026 temporal  cites=  6 exist=0.8333 unres=0.0 quotes=2 cost=$0.3095
1998-026 stakes    cites=  4 exist=1.0 unres=0.0 quotes=0 cost=$0.3095
1998-026 combo     cites=  9 exist=0.7778 unres=0.0 quotes=1 cost=$0.3095
1997-100 baseline  cites=  8 exist=1.0 unres=0.0 quotes=1 cost=$0.3095
1997-100 quota     cites= 12 exist=1.0 unres=0.0 quotes=1 cost=$0.3095
1997-100 temporal  cites=  4 exist=1.0 unres=0.0 quotes=0 cost=$0.3095
1997-100 stakes    cites=  7 exist=1.0 unres=0.0 quotes=1 cost=$0.3095
1997-100 combo     cites= 18 exist=1.0 unres=0.0 quotes=1 cost=$0.4064
2000-071 baseline  cites=  5 exist=1.0 unres=0.0 quotes=3 cost=$0.4064
2000-071 quota     cites=  8 exist=1.0 unres=0.0 quotes=1 cost=$0.4064
2000-071 temporal  cites=  4 exist=1.0 unres=0.0 quotes=1 cost=$0.4064
2000-071 stakes    cites=  4 exist=1.0 unres=0.0 quotes=1 cost=$0.4064
2000-071 combo     cites= 15 exist=0.8667 unres=0.0 quotes=1 cost=$0.4064
2012-029 baseline  cites=  5 exist=1.0 unres=0.0 quotes=0 cost=$0.4064
2012-029 quota     cites= 14 exist=0.9286 unres=0.0 quotes=2 cost=$0.4321
2012-029 temporal  cites=  2 exist=1.0 unres=0.0 quotes=1 cost=$0.4395
2012-029 stakes    cites=  6 exist=1.0 unres=0.0 quotes=0 cost=$0.4522
2012-029 combo     cites=  8 exist=1.0 unres=0.0 quotes=3 cost=$0.4655
1999-051 baseline  cites=  4 exist=1.0 unres=0.0 quotes=3 cost=$0.4736
1999-051 quota     cites=  9 exist=1.0 unres=0.0 quotes=0 cost=$0.5237
1999-051 temporal  cites=  4 exist=1.0 unres=0.0 quotes=0 cost=$0.5237
1999-051 stakes    cites=  5 exist=1.0 unres=0.0 quotes=1 cost=$0.5237
1999-051 combo     cites= 15 exist=1.0 unres=0.0 quotes=0 cost=$0.5237
{
  "combo": {
    "drafts": 6,
    "abstained": 0,
    "citations_total": 81,
    "cite_verdicts": {
      "exists": 76,
      "not_found": 5
    },
    "existence_rate_pooled": 0.938,
    "quote_verdicts": {
      "inaccurate": 3,
      "near_miss": 2,
      "accurate": 1
    },
    "pin_verdicts": {
      "no_pin": 53,
      "case_unknown": 2,
      "in_range": 25,
      "in_range_unbounded": 1
    },
    "temporal": {
      "checked": 81,
      "violated": 4
    }
  },
  "stakes": {
    "drafts": 6,
    "abstained": 0,
    "citations_total": 29,
    "cite_verdicts": {
      "exists": 29
    },
    "existence_rate_pooled": 1.0,
    "quote_verdicts": {
      "inaccurate": 1,
      "accurate": 1,
      "near_miss": 1
    },
    "pin_verdicts": {
      "in_range": 18,
      "no_pin": 11
    },
    "temporal": {}
  },
  "temporal": {
    "drafts": 6,
    "abstained": 0,
    "citations_total": 24,
    "cite_verdicts": {
      "exists": 23,
      "not_found": 1
    },
    "existence_rate_pooled": 0.958,
    "quote_verdicts": {
      "inaccurate": 3,
      "accurate": 2
    },
    "pin_verdicts": {
      "no_pin": 18,
      "in_range": 6
    },
    "temporal": {
      "checked": 24,
      "violated": 1
    }
  },
  "baseline": {
    "drafts": 6,
    "abstained": 0,
    "citations_total": 30,
    "cite_verdicts": {
      "exists": 29,
      "not_found": 1
    },
    "existence_rate_pooled": 0.967,
    "quote_verdicts": {
      "inaccurate": 3,
      "near_miss": 3,
      "accurate": 1
    },
    "pin_verdicts": {
      "in_range": 16,
      "no_pin": 13,
      "case_unknown": 1
    },
    "temporal": {}
  },
  "quota": {
    "drafts": 6,
    "abstained": 0,
    "citations_total": 67,
    "cite_verdicts": {
      "exists": 65,
      "not_found": 2
    },
    "existence_rate_pooled": 0.97,
    "quote_verdicts": {
      "near_miss": 2,
      "unverifiable": 1,
      "inaccurate": 5,
      "accurate": 4
    },
    "pin_verdicts": {
      "in_range": 23,
      "no_pin": 43,
      "case_unknown": 1
    },
    "temporal": {}
  }
}
total cost $0.5237
2014-024 baseline  cites=  4 exist=1.0 unres=0.0 quotes=5 cost=$0.0629
2014-024 quota     cites=  9 exist=1.0 unres=0.0 quotes=2 cost=$0.0781
2014-024 temporal  cites=  2 exist=1.0 unres=0.0 quotes=2 cost=$0.0951
2014-024 stakes    cites=  3 exist=1.0 unres=0.0 quotes=1 cost=$0.1357
2014-024 combo     cites= 11 exist=1.0 unres=0.0 quotes=10 cost=$0.1761
1990-075 baseline  cites=  4 exist=1.0 unres=0.0 quotes=1 cost=$0.2016
1990-075 quota     cites=  9 exist=1.0 unres=0.0 quotes=2 cost=$0.2269
1990-075 temporal  cites=  4 exist=1.0 unres=0.0 quotes=4 cost=$0.3256
1990-075 stakes    cites=  5 exist=1.0 unres=0.0 quotes=1 cost=$0.3256
1990-075 combo     cites= 10 exist=1.0 unres=0.0 quotes=1 cost=$0.4249
1997-033 baseline  cites=  4 exist=1.0 unres=0.0 quotes=0 cost=$0.4249
1997-033 quota     cites=  8 exist=1.0 unres=0.0 quotes=0 cost=$0.4249
1997-033 temporal  cites=  3 exist=1.0 unres=0.0 quotes=0 cost=$0.4249
1997-033 stakes    cites=  5 exist=1.0 unres=0.0 quotes=5 cost=$0.4249
1997-033 combo     cites=  9 exist=1.0 unres=0.0 quotes=6 cost=$0.4451
1998-085 baseline  cites=  4 exist=1.0 unres=0.0 quotes=4 cost=$0.4451
1998-085 quota     cites= 11 exist=1.0 unres=0.0 quotes=9 cost=$0.4451
1998-085 temporal  cites=  3 exist=1.0 unres=0.0 quotes=5 cost=$0.4451
1998-085 stakes    cites=  2 exist=1.0 unres=0.0 quotes=3 cost=$0.4451
1998-085 combo     cites= 11 exist=0.7273 unres=0.0 quotes=5 cost=$0.4451
1997-021 baseline  cites=  7 exist=0.7143 unres=0.0 quotes=4 cost=$0.4451
1997-021 quota     cites=  8 exist=0.5 unres=0.0 quotes=3 cost=$0.4451
1997-021 temporal  cites=  4 exist=0.75 unres=0.0 quotes=0 cost=$0.4451
1997-021 stakes    cites=  5 exist=0.2 unres=0.0 quotes=0 cost=$0.4451
1997-021 combo     cites= 15 exist=0.6429 unres=0.0667 quotes=0 cost=$0.4451
2005-087 baseline  cites=  3 exist=1.0 unres=0.0 quotes=2 cost=$0.4528
2005-087 quota     cites=  8 exist=1.0 unres=0.0 quotes=2 cost=$0.4663
2005-087 temporal  cites=  2 exist=1.0 unres=0.0 quotes=3 cost=$0.4750
2005-087 stakes    cites=  3 exist=1.0 unres=0.0 quotes=3 cost=$0.4812
2005-087 combo     cites= 11 exist=1.0 unres=0.0 quotes=5 cost=$0.5244
{
  "baseline": {
    "drafts": 6,
    "abstained": 0,
    "citations_total": 26,
    "cite_verdicts": {
      "exists": 24,
      "not_found": 2
    },
    "existence_rate_pooled": 0.923,
    "quote_verdicts": {
      "near_miss": 3,
      "inaccurate": 7,
      "unverifiable": 4,
      "accurate": 2
    },
    "pin_verdicts": {
      "no_pin": 7,
      "in_range": 17,
      "out_of_range": 2
    },
    "temporal": {}
  },
  "quota": {
    "drafts": 6,
    "abstained": 0,
    "citations_total": 53,
    "cite_verdicts": {
      "exists": 49,
      "not_found": 4
    },
    "existence_rate_pooled": 0.925,
    "quote_verdicts": {
      "near_miss": 4,
      "inaccurate": 5,
      "accurate": 4,
      "unverifiable": 5
    },
    "pin_verdicts": {
      "no_pin": 21,
      "in_range": 30,
      "case_unknown": 2
    },
    "temporal": {}
  },
  "combo": {
    "drafts": 6,
    "abstained": 0,
    "citations_total": 67,
    "cite_verdicts": {
      "exists": 58,
      "not_found": 8,
      "unresolvable": 1
    },
    "existence_rate_pooled": 0.879,
    "quote_verdicts": {
      "inaccurate": 11,
      "accurate": 5,
      "unverifiable": 5,
      "near_miss": 6
    },
    "pin_verdicts": {
      "in_range": 23,
      "no_pin": 43,
      "out_of_range": 1
    },
    "temporal": {
      "checked": 67,
      "violated": 7
    }
  },
  "temporal": {
    "drafts": 6,
    "abstained": 0,
    "citations_total": 18,
    "cite_verdicts": {
      "exists": 17,
      "not_found": 1
    },
    "existence_rate_pooled": 0.944,
    "quote_verdicts": {
      "inaccurate": 3,
      "unverifiable": 5,
      "near_miss": 4,
      "accurate": 2
    },
    "pin_verdicts": {
      "no_pin": 15,
      "in_range": 2,
      "out_of_range": 1
    },
    "temporal": {
      "checked": 18,
      "violated": 1
    }
  },
  "stakes": {
    "drafts": 6,
    "abstained": 0,
    "citations_total": 23,
    "cite_verdicts": {
      "exists": 19,
      "not_found": 4
    },
    "existence_rate_pooled": 0.826,
    "quote_verdicts": {
      "inaccurate": 3,
      "accurate": 6,
      "unverifiable": 1,
      "near_miss": 3
    },
    "pin_verdicts": {
      "no_pin": 13,
      "in_range": 8,
      "case_unknown": 2
    },
    "temporal": {}
  }
}
total cost $0.5244
1999-033 baseline  cites=  4 exist=1.0 unres=0.0 quotes=3 cost=$0.0723
1999-033 quota     cites= 15 exist=1.0 unres=0.0 quotes=2 cost=$0.1072
1999-033 temporal  cites=  4 exist=1.0 unres=0.0 quotes=3 cost=$0.1312
1999-033 stakes    cites=  5 exist=1.0 unres=0.0 quotes=5 cost=$0.1502
1999-033 combo     cites=  9 exist=1.0 unres=0.0 quotes=1 cost=$0.2705
1990-114 baseline  cites=  7 exist=1.0 unres=0.0 quotes=2 cost=$0.2705
1990-114 quota     cites= 20 exist=1.0 unres=0.0 quotes=2 cost=$0.3723
1990-114 temporal  cites=  5 exist=1.0 unres=0.0 quotes=1 cost=$0.3723
1990-114 stakes    cites=  3 exist=1.0 unres=0.0 quotes=1 cost=$0.3823
1990-114 combo     cites= 11 exist=1.0 unres=0.0 quotes=3 cost=$0.3963
2020-012 baseline  cites=  5 exist=1.0 unres=0.0 quotes=2 cost=$0.4131
2020-012 quota     cites= 10 exist=1.0 unres=0.0 quotes=5 cost=$0.4302
2020-012 temporal  cites=  4 exist=1.0 unres=0.0 quotes=3 cost=$0.4915
2020-012 stakes    cites=  4 exist=1.0 unres=0.0 quotes=1 cost=$0.4915
2020-012 combo     cites= 11 exist=0.9091 unres=0.0 quotes=3 cost=$0.4915
2020-067 baseline  cites=  4 exist=1.0 unres=0.0 quotes=2 cost=$0.4915
2020-067 quota     cites=  9 exist=1.0 unres=0.0 quotes=3 cost=$0.4915
2020-067 temporal  cites=  4 exist=1.0 unres=0.0 quotes=1 cost=$0.4915
2020-067 stakes    cites=  5 exist=1.0 unres=0.0 quotes=4 cost=$0.4915
2020-067 combo     cites= 10 exist=1.0 unres=0.0 quotes=0 cost=$0.4915
2016-063 baseline  cites=  3 exist=1.0 unres=0.0 quotes=1 cost=$0.4915
2016-063 quota     cites= 10 exist=0.9 unres=0.0 quotes=1 cost=$0.4915
2016-063 temporal  cites=  4 exist=1.0 unres=0.0 quotes=1 cost=$0.4915
2016-063 stakes    cites=  3 exist=1.0 unres=0.0 quotes=1 cost=$0.5007
2016-063 combo     cites= 14 exist=1.0 unres=0.0 quotes=0 cost=$0.5102
1994-059 baseline  cites=  5 exist=1.0 unres=0.0 quotes=2 cost=$0.5144
1994-059 quota     cites= 22 exist=1.0 unres=0.0 quotes=0 cost=$0.5211
1994-059 temporal  cites=  6 exist=1.0 unres=0.0 quotes=2 cost=$0.5303
1994-059 stakes    cites=  4 exist=0.5 unres=0.0 quotes=1 cost=$0.5349
1994-059 combo     cites= 10 exist=0.9 unres=0.0 quotes=2 cost=$0.5414
{
  "temporal": {
    "drafts": 6,
    "abstained": 0,
    "citations_total": 27,
    "cite_verdicts": {
      "exists": 27
    },
    "existence_rate_pooled": 1.0,
    "quote_verdicts": {
      "inaccurate": 4,
      "unverifiable": 5,
      "near_miss": 2
    },
    "pin_verdicts": {
      "no_pin": 18,
      "out_of_range": 2,
      "in_range": 7
    },
    "temporal": {
      "checked": 27,
      "violated": 3
    }
  },
  "baseline": {
    "drafts": 6,
    "abstained": 0,
    "citations_total": 28,
    "cite_verdicts": {
      "exists": 28
    },
    "existence_rate_pooled": 1.0,
    "quote_verdicts": {
      "accurate": 3,
      "unverifiable": 5,
      "inaccurate": 3,
      "near_miss": 1
    },
    "pin_verdicts": {
      "no_pin": 17,
      "in_range": 10,
      "out_of_range": 1
    },
    "temporal": {}
  },
  "quota": {
    "drafts": 6,
    "abstained": 0,
    "citations_total": 86,
    "cite_verdicts": {
      "exists": 85,
      "not_found": 1
    },
    "existence_rate_pooled": 0.988,
    "quote_verdicts": {
      "near_miss": 3,
      "inaccurate": 1,
      "accurate": 4,
      "unverifiable": 5
    },
    "pin_verdicts": {
      "no_pin": 60,
      "in_range": 22,
      "out_of_range": 4
    },
    "temporal": {}
  },
  "combo": {
    "drafts": 6,
    "abstained": 0,
    "citations_total": 65,
    "cite_verdicts": {
      "exists": 63,
      "not_found": 2
    },
    "existence_rate_pooled": 0.969,
    "quote_verdicts": {
      "inaccurate": 5,
      "unverifiable": 3,
      "near_miss": 1
    },
    "pin_verdicts": {
      "no_pin": 45,
      "in_range": 19,
      "out_of_range": 1
    },
    "temporal": {
      "checked": 65,
      "violated": 3
    }
  },
  "stakes": {
    "drafts": 6,
    "abstained": 0,
    "citations_total": 24,
    "cite_verdicts": {
      "exists": 22,
      "not_found": 2
    },
    "existence_rate_pooled": 0.917,
    "quote_verdicts": {
      "near_miss": 4,
      "accurate": 3,
      "inaccurate": 4,
      "unverifiable": 2
    },
    "pin_verdicts": {
      "no_pin": 19,
      "in_range": 5
    },
    "temporal": {}
  }
}
total cost $0.5414
2020-067 baseline  cites=  4 exist=1.0 unres=0.0 quotes=2 cost=$0.0831
2020-067 quota     cites=  9 exist=1.0 unres=0.0 quotes=3 cost=$0.1280
2020-067 temporal  cites=  4 exist=1.0 unres=0.0 quotes=1 cost=$0.1786
2020-067 stakes    cites=  5 exist=1.0 unres=0.0 quotes=4 cost=$0.2001
2020-067 combo     cites= 10 exist=1.0 unres=0.0 quotes=0 cost=$0.3088
2016-063 baseline  cites=  3 exist=1.0 unres=0.0 quotes=1 cost=$0.4064
2016-063 quota     cites= 10 exist=0.9 unres=0.0 quotes=1 cost=$0.4266
2016-063 temporal  cites=  4 exist=1.0 unres=0.0 quotes=1 cost=$0.4857
2016-063 stakes    cites=  3 exist=1.0 unres=0.0 quotes=1 cost=$0.4941
2016-063 combo     cites= 18 exist=1.0 unres=0.0 quotes=0 cost=$0.5433
1994-059 baseline  cites=  5 exist=1.0 unres=0.0 quotes=2 cost=$0.5433
1994-059 quota     cites= 22 exist=1.0 unres=0.0 quotes=0 cost=$0.5433
1994-059 temporal  cites=  6 exist=1.0 unres=0.0 quotes=2 cost=$0.5433
1994-059 stakes    cites=  4 exist=0.5 unres=0.0 quotes=1 cost=$0.5433
1994-059 combo     cites= 10 exist=0.9 unres=0.0 quotes=2 cost=$0.5433
{
  "combo": {
    "drafts": 3,
    "abstained": 0,
    "citations_total": 38,
    "cite_verdicts": {
      "exists": 37,
      "not_found": 1
    },
    "existence_rate_pooled": 0.974,
    "quote_verdicts": {
      "unverifiable": 1,
      "inaccurate": 1
    },
    "pin_verdicts": {
      "out_of_range": 1,
      "in_range": 3,
      "no_pin": 34
    },
    "temporal": {
      "checked": 38,
      "violated": 3
    }
  },
  "temporal": {
    "drafts": 3,
    "abstained": 0,
    "citations_total": 14,
    "cite_verdicts": {
      "exists": 14
    },
    "existence_rate_pooled": 1.0,
    "quote_verdicts": {
      "near_miss": 2,
      "unverifiable": 1,
      "inaccurate": 1
    },
    "pin_verdicts": {
      "in_range": 3,
      "out_of_range": 1,
      "no_pin": 10
    },
    "temporal": {
      "checked": 14,
      "violated": 1
    }
  },
  "stakes": {
    "drafts": 3,
    "abstained": 0,
    "citations_total": 12,
    "cite_verdicts": {
      "exists": 10,
      "not_found": 2
    },
    "existence_rate_pooled": 0.833,
    "quote_verdicts": {
      "accurate": 2,
      "inaccurate": 1,
      "near_miss": 2,
      "unverifiable": 1
    },
    "pin_verdicts": {
      "in_range": 2,
      "no_pin": 10
    },
    "temporal": {}
  },
  "baseline": {
    "drafts": 3,
    "abstained": 0,
    "citations_total": 12,
    "cite_verdicts": {
      "exists": 12
    },
    "existence_rate_pooled": 1.0,
    "quote_verdicts": {
      "accurate": 1,
      "inaccurate": 2,
      "unverifiable": 1,
      "near_miss": 1
    },
    "pin_verdicts": {
      "in_range": 5,
      "no_pin": 7
    },
    "temporal": {}
  },
  "quota": {
    "drafts": 3,
    "abstained": 0,
    "citations_total": 41,
    "cite_verdicts": {
      "exists": 40,
      "not_found": 1
    },
    "existence_rate_pooled": 0.976,
    "quote_verdicts": {
      "accurate": 3,
      "unverifiable": 1
    },
    "pin_verdicts": {
      "in_range": 10,
      "no_pin": 30,
      "out_of_range": 1
    },
    "temporal": {}
  }
}
total cost $0.5433
2003-043 baseline  cites=  5 exist=0.8 unres=0.0 quotes=1 cost=$0.1162
2003-043 quota     cites= 11 exist=0.8182 unres=0.0 quotes=1 cost=$0.1616
2003-043 temporal  cites=  4 exist=0.75 unres=0.0 quotes=0 cost=$0.1897
2003-043 stakes    cites=  5 exist=0.8 unres=0.0 quotes=1 cost=$0.2162
2003-043 combo     cites= 13 exist=0.8462 unres=0.0 quotes=1 cost=$0.3317
2010-026 baseline  cites=  4 exist=1.0 unres=0.0 quotes=5 cost=$0.4078
2010-026 quota     cites=  8 exist=1.0 unres=0.0 quotes=5 cost=$0.4284
2010-026 temporal  cites=  2 exist=1.0 unres=0.0 quotes=4 cost=$0.4438
2010-026 stakes    cites=  4 exist=1.0 unres=0.0 quotes=9 cost=$0.4543
2010-026 combo     cites= 19 exist=0.8947 unres=0.0 quotes=6 cost=$0.4728
2015-007 baseline  cites=  6 exist=1.0 unres=0.0 quotes=1 cost=$0.4827
2015-007 quota     cites= 13 exist=1.0 unres=0.0 quotes=4 cost=$0.5319
2015-007 temporal  cites=  3 exist=1.0 unres=0.0 quotes=4 cost=$0.5319
2015-007 stakes    cites=  6 exist=1.0 unres=0.0 quotes=0 cost=$0.5365
2015-007 combo     cites= 21 exist=1.0 unres=0.0 quotes=0 cost=$0.5450
{
  "quota": {
    "drafts": 3,
    "abstained": 0,
    "citations_total": 32,
    "cite_verdicts": {
      "exists": 30,
      "not_found": 2
    },
    "existence_rate_pooled": 0.938,
    "quote_verdicts": {
      "unverifiable": 4,
      "near_miss": 5,
      "accurate": 1
    },
    "pin_verdicts": {
      "no_pin": 11,
      "case_unknown": 2,
      "in_range": 18,
      "out_of_range": 1
    },
    "temporal": {}
  },
  "stakes": {
    "drafts": 3,
    "abstained": 0,
    "citations_total": 15,
    "cite_verdicts": {
      "exists": 14,
      "not_found": 1
    },
    "existence_rate_pooled": 0.933,
    "quote_verdicts": {
      "unverifiable": 7,
      "inaccurate": 1,
      "accurate": 2
    },
    "pin_verdicts": {
      "in_range": 7,
      "no_pin": 7,
      "case_unknown": 1
    },
    "temporal": {}
  },
  "temporal": {
    "drafts": 3,
    "abstained": 0,
    "citations_total": 9,
    "cite_verdicts": {
      "not_found": 1,
      "exists": 8
    },
    "existence_rate_pooled": 0.889,
    "quote_verdicts": {
      "near_miss": 2,
      "accurate": 2,
      "inaccurate": 4
    },
    "pin_verdicts": {
      "case_unknown": 1,
      "no_pin": 5,
      "in_range": 3
    },
    "temporal": {
      "checked": 8,
      "violated": 3
    }
  },
  "baseline": {
    "drafts": 3,
    "abstained": 0,
    "citations_total": 15,
    "cite_verdicts": {
      "exists": 14,
      "not_found": 1
    },
    "existence_rate_pooled": 0.933,
    "quote_verdicts": {
      "unverifiable": 5,
      "near_miss": 1,
      "accurate": 1
    },
    "pin_verdicts": {
      "in_range": 8,
      "no_pin": 6,
      "case_unknown": 1
    },
    "temporal": {}
  },
  "combo": {
    "drafts": 3,
    "abstained": 0,
    "citations_total": 53,
    "cite_verdicts": {
      "exists": 49,
      "not_found": 4
    },
    "existence_rate_pooled": 0.925,
    "quote_verdicts": {
      "unverifiable": 2,
      "inaccurate": 3,
      "near_miss": 2
    },
    "pin_verdicts": {
      "no_pin": 49,
      "in_range": 4
    },
    "temporal": {
      "checked": 52,
      "violated": 7
    }
  }
}
total cost $0.545
2000-087 baseline  cites=  1 exist=1.0 unres=0.0 quotes=1 cost=$0.0647
2000-087 quota     cites= 11 exist=1.0 unres=0.0 quotes=0 cost=$0.1114
2000-087 temporal  cites=  5 exist=1.0 unres=0.0 quotes=3 cost=$0.1280
2000-087 stakes    cites=  2 exist=1.0 unres=0.0 quotes=1 cost=$0.1531
2000-087 combo     cites=  9 exist=1.0 unres=0.0 quotes=0 cost=$0.1853
2013-068 baseline  cites=  4 exist=1.0 unres=0.0 quotes=1 cost=$0.2060
2013-068 quota     cites=  9 exist=1.0 unres=0.0 quotes=1 cost=$0.2377
2013-068 temporal  cites=  4 exist=1.0 unres=0.0 quotes=1 cost=$0.2487
2013-068 stakes    cites=  3 exist=1.0 unres=0.0 quotes=1 cost=$0.2592
2013-068 combo     cites= 11 exist=1.0 unres=0.0 quotes=0 cost=$0.2730
2020-060 baseline  cites=  4 exist=1.0 unres=0.0 quotes=2 cost=$0.2857
2020-060 quota     cites=  8 exist=1.0 unres=0.0 quotes=4 cost=$0.4187
2020-060 temporal  cites=  5 exist=1.0 unres=0.0 quotes=1 cost=$0.4187
2020-060 stakes    cites=  3 exist=1.0 unres=0.0 quotes=2 cost=$0.4187
2020-060 combo     cites= 11 exist=0.8182 unres=0.0 quotes=1 cost=$0.4414
2003-043 baseline  cites=  5 exist=0.8 unres=0.0 quotes=1 cost=$0.4414
2003-043 quota     cites= 11 exist=0.8182 unres=0.0 quotes=1 cost=$0.4414
2003-043 temporal  cites=  4 exist=0.75 unres=0.0 quotes=0 cost=$0.4414
2003-043 stakes    cites=  5 exist=0.8 unres=0.0 quotes=1 cost=$0.4414
2003-043 combo     cites= 13 exist=0.8462 unres=0.0 quotes=1 cost=$0.4414
2010-026 baseline  cites=  4 exist=1.0 unres=0.0 quotes=5 cost=$0.4414
2010-026 quota     cites=  8 exist=1.0 unres=0.0 quotes=5 cost=$0.4414
2010-026 temporal  cites=  6 exist=1.0 unres=0.0 quotes=4 cost=$0.4506
2010-026 stakes    cites=  4 exist=1.0 unres=0.0 quotes=10 cost=$0.4604
2010-026 combo     cites=  6 exist=1.0 unres=0.0 quotes=6 cost=$0.5192
2015-007 baseline  cites=  6 exist=1.0 unres=0.0 quotes=1 cost=$0.5192
2015-007 quota     cites= 12 exist=1.0 unres=0.0 quotes=1 cost=$0.5265
2015-007 temporal  cites=  6 exist=1.0 unres=0.0 quotes=0 cost=$0.5378
2015-007 stakes    cites=  6 exist=1.0 unres=0.0 quotes=0 cost=$0.5378
2015-007 combo     cites= 21 exist=0.8095 unres=0.0 quotes=0 cost=$0.5470
{
  "stakes": {
    "drafts": 6,
    "abstained": 0,
    "citations_total": 23,
    "cite_verdicts": {
      "exists": 22,
      "not_found": 1
    },
    "existence_rate_pooled": 0.957,
    "quote_verdicts": {
      "accurate": 4,
      "unverifiable": 5,
      "inaccurate": 6
    },
    "pin_verdicts": {
      "in_range": 15,
      "no_pin": 7,
      "case_unknown": 1
    },
    "temporal": {}
  },
  "combo": {
    "drafts": 6,
    "abstained": 0,
    "citations_total": 71,
    "cite_verdicts": {
      "exists": 63,
      "not_found": 8
    },
    "existence_rate_pooled": 0.887,
    "quote_verdicts": {
      "near_miss": 1,
      "unverifiable": 1,
      "inaccurate": 6
    },
    "pin_verdicts": {
      "no_pin": 63,
      "in_range": 8
    },
    "temporal": {
      "checked": 70,
      "violated": 8
    }
  },
  "quota": {
    "drafts": 6,
    "abstained": 0,
    "citations_total": 59,
    "cite_verdicts": {
      "exists": 57,
      "not_found": 2
    },
    "existence_rate_pooled": 0.966,
    "quote_verdicts": {
      "accurate": 2,
      "unverifiable": 6,
      "inaccurate": 2,
      "near_miss": 2
    },
    "pin_verdicts": {
      "no_pin": 15,
      "in_range": 40,
      "out_of_range": 2,
      "case_unknown": 2
    },
    "temporal": {}
  },
  "temporal": {
    "drafts": 6,
    "abstained": 0,
    "citations_total": 30,
    "cite_verdicts": {
      "exists": 29,
      "not_found": 1
    },
    "existence_rate_pooled": 0.967,
    "quote_verdicts": {
      "inaccurate": 6,
      "near_miss": 3
    },
    "pin_verdicts": {
      "no_pin": 23,
      "in_range": 6,
      "case_unknown": 1
    },
    "temporal": {
      "checked": 29,
      "violated": 8
    }
  },
  "baseline": {
    "drafts": 6,
    "abstained": 0,
    "citations_total": 24,
    "cite_verdicts": {
      "exists": 23,
      "not_found": 1
    },
    "existence_rate_pooled": 0.958,
    "quote_verdicts": {
      "near_miss": 2,
      "accurate": 2,
      "unverifiable": 7
    },
    "pin_verdicts": {
      "no_pin": 11,
      "in_range": 12,
      "case_unknown": 1
    },
    "temporal": {}
  }
}
total cost $0.547
2019-024 baseline  cites=  3 exist=1.0 unres=0.0 quotes=5 cost=$0.0023
2019-024 quota     cites=  9 exist=1.0 unres=0.0 quotes=0 cost=$0.0052
2019-024 temporal  cites=  5 exist=0.6 unres=0.0 quotes=0 cost=$0.0095
2019-024 stakes    cites=  2 exist=1.0 unres=0.0 quotes=0 cost=$0.0140
2019-024 combo     cites=  9 exist=1.0 unres=0.0 quotes=1 cost=$0.0156
2011-027 baseline  cites=  6 exist=1.0 unres=0.0 quotes=1 cost=$0.0186
2011-027 quota     cites= 11 exist=1.0 unres=0.0 quotes=0 cost=$0.0213
2011-027 temporal  cites=  5 exist=1.0 unres=0.0 quotes=3 cost=$0.0228
2011-027 stakes    cites=  6 exist=1.0 unres=0.0 quotes=0 cost=$0.0268
2011-027 combo     cites= 18 exist=1.0 unres=0.0 quotes=0 cost=$0.0284
2016-001 baseline  cites=  4 exist=0.75 unres=0.0 quotes=3 cost=$0.0330
2016-001 quota     cites=  8 exist=0.875 unres=0.0 quotes=3 cost=$0.0364
2016-001 temporal  cites=  3 exist=1.0 unres=0.0 quotes=2 cost=$0.0392
2016-001 stakes    cites=  3 exist=1.0 unres=0.0 quotes=3 cost=$0.0449
2016-001 combo     cites=  9 exist=1.0 unres=0.0 quotes=5 cost=$0.0563
2010-065 baseline  cites=  6 exist=1.0 unres=0.0 quotes=0 cost=$0.0708
2010-065 quota     cites= 14 exist=1.0 unres=0.0 quotes=0 cost=$0.0809
2010-065 temporal  cites=  2 exist=1.0 unres=0.0 quotes=1 cost=$0.0894
2010-065 stakes    cites=  8 exist=1.0 unres=0.0 quotes=1 cost=$0.1146
2010-065 combo     cites= 12 exist=1.0 unres=0.0 quotes=2 cost=$0.1488
1997-044 baseline  cites=  3 exist=1.0 unres=0.0 quotes=1 cost=$0.1669
1997-044 quota     cites= 17 exist=1.0 unres=0.0 quotes=1 cost=$0.1882
1997-044 temporal  cites=  5 exist=1.0 unres=0.0 quotes=2 cost=$0.2131
1997-044 stakes    cites=  5 exist=1.0 unres=0.0 quotes=0 cost=$0.2356
1997-044 combo     cites=  9 exist=0.5556 unres=0.0 quotes=0 cost=$0.3348
2001-070 baseline  cites=  4 exist=1.0 unres=0.0 quotes=1 cost=$0.3478
2001-070 quota     cites= 11 exist=1.0 unres=0.0 quotes=3 cost=$0.3651
2001-070 temporal  cites=  7 exist=1.0 unres=0.0 quotes=7 cost=$0.3782
2001-070 stakes    cites=  4 exist=1.0 unres=0.0 quotes=0 cost=$0.3889
2001-070 combo     cites=  6 exist=1.0 unres=0.0 quotes=4 cost=$0.4046
2000-087 baseline  cites=  1 exist=1.0 unres=0.0 quotes=1 cost=$0.4046
2000-087 quota     cites=  9 exist=1.0 unres=0.0 quotes=5 cost=$0.4064
2000-087 temporal  cites=  5 exist=1.0 unres=0.0 quotes=3 cost=$0.4064
2000-087 stakes    cites=  2 exist=1.0 unres=0.0 quotes=1 cost=$0.4064
2000-087 combo     cites=  7 exist=1.0 unres=0.0 quotes=1 cost=$0.4064
2013-068 baseline  cites=  4 exist=1.0 unres=0.0 quotes=1 cost=$0.4064
2013-068 quota     cites=  9 exist=1.0 unres=0.0 quotes=1 cost=$0.4064
2013-068 temporal  cites=  4 exist=1.0 unres=0.0 quotes=1 cost=$0.4064
2013-068 stakes    cites=  2 exist=1.0 unres=0.0 quotes=0 cost=$0.4064
2013-068 combo     cites=  8 exist=1.0 unres=0.0 quotes=1 cost=$0.4064
2020-060 baseline  cites=  4 exist=1.0 unres=0.0 quotes=1 cost=$0.4064
2020-060 quota     cites=  7 exist=1.0 unres=0.0 quotes=5 cost=$0.4064
2020-060 temporal  cites=  5 exist=1.0 unres=0.0 quotes=1 cost=$0.4064
2020-060 stakes    cites=  3 exist=1.0 unres=0.0 quotes=2 cost=$0.4064
2020-060 combo     cites= 13 exist=1.0 unres=0.0 quotes=6 cost=$0.4232
2003-043 baseline  cites=  5 exist=0.8 unres=0.0 quotes=1 cost=$0.4232
2003-043 quota     cites= 11 exist=0.8182 unres=0.0 quotes=1 cost=$0.4232
2003-043 temporal  cites=  4 exist=0.75 unres=0.0 quotes=0 cost=$0.4232
2003-043 stakes    cites=  5 exist=0.8 unres=0.0 quotes=1 cost=$0.4232
2003-043 combo     cites= 13 exist=0.8462 unres=0.0 quotes=1 cost=$0.4232
2010-026 baseline  cites=  4 exist=1.0 unres=0.0 quotes=5 cost=$0.4232
2010-026 quota     cites=  9 exist=1.0 unres=0.0 quotes=12 cost=$0.5177
2010-026 temporal  cites=  6 exist=1.0 unres=0.0 quotes=4 cost=$0.5177
2010-026 stakes    cites=  4 exist=1.0 unres=0.0 quotes=10 cost=$0.5177
2010-026 combo     cites= 19 exist=0.8947 unres=0.0 quotes=6 cost=$0.5177
2015-007 baseline  cites=  6 exist=1.0 unres=0.0 quotes=1 cost=$0.5177
2015-007 quota     cites= 13 exist=0.9231 unres=0.0 quotes=0 cost=$0.5228
2015-007 temporal  cites=  3 exist=1.0 unres=0.0 quotes=4 cost=$0.5289
2015-007 stakes    cites=  7 exist=1.0 unres=0.0 quotes=1 cost=$0.5335
2015-007 combo     cites= 10 exist=0.9 unres=0.0 quotes=0 cost=$0.5485
2015-066 baseline  cites=  6 exist=1.0 unres=0.0 quotes=1 cost=$0.5485
2015-066 quota     cites= 10 exist=1.0 unres=0.0 quotes=2 cost=$0.5485
2015-066 temporal  cites=  4 exist=1.0 unres=0.0 quotes=0 cost=$0.5485
2015-066 stakes    cites=  8 exist=1.0 unres=0.0 quotes=0 cost=$0.5485
2015-066 combo     cites=  7 exist=1.0 unres=0.0 quotes=2 cost=$0.5485
2015-038 baseline  cites=  5 exist=1.0 unres=0.0 quotes=1 cost=$0.5485
2015-038 quota     cites= 13 exist=1.0 unres=0.0 quotes=6 cost=$0.5485
2015-038 temporal  cites=  7 exist=1.0 unres=0.0 quotes=1 cost=$0.5485
2015-038 stakes    cites=  4 exist=1.0 unres=0.0 quotes=0 cost=$0.5485
2015-038 combo     cites= 12 exist=1.0 unres=0.0 quotes=0 cost=$0.5485
2020-058 baseline  cites=  1 exist=1.0 unres=0.0 quotes=1 cost=$0.5485
2020-058 quota     cites=  7 exist=1.0 unres=0.0 quotes=4 cost=$0.5485
2020-058 temporal  cites=  5 exist=0.8 unres=0.0 quotes=5 cost=$0.5485
2020-058 stakes    cites=  3 exist=1.0 unres=0.0 quotes=5 cost=$0.5485
2020-058 combo     cites=  8 exist=1.0 unres=0.0 quotes=8 cost=$0.5485
2020-005 baseline  cites=  6 exist=1.0 unres=0.1667 quotes=3 cost=$0.5485
2020-005 quota     cites= 27 exist=1.0 unres=0.037 quotes=0 cost=$0.5485
2020-005 temporal  cites=  4 exist=1.0 unres=0.0 quotes=1 cost=$0.5485
2020-005 stakes    cites=  4 exist=1.0 unres=0.0 quotes=3 cost=$0.5485
2020-005 combo     cites= 12 exist=1.0 unres=0.0 quotes=2 cost=$0.5485
2018-070 baseline  cites=  2 exist=1.0 unres=0.0 quotes=2 cost=$0.5485
2018-070 quota     cites=  9 exist=1.0 unres=0.0 quotes=3 cost=$0.5485
2018-070 temporal  cites=  3 exist=1.0 unres=0.0 quotes=1 cost=$0.5485
2018-070 stakes    cites=  4 exist=1.0 unres=0.0 quotes=3 cost=$0.5485
2018-070 combo     cites=  5 exist=1.0 unres=0.0 quotes=2 cost=$0.5485
2016-067 baseline  cites=  3 exist=1.0 unres=0.0 quotes=3 cost=$0.5485
2016-067 quota     cites=  6 exist=1.0 unres=0.0 quotes=2 cost=$0.5485
2016-067 temporal  cites=  4 exist=1.0 unres=0.0 quotes=2 cost=$0.5485
2016-067 stakes    cites=  5 exist=1.0 unres=0.0 quotes=6 cost=$0.5485
2016-067 combo     cites=  7 exist=1.0 unres=0.0 quotes=5 cost=$0.5485
1999-033 baseline  cites=  4 exist=1.0 unres=0.0 quotes=3 cost=$0.5485
1999-033 quota     cites= 10 exist=1.0 unres=0.0 quotes=3 cost=$0.5485
1999-033 temporal  cites=  3 exist=1.0 unres=0.0 quotes=2 cost=$0.5485
1999-033 stakes    cites=  5 exist=1.0 unres=0.0 quotes=4 cost=$0.5485
1999-033 combo     cites=  9 exist=1.0 unres=0.0 quotes=1 cost=$0.5485
1990-114 baseline  cites=  7 exist=1.0 unres=0.0 quotes=2 cost=$0.5485
1990-114 quota     cites= 20 exist=1.0 unres=0.0 quotes=2 cost=$0.5485
1990-114 temporal  cites=  5 exist=1.0 unres=0.0 quotes=1 cost=$0.5485
1990-114 stakes    cites=  3 exist=1.0 unres=0.0 quotes=1 cost=$0.5485
1990-114 combo     cites= 11 exist=1.0 unres=0.0 quotes=3 cost=$0.5485
2020-012 baseline  cites=  3 exist=1.0 unres=0.0 quotes=2 cost=$0.5485
2020-012 quota     cites= 13 exist=1.0 unres=0.0 quotes=8 cost=$0.5485
2020-012 temporal  cites=  4 exist=1.0 unres=0.0 quotes=3 cost=$0.5485
2020-012 stakes    cites=  4 exist=1.0 unres=0.0 quotes=1 cost=$0.5485
2020-012 combo     cites= 11 exist=0.9091 unres=0.0 quotes=3 cost=$0.5485
2020-067 baseline  cites=  4 exist=1.0 unres=0.0 quotes=2 cost=$0.5485
2020-067 quota     cites=  9 exist=1.0 unres=0.0 quotes=3 cost=$0.5485
2020-067 temporal  cites=  4 exist=1.0 unres=0.0 quotes=1 cost=$0.5485
2020-067 stakes    cites=  5 exist=1.0 unres=0.0 quotes=4 cost=$0.5485
2020-067 combo     cites= 10 exist=1.0 unres=0.0 quotes=0 cost=$0.5485
2016-063 baseline  cites=  3 exist=1.0 unres=0.0 quotes=1 cost=$0.5485
2016-063 quota     cites= 10 exist=0.9 unres=0.0 quotes=1 cost=$0.5485
2016-063 temporal  cites=  4 exist=1.0 unres=0.0 quotes=1 cost=$0.5485
2016-063 stakes    cites=  3 exist=1.0 unres=0.0 quotes=1 cost=$0.5485
2016-063 combo     cites= 18 exist=1.0 unres=0.0 quotes=0 cost=$0.5485
1994-059 baseline  cites=  5 exist=1.0 unres=0.0 quotes=2 cost=$0.5485
1994-059 quota     cites= 22 exist=1.0 unres=0.0 quotes=0 cost=$0.5485
1994-059 temporal  cites=  6 exist=1.0 unres=0.0 quotes=2 cost=$0.5485
1994-059 stakes    cites=  4 exist=0.5 unres=0.0 quotes=1 cost=$0.5485
1994-059 combo     cites= 10 exist=0.9 unres=0.0 quotes=2 cost=$0.5485
{
  "baseline": {
    "drafts": 24,
    "abstained": 0,
    "citations_total": 99,
    "cite_verdicts": {
      "exists": 96,
      "not_found": 2,
      "unresolvable": 1
    },
    "existence_rate_pooled": 0.98,
    "quote_verdicts": {
      "unverifiable": 21,
      "near_miss": 6,
      "inaccurate": 11,
      "accurate": 6
    },
    "pin_verdicts": {
      "in_range": 54,
      "no_pin": 40,
      "case_unknown": 2,
      "out_of_range": 2
    },
    "temporal": {}
  },
  "stakes": {
    "drafts": 24,
    "abstained": 0,
    "citations_total": 103,
    "cite_verdicts": {
      "exists": 100,
      "not_found": 3
    },
    "existence_rate_pooled": 0.971,
    "quote_verdicts": {
      "inaccurate": 19,
      "unverifiable": 12,
      "accurate": 9,
      "near_miss": 8
    },
    "pin_verdicts": {
      "no_pin": 49,
      "in_range": 51,
      "out_of_range": 2,
      "case_unknown": 1
    },
    "temporal": {}
  },
  "quota": {
    "drafts": 24,
    "abstained": 0,
    "citations_total": 284,
    "cite_verdicts": {
      "exists": 278,
      "not_found": 5,
      "unresolvable": 1
    },
    "existence_rate_pooled": 0.982,
    "quote_verdicts": {
      "unverifiable": 25,
      "near_miss": 7,
      "accurate": 13,
      "inaccurate": 20
    },
    "pin_verdicts": {
      "no_pin": 140,
      "in_range": 130,
      "out_of_range": 11,
      "case_unknown": 3
    },
    "temporal": {}
  },
  "temporal": {
    "drafts": 24,
    "abstained": 0,
    "citations_total": 107,
    "cite_verdicts": {
      "exists": 103,
      "not_found": 4
    },
    "existence_rate_pooled": 0.963,
    "quote_verdicts": {
      "near_miss": 14,
      "unverifiable": 6,
      "inaccurate": 24,
      "accurate": 4
    },
    "pin_verdicts": {
      "no_pin": 74,
      "in_range": 30,
      "case_unknown": 1,
      "out_of_range": 2
    },
    "temporal": {
      "checked": 106,
      "violated": 14
    }
  },
  "combo": {
    "drafts": 24,
    "abstained": 0,
    "citations_total": 253,
    "cite_verdicts": {
      "exists": 242,
      "not_found": 11
    },
    "existence_rate_pooled": 0.957,
    "quote_verdicts": {
      "unverifiable": 12,
      "near_miss": 8,
      "inaccurate": 32,
      "accurate": 3
    },
    "pin_verdicts": {
      "in_range": 87,
      "no_pin": 162,
      "out_of_range": 4
    },
    "temporal": {
      "checked": 252,
      "violated": 22
    }
  }
}
total cost $0.5485
2015-066 baseline  cites=  6 exist=1.0 unres=0.0 quotes=1 cost=$0.0434
2015-066 quota     cites= 10 exist=1.0 unres=0.0 quotes=2 cost=$0.0523
2015-066 temporal  cites=  4 exist=1.0 unres=0.0 quotes=0 cost=$0.0546
2015-066 stakes    cites=  8 exist=1.0 unres=0.0 quotes=0 cost=$0.0601
2015-066 combo     cites=  7 exist=1.0 unres=0.0 quotes=2 cost=$0.0708
2015-038 baseline  cites=  5 exist=1.0 unres=0.0 quotes=0 cost=$0.0999
2015-038 quota     cites= 13 exist=1.0 unres=0.0 quotes=4 cost=$0.1583
2015-038 temporal  cites=  7 exist=1.0 unres=0.0 quotes=1 cost=$0.1957
2015-038 stakes    cites=  4 exist=1.0 unres=0.0 quotes=0 cost=$0.3032
2015-038 combo     cites= 12 exist=1.0 unres=0.0 quotes=0 cost=$0.3032
2020-058 baseline  cites=  1 exist=1.0 unres=0.0 quotes=1 cost=$0.3032
2020-058 quota     cites=  7 exist=1.0 unres=0.0 quotes=4 cost=$0.3209
2020-058 temporal  cites=  5 exist=0.8 unres=0.0 quotes=5 cost=$0.3854
2020-058 stakes    cites=  3 exist=1.0 unres=0.0 quotes=5 cost=$0.3854
2020-058 combo     cites=  8 exist=1.0 unres=0.0 quotes=8 cost=$0.4098
2020-005 baseline  cites=  6 exist=1.0 unres=0.1667 quotes=3 cost=$0.4098
2020-005 quota     cites= 27 exist=1.0 unres=0.037 quotes=0 cost=$0.4098
2020-005 temporal  cites=  4 exist=1.0 unres=0.0 quotes=1 cost=$0.4098
2020-005 stakes    cites=  4 exist=1.0 unres=0.0 quotes=3 cost=$0.4098
2020-005 combo     cites= 12 exist=1.0 unres=0.0 quotes=2 cost=$0.4098
2018-070 baseline  cites=  2 exist=1.0 unres=0.0 quotes=2 cost=$0.4098
2018-070 quota     cites=  9 exist=1.0 unres=0.0 quotes=3 cost=$0.4098
2018-070 temporal  cites=  3 exist=1.0 unres=0.0 quotes=1 cost=$0.4098
2018-070 stakes    cites=  4 exist=1.0 unres=0.0 quotes=3 cost=$0.4098
2018-070 combo     cites=  5 exist=1.0 unres=0.0 quotes=2 cost=$0.4098
2016-067 baseline  cites=  3 exist=1.0 unres=0.0 quotes=3 cost=$0.4098
2016-067 quota     cites=  6 exist=1.0 unres=0.0 quotes=2 cost=$0.5062
2016-067 temporal  cites=  4 exist=1.0 unres=0.0 quotes=2 cost=$0.5062
2016-067 stakes    cites=  5 exist=1.0 unres=0.0 quotes=6 cost=$0.5062
2016-067 combo     cites=  7 exist=1.0 unres=0.0 quotes=5 cost=$0.5062
1999-033 baseline  cites=  4 exist=1.0 unres=0.0 quotes=3 cost=$0.5062
1999-033 quota     cites= 10 exist=1.0 unres=0.0 quotes=3 cost=$0.5062
1999-033 temporal  cites=  3 exist=1.0 unres=0.0 quotes=2 cost=$0.5062
1999-033 stakes    cites=  5 exist=1.0 unres=0.0 quotes=4 cost=$0.5062
1999-033 combo     cites=  9 exist=1.0 unres=0.0 quotes=1 cost=$0.5062
1990-114 baseline  cites=  7 exist=1.0 unres=0.0 quotes=2 cost=$0.5062
1990-114 quota     cites= 20 exist=1.0 unres=0.0 quotes=2 cost=$0.5062
1990-114 temporal  cites=  5 exist=1.0 unres=0.0 quotes=1 cost=$0.5062
1990-114 stakes    cites=  3 exist=1.0 unres=0.0 quotes=1 cost=$0.5062
1990-114 combo     cites= 11 exist=1.0 unres=0.0 quotes=3 cost=$0.5062
2020-012 baseline  cites=  3 exist=1.0 unres=0.0 quotes=2 cost=$0.5062
2020-012 quota     cites= 13 exist=1.0 unres=0.0 quotes=8 cost=$0.5062
2020-012 temporal  cites=  4 exist=1.0 unres=0.0 quotes=3 cost=$0.5062
2020-012 stakes    cites=  4 exist=1.0 unres=0.0 quotes=1 cost=$0.5062
2020-012 combo     cites= 11 exist=0.9091 unres=0.0 quotes=3 cost=$0.5062
2020-067 baseline  cites=  4 exist=1.0 unres=0.0 quotes=2 cost=$0.5062
2020-067 quota     cites=  9 exist=1.0 unres=0.0 quotes=3 cost=$0.5062
2020-067 temporal  cites=  4 exist=1.0 unres=0.0 quotes=1 cost=$0.5062
2020-067 stakes    cites=  5 exist=1.0 unres=0.0 quotes=4 cost=$0.5062
2020-067 combo     cites= 10 exist=1.0 unres=0.0 quotes=0 cost=$0.5062
2016-063 baseline  cites=  3 exist=1.0 unres=0.0 quotes=1 cost=$0.5062
2016-063 quota     cites= 10 exist=0.9 unres=0.0 quotes=1 cost=$0.5062
2016-063 temporal  cites=  4 exist=1.0 unres=0.0 quotes=1 cost=$0.5062
2016-063 stakes    cites=  3 exist=1.0 unres=0.0 quotes=1 cost=$0.5062
2016-063 combo     cites= 12 exist=0.9167 unres=0.0 quotes=0 cost=$0.5395
1994-059 baseline  cites=  5 exist=1.0 unres=0.0 quotes=2 cost=$0.5395
1994-059 quota     cites= 22 exist=1.0 unres=0.0 quotes=0 cost=$0.5395
1994-059 temporal  cites=  6 exist=1.0 unres=0.0 quotes=2 cost=$0.5395
1994-059 stakes    cites=  4 exist=0.5 unres=0.0 quotes=1 cost=$0.5395
1994-059 combo     cites=  9 exist=1.0 unres=0.0 quotes=0 cost=$0.5499
{
  "combo": {
    "drafts": 12,
    "abstained": 0,
    "citations_total": 113,
    "cite_verdicts": {
      "exists": 111,
      "not_found": 2
    },
    "existence_rate_pooled": 0.982,
    "quote_verdicts": {
      "inaccurate": 17,
      "near_miss": 4,
      "accurate": 1,
      "unverifiable": 4
    },
    "pin_verdicts": {
      "no_pin": 75,
      "in_range": 36,
      "out_of_range": 2
    },
    "temporal": {
      "checked": 113,
      "violated": 5
    }
  },
  "baseline": {
    "drafts": 12,
    "abstained": 0,
    "citations_total": 49,
    "cite_verdicts": {
      "exists": 48,
      "unresolvable": 1
    },
    "existence_rate_pooled": 1.0,
    "quote_verdicts": {
      "inaccurate": 10,
      "unverifiable": 7,
      "accurate": 3,
      "near_miss": 2
    },
    "pin_verdicts": {
      "in_range": 24,
      "no_pin": 23,
      "out_of_range": 1
    },
    "temporal": {}
  },
  "temporal": {
    "drafts": 12,
    "abstained": 0,
    "citations_total": 53,
    "cite_verdicts": {
      "exists": 52,
      "not_found": 1
    },
    "existence_rate_pooled": 0.981,
    "quote_verdicts": {
      "unverifiable": 5,
      "inaccurate": 9,
      "accurate": 1,
      "near_miss": 5
    },
    "pin_verdicts": {
      "no_pin": 37,
      "in_range": 14,
      "out_of_range": 2
    },
    "temporal": {
      "checked": 53,
      "violated": 4
    }
  },
  "quota": {
    "drafts": 12,
    "abstained": 0,
    "citations_total": 156,
    "cite_verdicts": {
      "exists": 154,
      "unresolvable": 1,
      "not_found": 1
    },
    "existence_rate_pooled": 0.994,
    "quote_verdicts": {
      "inaccurate": 11,
      "near_miss": 3,
      "unverifiable": 10,
      "accurate": 8
    },
    "pin_verdicts": {
      "no_pin": 79,
      "in_range": 67,
      "out_of_range": 9,
      "case_unknown": 1
    },
    "temporal": {}
  },
  "stakes": {
    "drafts": 12,
    "abstained": 0,
    "citations_total": 52,
    "cite_verdicts": {
      "exists": 50,
      "not_found": 2
    },
    "existence_rate_pooled": 0.962,
    "quote_verdicts": {
      "unverifiable": 7,
      "inaccurate": 11,
      "near_miss": 8,
      "accurate": 3
    },
    "pin_verdicts": {
      "in_range": 23,
      "no_pin": 28,
      "out_of_range": 1
    },
    "temporal": {}
  }
}
total cost $0.5499
2000-087 baseline  cites=  1 exist=1.0 unres=0.0 quotes=0 cost=$0.8954
2000-087 quota     cites=  8 exist=0.875 unres=0.0 quotes=1 cost=$0.8954
2000-087 temporal  cites=  4 exist=0.75 unres=0.0 quotes=3 cost=$0.8954
2000-087 stakes    cites=  1 exist=1.0 unres=0.0 quotes=1 cost=$0.8954
2000-087 combo     cites=  8 exist=0.625 unres=0.0 quotes=0 cost=$0.8954
{
  "combo": {
    "drafts": 1,
    "abstained": 0,
    "citations_total": 8,
    "cite_verdicts": {
      "exists": 5,
      "not_found": 3
    },
    "existence_rate_pooled": 0.625,
    "quote_verdicts": {},
    "pin_verdicts": {
      "in_range": 4,
      "case_unknown": 3,
      "out_of_range": 1
    },
    "temporal": {
      "checked": 8,
      "violated": 0
    }
  },
  "quota": {
    "drafts": 1,
    "abstained": 0,
    "citations_total": 8,
    "cite_verdicts": {
      "exists": 7,
      "not_found": 1
    },
    "existence_rate_pooled": 0.875,
    "quote_verdicts": {
      "unverifiable": 1
    },
    "pin_verdicts": {
      "out_of_range": 1,
      "case_unknown": 1,
      "in_range": 6
    },
    "temporal": {}
  },
  "baseline": {
    "drafts": 1,
    "abstained": 0,
    "citations_total": 1,
    "cite_verdicts": {
      "exists": 1
    },
    "existence_rate_pooled": 1.0,
    "quote_verdicts": {},
    "pin_verdicts": {
      "out_of_range": 1
    },
    "temporal": {}
  },
  "stakes": {
    "drafts": 1,
    "abstained": 0,
    "citations_total": 1,
    "cite_verdicts": {
      "exists": 1
    },
    "existence_rate_pooled": 1.0,
    "quote_verdicts": {
      "accurate": 1
    },
    "pin_verdicts": {
      "out_of_range": 1
    },
    "temporal": {}
  },
  "temporal": {
    "drafts": 1,
    "abstained": 0,
    "citations_total": 4,
    "cite_verdicts": {
      "exists": 3,
      "not_found": 1
    },
    "existence_rate_pooled": 0.75,
    "quote_verdicts": {
      "inaccurate": 2,
      "near_miss": 1
    },
    "pin_verdicts": {
      "in_range": 3,
      "case_unknown": 1
    },
    "temporal": {
      "checked": 4,
      "violated": 0
    }
  }
}
total cost $0.8954
2010-065 baseline  cites=  3 exist=1.0 unres=0.0 quotes=2 cost=$0.8954
2010-065 quota     cites=  0 exist=None unres=None quotes=0 cost=$0.8954
2010-065 temporal  cites=  3 exist=1.0 unres=0.0 quotes=3 cost=$0.8954
2010-065 stakes    cites=  3 exist=1.0 unres=0.0 quotes=1 cost=$0.8954
2010-065 combo     cites= 16 exist=0.8125 unres=0.0 quotes=2 cost=$0.8954
{
  "quota": {
    "drafts": 1,
    "abstained": 1,
    "citations_total": 0,
    "cite_verdicts": {},
    "existence_rate_pooled": null,
    "quote_verdicts": {},
    "pin_verdicts": {},
    "temporal": {}
  },
  "baseline": {
    "drafts": 1,
    "abstained": 0,
    "citations_total": 3,
    "cite_verdicts": {
      "exists": 3
    },
    "existence_rate_pooled": 1.0,
    "quote_verdicts": {
      "unverifiable": 1,
      "accurate": 1
    },
    "pin_verdicts": {
      "in_range": 3
    },
    "temporal": {}
  },
  "temporal": {
    "drafts": 1,
    "abstained": 0,
    "citations_total": 3,
    "cite_verdicts": {
      "exists": 3
    },
    "existence_rate_pooled": 1.0,
    "quote_verdicts": {
      "unverifiable": 2,
      "accurate": 1
    },
    "pin_verdicts": {
      "in_range": 3
    },
    "temporal": {
      "checked": 3,
      "violated": 0
    }
  },
  "combo": {
    "drafts": 1,
    "abstained": 0,
    "citations_total": 16,
    "cite_verdicts": {
      "exists": 13,
      "not_found": 3
    },
    "existence_rate_pooled": 0.812,
    "quote_verdicts": {
      "unverifiable": 1,
      "near_miss": 1
    },
    "pin_verdicts": {
      "in_range": 2,
      "no_pin": 14
    },
    "temporal": {
      "checked": 16,
      "violated": 0
    }
  },
  "stakes": {
    "drafts": 1,
    "abstained": 0,
    "citations_total": 3,
    "cite_verdicts": {
      "exists": 3
    },
    "existence_rate_pooled": 1.0,
    "quote_verdicts": {
      "near_miss": 1
    },
    "pin_verdicts": {
      "in_range": 3
    },
    "temporal": {}
  }
}
total cost $0.8954
1999-033 baseline  cites=  2 exist=0.5 unres=0.0 quotes=1 cost=$0.8954
1999-033 quota     cites=  7 exist=0.7143 unres=0.0 quotes=1 cost=$0.8954
1999-033 temporal  cites=  5 exist=1.0 unres=0.0 quotes=1 cost=$0.8954
1999-033 stakes    cites=  3 exist=0.6667 unres=0.0 quotes=4 cost=$0.8954
1999-033 combo     cites=  6 exist=1.0 unres=0.0 quotes=1 cost=$0.8954
{
  "quota": {
    "drafts": 1,
    "abstained": 0,
    "citations_total": 7,
    "cite_verdicts": {
      "exists": 5,
      "not_found": 2
    },
    "existence_rate_pooled": 0.714,
    "quote_verdicts": {
      "unverifiable": 1
    },
    "pin_verdicts": {
      "in_range": 4,
      "case_unknown": 2,
      "no_pin": 1
    },
    "temporal": {}
  },
  "combo": {
    "drafts": 1,
    "abstained": 0,
    "citations_total": 6,
    "cite_verdicts": {
      "exists": 6
    },
    "existence_rate_pooled": 1.0,
    "quote_verdicts": {
      "unverifiable": 1
    },
    "pin_verdicts": {
      "in_range": 6
    },
    "temporal": {
      "checked": 6,
      "violated": 0
    }
  },
  "stakes": {
    "drafts": 1,
    "abstained": 0,
    "citations_total": 3,
    "cite_verdicts": {
      "exists": 2,
      "not_found": 1
    },
    "existence_rate_pooled": 0.667,
    "quote_verdicts": {
      "unverifiable": 4
    },
    "pin_verdicts": {
      "in_range": 2,
      "case_unknown": 1
    },
    "temporal": {}
  },
  "temporal": {
    "drafts": 1,
    "abstained": 0,
    "citations_total": 5,
    "cite_verdicts": {
      "exists": 5
    },
    "existence_rate_pooled": 1.0,
    "quote_verdicts": {
      "unverifiable": 1
    },
    "pin_verdicts": {
      "no_pin": 1,
      "in_range": 4
    },
    "temporal": {
      "checked": 5,
      "violated": 0
    }
  },
  "baseline": {
    "drafts": 1,
    "abstained": 0,
    "citations_total": 2,
    "cite_verdicts": {
      "exists": 1,
      "not_found": 1
    },
    "existence_rate_pooled": 0.5,
    "quote_verdicts": {
      "unverifiable": 1
    },
    "pin_verdicts": {
      "in_range": 1,
      "case_unknown": 1
    },
    "temporal": {}
  }
}
total cost $0.8954
1992-109 baseline  cites=  5 exist=1.0 unres=0.0 quotes=2 cost=$0.8954
1992-109 quota     cites=  8 exist=0.875 unres=0.0 quotes=6 cost=$0.8954
1992-109 temporal  cites=  3 exist=1.0 unres=0.0 quotes=6 cost=$0.8954
1992-109 stakes    cites=  5 exist=1.0 unres=0.0 quotes=0 cost=$0.8954
1992-109 combo     cites=  9 exist=1.0 unres=0.0 quotes=3 cost=$0.8954
{
  "baseline": {
    "drafts": 1,
    "abstained": 0,
    "citations_total": 5,
    "cite_verdicts": {
      "exists": 5
    },
    "existence_rate_pooled": 1.0,
    "quote_verdicts": {
      "inaccurate": 1,
      "near_miss": 1
    },
    "pin_verdicts": {
      "in_range": 4,
      "no_pin": 1
    },
    "temporal": {}
  },
  "combo": {
    "drafts": 1,
    "abstained": 0,
    "citations_total": 9,
    "cite_verdicts": {
      "exists": 9
    },
    "existence_rate_pooled": 1.0,
    "quote_verdicts": {
      "inaccurate": 2,
      "near_miss": 1
    },
    "pin_verdicts": {
      "out_of_range": 1,
      "in_range": 8
    },
    "temporal": {
      "checked": 9,
      "violated": 0
    }
  },
  "temporal": {
    "drafts": 1,
    "abstained": 0,
    "citations_total": 3,
    "cite_verdicts": {
      "exists": 3
    },
    "existence_rate_pooled": 1.0,
    "quote_verdicts": {
      "inaccurate": 5,
      "near_miss": 1
    },
    "pin_verdicts": {
      "no_pin": 3
    },
    "temporal": {
      "checked": 3,
      "violated": 0
    }
  },
  "stakes": {
    "drafts": 1,
    "abstained": 0,
    "citations_total": 5,
    "cite_verdicts": {
      "exists": 5
    },
    "existence_rate_pooled": 1.0,
    "quote_verdicts": {},
    "pin_verdicts": {
      "in_range": 5
    },
    "temporal": {}
  },
  "quota": {
    "drafts": 1,
    "abstained": 0,
    "citations_total": 8,
    "cite_verdicts": {
      "exists": 7,
      "not_found": 1
    },
    "existence_rate_pooled": 0.875,
    "quote_verdicts": {
      "inaccurate": 5,
      "near_miss": 1
    },
    "pin_verdicts": {
      "in_range": 7,
      "case_unknown": 1
    },
    "temporal": {}
  }
}
total cost $0.8954
2015-066 baseline  cites=  5 exist=1.0 unres=0.0 quotes=1 cost=$0.8954
2015-066 quota     cites= 10 exist=1.0 unres=0.0 quotes=1 cost=$0.8954
2015-066 temporal  cites=  2 exist=1.0 unres=0.0 quotes=0 cost=$0.8954
2015-066 stakes    cites=  4 exist=1.0 unres=0.0 quotes=4 cost=$0.8954
2015-066 combo     cites=  6 exist=1.0 unres=0.0 quotes=3 cost=$0.8954
{
  "stakes": {
    "drafts": 1,
    "abstained": 0,
    "citations_total": 4,
    "cite_verdicts": {
      "exists": 4
    },
    "existence_rate_pooled": 1.0,
    "quote_verdicts": {
      "inaccurate": 2,
      "near_miss": 2
    },
    "pin_verdicts": {
      "in_range": 4
    },
    "temporal": {}
  },
  "combo": {
    "drafts": 1,
    "abstained": 0,
    "citations_total": 6,
    "cite_verdicts": {
      "exists": 6
    },
    "existence_rate_pooled": 1.0,
    "quote_verdicts": {
      "inaccurate": 1,
      "near_miss": 2
    },
    "pin_verdicts": {
      "in_range": 5,
      "out_of_range": 1
    },
    "temporal": {
      "checked": 6,
      "violated": 0
    }
  },
  "baseline": {
    "drafts": 1,
    "abstained": 0,
    "citations_total": 5,
    "cite_verdicts": {
      "exists": 5
    },
    "existence_rate_pooled": 1.0,
    "quote_verdicts": {
      "inaccurate": 1
    },
    "pin_verdicts": {
      "in_range": 3,
      "no_pin": 2
    },
    "temporal": {}
  },
  "quota": {
    "drafts": 1,
    "abstained": 0,
    "citations_total": 10,
    "cite_verdicts": {
      "exists": 10
    },
    "existence_rate_pooled": 1.0,
    "quote_verdicts": {
      "near_miss": 1
    },
    "pin_verdicts": {
      "in_range": 10
    },
    "temporal": {}
  },
  "temporal": {
    "drafts": 1,
    "abstained": 0,
    "citations_total": 2,
    "cite_verdicts": {
      "exists": 2
    },
    "existence_rate_pooled": 1.0,
    "quote_verdicts": {},
    "pin_verdicts": {
      "no_pin": 2
    },
    "temporal": {
      "checked": 2,
      "violated": 0
    }
  }
}
total cost $0.8954
2015-055 baseline  cites=  4 exist=1.0 unres=0.0 quotes=2 cost=$0.8954
2015-055 quota     cites=  7 exist=1.0 unres=0.0 quotes=5 cost=$0.8954
2015-055 temporal  cites=  4 exist=1.0 unres=0.0 quotes=4 cost=$0.8954
2015-055 stakes    cites=  3 exist=1.0 unres=0.0 quotes=4 cost=$0.8954
2015-055 combo     cites=  6 exist=1.0 unres=0.0 quotes=1 cost=$0.8954
{
  "stakes": {
    "drafts": 1,
    "abstained": 0,
    "citations_total": 3,
    "cite_verdicts": {
      "exists": 3
    },
    "existence_rate_pooled": 1.0,
    "quote_verdicts": {
      "inaccurate": 2,
      "accurate": 1,
      "near_miss": 1
    },
    "pin_verdicts": {
      "in_range": 3
    },
    "temporal": {}
  },
  "temporal": {
    "drafts": 1,
    "abstained": 0,
    "citations_total": 4,
    "cite_verdicts": {
      "exists": 4
    },
    "existence_rate_pooled": 1.0,
    "quote_verdicts": {
      "inaccurate": 4
    },
    "pin_verdicts": {
      "in_range": 4
    },
    "temporal": {
      "checked": 4,
      "violated": 0
    }
  },
  "combo": {
    "drafts": 1,
    "abstained": 0,
    "citations_total": 6,
    "cite_verdicts": {
      "exists": 6
    },
    "existence_rate_pooled": 1.0,
    "quote_verdicts": {
      "near_miss": 1
    },
    "pin_verdicts": {
      "no_pin": 5,
      "in_range": 1
    },
    "temporal": {
      "checked": 6,
      "violated": 0
    }
  },
  "baseline": {
    "drafts": 1,
    "abstained": 0,
    "citations_total": 4,
    "cite_verdicts": {
      "exists": 4
    },
    "existence_rate_pooled": 1.0,
    "quote_verdicts": {
      "inaccurate": 2
    },
    "pin_verdicts": {
      "no_pin": 3,
      "in_range": 1
    },
    "temporal": {}
  },
  "quota": {
    "drafts": 1,
    "abstained": 0,
    "citations_total": 7,
    "cite_verdicts": {
      "exists": 7
    },
    "existence_rate_pooled": 1.0,
    "quote_verdicts": {
      "inaccurate": 5
    },
    "pin_verdicts": {
      "in_range": 7
    },
    "temporal": {}
  }
}
total cost $0.8954
1990-075 baseline  cites=  3 exist=1.0 unres=0.0 quotes=2 cost=$0.8954
1990-075 quota     cites=  8 exist=1.0 unres=0.0 quotes=5 cost=$0.8954
1990-075 temporal  cites=  5 exist=1.0 unres=0.0 quotes=7 cost=$0.8954
1990-075 stakes    cites=  6 exist=1.0 unres=0.0 quotes=2 cost=$0.8954
1990-075 combo     cites=  8 exist=0.875 unres=0.0 quotes=2 cost=$0.8954
{
  "stakes": {
    "drafts": 1,
    "abstained": 0,
    "citations_total": 6,
    "cite_verdicts": {
      "exists": 6
    },
    "existence_rate_pooled": 1.0,
    "quote_verdicts": {
      "accurate": 1,
      "near_miss": 1
    },
    "pin_verdicts": {
      "in_range": 1,
      "no_pin": 5
    },
    "temporal": {}
  },
  "temporal": {
    "drafts": 1,
    "abstained": 0,
    "citations_total": 5,
    "cite_verdicts": {
      "exists": 5
    },
    "existence_rate_pooled": 1.0,
    "quote_verdicts": {
      "inaccurate": 2,
      "accurate": 1,
      "near_miss": 4
    },
    "pin_verdicts": {
      "in_range": 2,
      "in_range_unbounded": 1,
      "no_pin": 2
    },
    "temporal": {
      "checked": 5,
      "violated": 0
    }
  },
  "baseline": {
    "drafts": 1,
    "abstained": 0,
    "citations_total": 3,
    "cite_verdicts": {
      "exists": 3
    },
    "existence_rate_pooled": 1.0,
    "quote_verdicts": {
      "near_miss": 2
    },
    "pin_verdicts": {
      "in_range": 3
    },
    "temporal": {}
  },
  "quota": {
    "drafts": 1,
    "abstained": 0,
    "citations_total": 8,
    "cite_verdicts": {
      "exists": 8
    },
    "existence_rate_pooled": 1.0,
    "quote_verdicts": {
      "accurate": 1,
      "inaccurate": 3,
      "near_miss": 1
    },
    "pin_verdicts": {
      "in_range": 7,
      "in_range_unbounded": 1
    },
    "temporal": {}
  },
  "combo": {
    "drafts": 1,
    "abstained": 0,
    "citations_total": 8,
    "cite_verdicts": {
      "exists": 7,
      "not_found": 1
    },
    "existence_rate_pooled": 0.875,
    "quote_verdicts": {
      "accurate": 1,
      "inaccurate": 1
    },
    "pin_verdicts": {
      "in_range": 6,
      "in_range_unbounded": 1,
      "case_unknown": 1
    },
    "temporal": {
      "checked": 8,
      "violated": 0
    }
  }
}
total cost $0.8954
2000-071 baseline  cites=  3 exist=1.0 unres=0.0 quotes=5 cost=$0.8954
2000-071 quota     cites=  4 exist=1.0 unres=0.0 quotes=7 cost=$0.8954
2000-071 temporal  cites=  6 exist=1.0 unres=0.0 quotes=1 cost=$0.8954
2000-071 stakes    cites=  4 exist=1.0 unres=0.0 quotes=6 cost=$0.8954
2000-071 combo     cites=  9 exist=0.8889 unres=0.0 quotes=1 cost=$0.8954
{
  "baseline": {
    "drafts": 1,
    "abstained": 0,
    "citations_total": 3,
    "cite_verdicts": {
      "exists": 3
    },
    "existence_rate_pooled": 1.0,
    "quote_verdicts": {
      "inaccurate": 3,
      "accurate": 1,
      "near_miss": 1
    },
    "pin_verdicts": {
      "no_pin": 3
    },
    "temporal": {}
  },
  "quota": {
    "drafts": 1,
    "abstained": 0,
    "citations_total": 4,
    "cite_verdicts": {
      "exists": 4
    },
    "existence_rate_pooled": 1.0,
    "quote_verdicts": {
      "inaccurate": 5,
      "accurate": 1,
      "near_miss": 1
    },
    "pin_verdicts": {
      "in_range": 4
    },
    "temporal": {}
  },
  "temporal": {
    "drafts": 1,
    "abstained": 0,
    "citations_total": 6,
    "cite_verdicts": {
      "exists": 6
    },
    "existence_rate_pooled": 1.0,
    "quote_verdicts": {
      "near_miss": 1
    },
    "pin_verdicts": {
      "in_range": 6
    },
    "temporal": {
      "checked": 6,
      "violated": 1
    }
  },
  "stakes": {
    "drafts": 1,
    "abstained": 0,
    "citations_total": 4,
    "cite_verdicts": {
      "exists": 4
    },
    "existence_rate_pooled": 1.0,
    "quote_verdicts": {
      "inaccurate": 1,
      "near_miss": 4,
      "accurate": 1
    },
    "pin_verdicts": {
      "no_pin": 1,
      "in_range": 3
    },
    "temporal": {}
  },
  "combo": {
    "drafts": 1,
    "abstained": 0,
    "citations_total": 9,
    "cite_verdicts": {
      "exists": 8,
      "not_found": 1
    },
    "existence_rate_pooled": 0.889,
    "quote_verdicts": {
      "unverifiable": 1
    },
    "pin_verdicts": {
      "no_pin": 9
    },
    "temporal": {
      "checked": 9,
      "violated": 0
    }
  }
}
total cost $0.8954
2014-024 baseline  cites=  4 exist=1.0 unres=0.0 quotes=8 cost=$0.8954
2014-024 quota     cites=  8 exist=1.0 unres=0.0 quotes=3 cost=$0.8954
2014-024 temporal  cites=  3 exist=0.6667 unres=0.0 quotes=2 cost=$0.8954
2014-024 stakes    cites=  4 exist=1.0 unres=0.0 quotes=3 cost=$0.8954
2014-024 combo     cites=  8 exist=0.75 unres=0.0 quotes=8 cost=$0.8954
{
  "combo": {
    "drafts": 1,
    "abstained": 0,
    "citations_total": 8,
    "cite_verdicts": {
      "exists": 6,
      "not_found": 2
    },
    "existence_rate_pooled": 0.75,
    "quote_verdicts": {
      "near_miss": 3,
      "inaccurate": 5
    },
    "pin_verdicts": {
      "in_range": 6,
      "case_unknown": 2
    },
    "temporal": {
      "checked": 8,
      "violated": 0
    }
  },
  "baseline": {
    "drafts": 1,
    "abstained": 0,
    "citations_total": 4,
    "cite_verdicts": {
      "exists": 4
    },
    "existence_rate_pooled": 1.0,
    "quote_verdicts": {
      "near_miss": 4,
      "inaccurate": 4
    },
    "pin_verdicts": {
      "in_range": 4
    },
    "temporal": {}
  },
  "quota": {
    "drafts": 1,
    "abstained": 0,
    "citations_total": 8,
    "cite_verdicts": {
      "exists": 8
    },
    "existence_rate_pooled": 1.0,
    "quote_verdicts": {
      "near_miss": 2,
      "inaccurate": 1
    },
    "pin_verdicts": {
      "in_range": 8
    },
    "temporal": {}
  },
  "stakes": {
    "drafts": 1,
    "abstained": 0,
    "citations_total": 4,
    "cite_verdicts": {
      "exists": 4
    },
    "existence_rate_pooled": 1.0,
    "quote_verdicts": {
      "accurate": 1,
      "near_miss": 1,
      "inaccurate": 1
    },
    "pin_verdicts": {
      "in_range": 3,
      "no_pin": 1
    },
    "temporal": {}
  },
  "temporal": {
    "drafts": 1,
    "abstained": 0,
    "citations_total": 3,
    "cite_verdicts": {
      "exists": 2,
      "not_found": 1
    },
    "existence_rate_pooled": 0.667,
    "quote_verdicts": {
      "accurate": 1,
      "inaccurate": 1
    },
    "pin_verdicts": {
      "no_pin": 3
    },
    "temporal": {
      "checked": 3,
      "violated": 0
    }
  }
}
total cost $0.8954
2020-032 baseline  cites=  3 exist=1.0 unres=0.0 quotes=0 cost=$0.8954
2020-032 quota     cites=  7 exist=0.7143 unres=0.0 quotes=5 cost=$0.8954
2020-032 temporal  cites=  4 exist=1.0 unres=0.0 quotes=3 cost=$0.8954
2020-032 stakes    cites=  3 exist=1.0 unres=0.0 quotes=1 cost=$0.8954
2020-032 combo     cites=  8 exist=0.75 unres=0.0 quotes=3 cost=$0.8954
{
  "temporal": {
    "drafts": 1,
    "abstained": 0,
    "citations_total": 4,
    "cite_verdicts": {
      "exists": 4
    },
    "existence_rate_pooled": 1.0,
    "quote_verdicts": {
      "inaccurate": 3
    },
    "pin_verdicts": {
      "out_of_range": 1,
      "in_range": 3
    },
    "temporal": {
      "checked": 4,
      "violated": 0
    }
  },
  "stakes": {
    "drafts": 1,
    "abstained": 0,
    "citations_total": 3,
    "cite_verdicts": {
      "exists": 3
    },
    "existence_rate_pooled": 1.0,
    "quote_verdicts": {
      "inaccurate": 1
    },
    "pin_verdicts": {
      "in_range": 3
    },
    "temporal": {}
  },
  "baseline": {
    "drafts": 1,
    "abstained": 0,
    "citations_total": 3,
    "cite_verdicts": {
      "exists": 3
    },
    "existence_rate_pooled": 1.0,
    "quote_verdicts": {},
    "pin_verdicts": {
      "in_range": 3
    },
    "temporal": {}
  },
  "quota": {
    "drafts": 1,
    "abstained": 0,
    "citations_total": 7,
    "cite_verdicts": {
      "exists": 5,
      "not_found": 2
    },
    "existence_rate_pooled": 0.714,
    "quote_verdicts": {
      "inaccurate": 3,
      "unverifiable": 2
    },
    "pin_verdicts": {
      "in_range": 5,
      "case_unknown": 2
    },
    "temporal": {}
  },
  "combo": {
    "drafts": 1,
    "abstained": 0,
    "citations_total": 8,
    "cite_verdicts": {
      "exists": 6,
      "not_found": 2
    },
    "existence_rate_pooled": 0.75,
    "quote_verdicts": {
      "inaccurate": 3
    },
    "pin_verdicts": {
      "in_range": 6,
      "case_unknown": 2
    },
    "temporal": {
      "checked": 8,
      "violated": 0
    }
  }
}
total cost $0.8954
2012-031 baseline  cites=  4 exist=1.0 unres=0.0 quotes=3 cost=$0.8954
2012-031 quota     cites=  8 exist=0.75 unres=0.0 quotes=3 cost=$0.8954
2012-031 temporal  cites=  3 exist=1.0 unres=0.0 quotes=0 cost=$0.8954
2012-031 stakes    cites=  3 exist=1.0 unres=0.0 quotes=4 cost=$0.8954
2012-031 combo     cites=  6 exist=1.0 unres=0.0 quotes=0 cost=$0.8954
{
  "quota": {
    "drafts": 1,
    "abstained": 0,
    "citations_total": 8,
    "cite_verdicts": {
      "exists": 6,
      "not_found": 2
    },
    "existence_rate_pooled": 0.75,
    "quote_verdicts": {
      "near_miss": 1,
      "inaccurate": 1,
      "accurate": 1
    },
    "pin_verdicts": {
      "in_range": 6,
      "case_unknown": 2
    },
    "temporal": {}
  },
  "stakes": {
    "drafts": 1,
    "abstained": 0,
    "citations_total": 3,
    "cite_verdicts": {
      "exists": 3
    },
    "existence_rate_pooled": 1.0,
    "quote_verdicts": {
      "unverifiable": 1,
      "inaccurate": 2,
      "near_miss": 1
    },
    "pin_verdicts": {
      "no_pin": 1,
      "in_range": 2
    },
    "temporal": {}
  },
  "combo": {
    "drafts": 1,
    "abstained": 0,
    "citations_total": 6,
    "cite_verdicts": {
      "exists": 6
    },
    "existence_rate_pooled": 1.0,
    "quote_verdicts": {},
    "pin_verdicts": {
      "out_of_range": 1,
      "in_range": 5
    },
    "temporal": {
      "checked": 6,
      "violated": 0
    }
  },
  "temporal": {
    "drafts": 1,
    "abstained": 0,
    "citations_total": 3,
    "cite_verdicts": {
      "exists": 3
    },
    "existence_rate_pooled": 1.0,
    "quote_verdicts": {},
    "pin_verdicts": {
      "in_range": 3
    },
    "temporal": {
      "checked": 3,
      "violated": 0
    }
  },
  "baseline": {
    "drafts": 1,
    "abstained": 0,
    "citations_total": 4,
    "cite_verdicts": {
      "exists": 4
    },
    "existence_rate_pooled": 1.0,
    "quote_verdicts": {
      "inaccurate": 3
    },
    "pin_verdicts": {
      "in_range": 3,
      "no_pin": 1
    },
    "temporal": {}
  }
}
total cost $0.8954
1990-114 baseline  cites=  3 exist=1.0 unres=0.0 quotes=6 cost=$0.8954
1990-114 quota     cites= 11 exist=1.0 unres=0.0 quotes=5 cost=$0.8954
1990-114 temporal  cites=  5 exist=1.0 unres=0.0 quotes=4 cost=$0.8954
1990-114 stakes    cites=  6 exist=1.0 unres=0.0 quotes=3 cost=$0.8954
empty completion draft:1990-114:combo (attempt 1)
1990-114 combo     cites=  8 exist=1.0 unres=0.0 quotes=1 cost=$1.1043
{
  "baseline": {
    "drafts": 1,
    "abstained": 0,
    "citations_total": 3,
    "cite_verdicts": {
      "exists": 3
    },
    "existence_rate_pooled": 1.0,
    "quote_verdicts": {
      "accurate": 3,
      "inaccurate": 1,
      "unverifiable": 2
    },
    "pin_verdicts": {
      "in_range": 3
    },
    "temporal": {}
  },
  "stakes": {
    "drafts": 1,
    "abstained": 0,
    "citations_total": 6,
    "cite_verdicts": {
      "exists": 6
    },
    "existence_rate_pooled": 1.0,
    "quote_verdicts": {
      "accurate": 1,
      "unverifiable": 2
    },
    "pin_verdicts": {
      "in_range": 4,
      "no_pin": 1,
      "out_of_range": 1
    },
    "temporal": {}
  },
  "combo": {
    "drafts": 1,
    "abstained": 0,
    "citations_total": 8,
    "cite_verdicts": {
      "exists": 8
    },
    "existence_rate_pooled": 1.0,
    "quote_verdicts": {
      "inaccurate": 1
    },
    "pin_verdicts": {
      "no_pin": 8
    },
    "temporal": {
      "checked": 8,
      "violated": 0
    }
  },
  "temporal": {
    "drafts": 1,
    "abstained": 0,
    "citations_total": 5,
    "cite_verdicts": {
      "exists": 5
    },
    "existence_rate_pooled": 1.0,
    "quote_verdicts": {
      "inaccurate": 1,
      "accurate": 1,
      "near_miss": 2
    },
    "pin_verdicts": {
      "no_pin": 5
    },
    "temporal": {
      "checked": 5,
      "violated": 1
    }
  },
  "quota": {
    "drafts": 1,
    "abstained": 0,
    "citations_total": 11,
    "cite_verdicts": {
      "exists": 11
    },
    "existence_rate_pooled": 1.0,
    "quote_verdicts": {
      "accurate": 1,
      "unverifiable": 3,
      "inaccurate": 1
    },
    "pin_verdicts": {
      "in_range": 6,
      "out_of_range": 3,
      "no_pin": 2
    },
    "temporal": {}
  }
}
total cost $1.1043
2013-068 baseline  cites=  6 exist=1.0 unres=0.0 quotes=0 cost=$0.8954
2013-068 quota     cites=  8 exist=1.0 unres=0.0 quotes=4 cost=$0.8954
2013-068 temporal  cites=  3 exist=1.0 unres=0.0 quotes=2 cost=$0.8954
2013-068 stakes    cites=  3 exist=1.0 unres=0.0 quotes=0 cost=$0.8954
empty completion draft:2013-068:combo (attempt 1)
2013-068 combo     cites=  6 exist=1.0 unres=0.0 quotes=0 cost=$1.1606
{
  "temporal": {
    "drafts": 1,
    "abstained": 0,
    "citations_total": 3,
    "cite_verdicts": {
      "exists": 3
    },
    "existence_rate_pooled": 1.0,
    "quote_verdicts": {
      "near_miss": 1,
      "inaccurate": 1
    },
    "pin_verdicts": {
      "no_pin": 3
    },
    "temporal": {
      "checked": 3,
      "violated": 0
    }
  },
  "baseline": {
    "drafts": 1,
    "abstained": 0,
    "citations_total": 6,
    "cite_verdicts": {
      "exists": 6
    },
    "existence_rate_pooled": 1.0,
    "quote_verdicts": {},
    "pin_verdicts": {
      "no_pin": 6
    },
    "temporal": {}
  },
  "stakes": {
    "drafts": 1,
    "abstained": 0,
    "citations_total": 3,
    "cite_verdicts": {
      "exists": 3
    },
    "existence_rate_pooled": 1.0,
    "quote_verdicts": {},
    "pin_verdicts": {
      "in_range": 3
    },
    "temporal": {}
  },
  "combo": {
    "drafts": 1,
    "abstained": 0,
    "citations_total": 6,
    "cite_verdicts": {
      "exists": 6
    },
    "existence_rate_pooled": 1.0,
    "quote_verdicts": {},
    "pin_verdicts": {
      "in_range": 6
    },
    "temporal": {
      "checked": 6,
      "violated": 0
    }
  },
  "quota": {
    "drafts": 1,
    "abstained": 0,
    "citations_total": 8,
    "cite_verdicts": {
      "exists": 8
    },
    "existence_rate_pooled": 1.0,
    "quote_verdicts": {
      "accurate": 1,
      "near_miss": 1,
      "inaccurate": 1,
      "unverifiable": 1
    },
    "pin_verdicts": {
      "in_range": 8
    },
    "temporal": {}
  }
}
total cost $1.1606
2012-029 baseline  cites=  4 exist=1.0 unres=0.0 quotes=3 cost=$0.8954
2012-029 quota     cites=  9 exist=1.0 unres=0.1111 quotes=6 cost=$0.8954
2012-029 temporal  cites=  3 exist=1.0 unres=0.0 quotes=2 cost=$0.8954
2012-029 stakes    cites=  3 exist=1.0 unres=0.0 quotes=3 cost=$0.9231
empty completion draft:2012-029:combo (attempt 1)
2012-029 combo     cites=  8 exist=0.875 unres=0.0 quotes=0 cost=$1.3830
{
  "temporal": {
    "drafts": 1,
    "abstained": 0,
    "citations_total": 3,
    "cite_verdicts": {
      "exists": 3
    },
    "existence_rate_pooled": 1.0,
    "quote_verdicts": {
      "inaccurate": 2
    },
    "pin_verdicts": {
      "no_pin": 3
    },
    "temporal": {
      "checked": 3,
      "violated": 0
    }
  },
  "quota": {
    "drafts": 1,
    "abstained": 0,
    "citations_total": 9,
    "cite_verdicts": {
      "exists": 8,
      "unresolvable": 1
    },
    "existence_rate_pooled": 1.0,
    "quote_verdicts": {
      "inaccurate": 4,
      "unverifiable": 2
    },
    "pin_verdicts": {
      "in_range": 5,
      "out_of_range": 2,
      "no_pin": 1,
      "case_unknown": 1
    },
    "temporal": {}
  },
  "stakes": {
    "drafts": 1,
    "abstained": 0,
    "citations_total": 3,
    "cite_verdicts": {
      "exists": 3
    },
    "existence_rate_pooled": 1.0,
    "quote_verdicts": {
      "unverifiable": 3
    },
    "pin_verdicts": {
      "no_pin": 2,
      "in_range": 1
    },
    "temporal": {}
  },
  "combo": {
    "drafts": 1,
    "abstained": 0,
    "citations_total": 8,
    "cite_verdicts": {
      "exists": 7,
      "not_found": 1
    },
    "existence_rate_pooled": 0.875,
    "quote_verdicts": {},
    "pin_verdicts": {
      "in_range": 7,
      "case_unknown": 1
    },
    "temporal": {
      "checked": 8,
      "violated": 0
    }
  },
  "baseline": {
    "drafts": 1,
    "abstained": 0,
    "citations_total": 4,
    "cite_verdicts": {
      "exists": 4
    },
    "existence_rate_pooled": 1.0,
    "quote_verdicts": {
      "unverifiable": 1,
      "inaccurate": 1,
      "near_miss": 1
    },
    "pin_verdicts": {
      "no_pin": 1,
      "in_range": 3
    },
    "temporal": {}
  }
}
total cost $1.383
2001-070 baseline  cites=  4 exist=1.0 unres=0.0 quotes=1 cost=$0.9249
empty completion draft:2001-070:quota (attempt 1)
2001-070 quota     cites=  7 exist=1.0 unres=0.0 quotes=6 cost=$1.2755
2001-070 temporal  cites=  3 exist=1.0 unres=0.0 quotes=4 cost=$1.3958
2001-070 stakes    cites=  3 exist=1.0 unres=0.0 quotes=1 cost=$1.4473
2001-070 combo     cites=  8 exist=0.375 unres=0.0 quotes=4 cost=$1.5513
{
  "stakes": {
    "drafts": 1,
    "abstained": 0,
    "citations_total": 3,
    "cite_verdicts": {
      "exists": 3
    },
    "existence_rate_pooled": 1.0,
    "quote_verdicts": {
      "near_miss": 1
    },
    "pin_verdicts": {
      "no_pin": 3
    },
    "temporal": {}
  },
  "temporal": {
    "drafts": 1,
    "abstained": 0,
    "citations_total": 3,
    "cite_verdicts": {
      "exists": 3
    },
    "existence_rate_pooled": 1.0,
    "quote_verdicts": {
      "inaccurate": 4
    },
    "pin_verdicts": {
      "in_range": 3
    },
    "temporal": {
      "checked": 3,
      "violated": 0
    }
  },
  "combo": {
    "drafts": 1,
    "abstained": 0,
    "citations_total": 8,
    "cite_verdicts": {
      "exists": 3,
      "not_found": 5
    },
    "existence_rate_pooled": 0.375,
    "quote_verdicts": {
      "near_miss": 2,
      "inaccurate": 2
    },
    "pin_verdicts": {
      "in_range": 3,
      "case_unknown": 5
    },
    "temporal": {
      "checked": 8,
      "violated": 0
    }
  },
  "baseline": {
    "drafts": 1,
    "abstained": 0,
    "citations_total": 4,
    "cite_verdicts": {
      "exists": 4
    },
    "existence_rate_pooled": 1.0,
    "quote_verdicts": {
      "accurate": 1
    },
    "pin_verdicts": {
      "no_pin": 2,
      "in_range": 2
    },
    "temporal": {}
  },
  "quota": {
    "drafts": 1,
    "abstained": 0,
    "citations_total": 7,
    "cite_verdicts": {
      "exists": 7
    },
    "existence_rate_pooled": 1.0,
    "quote_verdicts": {
      "near_miss": 1,
      "inaccurate": 4,
      "accurate": 1
    },
    "pin_verdicts": {
      "in_range": 5,
      "no_pin": 2
    },
    "temporal": {}
  }
}
total cost $1.5513
2003-043 baseline  cites=  1 exist=1.0 unres=0.0 quotes=0 cost=$0.8954
2003-043 quota     cites=  3 exist=1.0 unres=0.0 quotes=0 cost=$0.8954
2003-043 temporal  cites=  3 exist=0.6667 unres=0.0 quotes=4 cost=$0.8954
2003-043 stakes    cites=  3 exist=1.0 unres=0.0 quotes=1 cost=$0.8954
empty completion draft:2003-043:combo (attempt 1)
empty completion draft:2003-043:combo (attempt 2)
empty completion draft:2003-043:combo (attempt 3)
SKIP draft:2003-043:combo: empty after retries
{
  "temporal": {
    "drafts": 1,
    "abstained": 0,
    "citations_total": 3,
    "cite_verdicts": {
      "not_found": 1,
      "exists": 2
    },
    "existence_rate_pooled": 0.667,
    "quote_verdicts": {
      "unverifiable": 4
    },
    "pin_verdicts": {
      "no_pin": 3
    },
    "temporal": {
      "checked": 3,
      "violated": 0
    }
  },
  "stakes": {
    "drafts": 1,
    "abstained": 0,
    "citations_total": 3,
    "cite_verdicts": {
      "exists": 3
    },
    "existence_rate_pooled": 1.0,
    "quote_verdicts": {
      "inaccurate": 1
    },
    "pin_verdicts": {
      "no_pin": 3
    },
    "temporal": {}
  },
  "quota": {
    "drafts": 1,
    "abstained": 0,
    "citations_total": 3,
    "cite_verdicts": {
      "exists": 3
    },
    "existence_rate_pooled": 1.0,
    "quote_verdicts": {},
    "pin_verdicts": {
      "no_pin": 3
    },
    "temporal": {}
  },
  "baseline": {
    "drafts": 1,
    "abstained": 0,
    "citations_total": 1,
    "cite_verdicts": {
      "exists": 1
    },
    "existence_rate_pooled": 1.0,
    "quote_verdicts": {},
    "pin_verdicts": {
      "no_pin": 1
    },
    "temporal": {}
  }
}
total cost $1.5713
1992-086 baseline  cites=  3 exist=1.0 unres=0.0 quotes=1 cost=$0.8954
1992-086 quota     cites=  8 exist=1.0 unres=0.0 quotes=5 cost=$0.9484
empty completion draft:1992-086:temporal (attempt 1)
1992-086 temporal  cites=  5 exist=1.0 unres=0.0 quotes=2 cost=$1.2487
1992-086 stakes    cites=  2 exist=1.0 unres=0.0 quotes=1 cost=$1.2487
empty completion draft:1992-086:combo (attempt 1)
1992-086 combo     cites=  8 exist=1.0 unres=0.0 quotes=5 cost=$1.6238
{
  "stakes": {
    "drafts": 1,
    "abstained": 0,
    "citations_total": 2,
    "cite_verdicts": {
      "exists": 2
    },
    "existence_rate_pooled": 1.0,
    "quote_verdicts": {
      "accurate": 1
    },
    "pin_verdicts": {
      "in_range": 2
    },
    "temporal": {}
  },
  "quota": {
    "drafts": 1,
    "abstained": 0,
    "citations_total": 8,
    "cite_verdicts": {
      "exists": 8
    },
    "existence_rate_pooled": 1.0,
    "quote_verdicts": {
      "near_miss": 3,
      "accurate": 1,
      "inaccurate": 1
    },
    "pin_verdicts": {
      "in_range": 8
    },
    "temporal": {}
  },
  "temporal": {
    "drafts": 1,
    "abstained": 0,
    "citations_total": 5,
    "cite_verdicts": {
      "exists": 5
    },
    "existence_rate_pooled": 1.0,
    "quote_verdicts": {
      "unverifiable": 1,
      "inaccurate": 1
    },
    "pin_verdicts": {
      "no_pin": 5
    },
    "temporal": {
      "checked": 5,
      "violated": 0
    }
  },
  "baseline": {
    "drafts": 1,
    "abstained": 0,
    "citations_total": 3,
    "cite_verdicts": {
      "exists": 3
    },
    "existence_rate_pooled": 1.0,
    "quote_verdicts": {
      "inaccurate": 1
    },
    "pin_verdicts": {
      "in_range": 3
    },
    "temporal": {}
  },
  "combo": {
    "drafts": 1,
    "abstained": 0,
    "citations_total": 8,
    "cite_verdicts": {
      "exists": 8
    },
    "existence_rate_pooled": 1.0,
    "quote_verdicts": {
      "inaccurate": 4,
      "near_miss": 1
    },
    "pin_verdicts": {
      "in_range": 6,
      "no_pin": 1,
      "out_of_range": 1
    },
    "temporal": {
      "checked": 8,
      "violated": 0
    }
  }
}
total cost $1.6238
2010-065 baseline  cites=  3 exist=1.0 unres=0.0 quotes=2 cost=$0.0555
2010-065 quota     cites=  0 exist=None unres=None quotes=0 cost=$0.0839
2010-065 temporal  cites=  3 exist=1.0 unres=0.0 quotes=3 cost=$0.1283
2010-065 stakes    cites=  3 exist=1.0 unres=0.0 quotes=1 cost=$0.1566
2010-065 combo     cites= 16 exist=0.8125 unres=0.0 quotes=2 cost=$0.2049
1997-044 baseline  cites=  5 exist=0.75 unres=0.2 quotes=2 cost=$0.2582
1997-044 quota     cites=  9 exist=0.4444 unres=0.0 quotes=3 cost=$0.2922
empty completion draft:1997-044:temporal (attempt 1)
empty completion draft:1997-044:temporal (attempt 2)
empty completion draft:1997-044:temporal (attempt 3)
SKIP draft:1997-044:temporal: empty after retries
1997-044 stakes    cites=  6 exist=0.8333 unres=0.0 quotes=4 cost=$0.6598
empty completion draft:1997-044:combo (attempt 1)
empty completion draft:1997-044:combo (attempt 2)
empty completion draft:1997-044:combo (attempt 3)
SKIP draft:1997-044:combo: empty after retries
2001-070 baseline  cites=  4 exist=1.0 unres=0.0 quotes=1 cost=$0.9847
empty completion draft:2001-070:quota (attempt 1)
2001-070 quota     cites=  6 exist=1.0 unres=0.0 quotes=5 cost=$1.3676
2001-070 temporal  cites=  4 exist=1.0 unres=0.0 quotes=4 cost=$1.4081
empty completion draft:2001-070:stakes (attempt 1)
2001-070 stakes    cites=  3 exist=1.0 unres=0.0 quotes=1 cost=$1.6796
2001-070 combo     cites=  8 exist=0.375 unres=0.0 quotes=4 cost=$1.6796
{
  "baseline": {
    "drafts": 3,
    "abstained": 0,
    "citations_total": 12,
    "cite_verdicts": {
      "exists": 10,
      "not_found": 1,
      "unresolvable": 1
    },
    "existence_rate_pooled": 0.909,
    "quote_verdicts": {
      "unverifiable": 1,
      "accurate": 3,
      "inaccurate": 1
    },
    "pin_verdicts": {
      "in_range": 8,
      "no_pin": 4
    },
    "temporal": {}
  },
  "combo": {
    "drafts": 2,
    "abstained": 0,
    "citations_total": 24,
    "cite_verdicts": {
      "exists": 16,
      "not_found": 8
    },
    "existence_rate_pooled": 0.667,
    "quote_verdicts": {
      "unverifiable": 1,
      "near_miss": 3,
      "inaccurate": 2
    },
    "pin_verdicts": {
      "in_range": 5,
      "no_pin": 14,
      "case_unknown": 5
    },
    "temporal": {
      "checked": 24,
      "violated": 0
    }
  },
  "stakes": {
    "drafts": 3,
    "abstained": 0,
    "citations_total": 12,
    "cite_verdicts": {
      "exists": 11,
      "not_found": 1
    },
    "existence_rate_pooled": 0.917,
    "quote_verdicts": {
      "near_miss": 2,
      "accurate": 1,
      "unverifiable": 2,
      "inaccurate": 1
    },
    "pin_verdicts": {
      "in_range": 6,
      "no_pin": 6
    },
    "temporal": {}
  },
  "temporal": {
    "drafts": 2,
    "abstained": 0,
    "citations_total": 7,
    "cite_verdicts": {
      "exists": 7
    },
    "existence_rate_pooled": 1.0,
    "quote_verdicts": {
      "unverifiable": 2,
      "accurate": 1,
      "inaccurate": 3,
      "near_miss": 1
    },
    "pin_verdicts": {
      "in_range": 3,
      "no_pin": 4
    },
    "temporal": {
      "checked": 7,
      "violated": 0
    }
  },
  "quota": {
    "drafts": 3,
    "abstained": 1,
    "citations_total": 15,
    "cite_verdicts": {
      "exists": 10,
      "not_found": 5
    },
    "existence_rate_pooled": 0.667,
    "quote_verdicts": {
      "unverifiable": 2,
      "accurate": 4,
      "near_miss": 1,
      "inaccurate": 1
    },
    "pin_verdicts": {
      "in_range": 4,
      "case_unknown": 5,
      "no_pin": 6
    },
    "temporal": {}
  }
}
total cost $1.6796
1998-085 baseline  cites=  0 exist=None unres=None quotes=0 cost=$0.8954
1998-085 quota     cites=  9 exist=0.8889 unres=0.0 quotes=13 cost=$0.8954
1998-085 temporal  cites=  3 exist=0.6667 unres=0.0 quotes=6 cost=$0.8954
1998-085 stakes    cites=  3 exist=0.6667 unres=0.0 quotes=3 cost=$0.9313
empty completion draft:1998-085:combo (attempt 1)
empty completion draft:1998-085:combo (attempt 2)
empty completion draft:1998-085:combo (attempt 3)
SKIP draft:1998-085:combo: empty after retries
{
  "stakes": {
    "drafts": 1,
    "abstained": 0,
    "citations_total": 3,
    "cite_verdicts": {
      "not_found": 1,
      "exists": 2
    },
    "existence_rate_pooled": 0.667,
    "quote_verdicts": {
      "accurate": 1,
      "unverifiable": 2
    },
    "pin_verdicts": {
      "case_unknown": 1,
      "in_range": 2
    },
    "temporal": {}
  },
  "quota": {
    "drafts": 1,
    "abstained": 0,
    "citations_total": 9,
    "cite_verdicts": {
      "exists": 8,
      "not_found": 1
    },
    "existence_rate_pooled": 0.889,
    "quote_verdicts": {
      "inaccurate": 8,
      "near_miss": 1,
      "unverifiable": 4
    },
    "pin_verdicts": {
      "in_range": 8,
      "case_unknown": 1
    },
    "temporal": {}
  },
  "temporal": {
    "drafts": 1,
    "abstained": 0,
    "citations_total": 3,
    "cite_verdicts": {
      "exists": 2,
      "not_found": 1
    },
    "existence_rate_pooled": 0.667,
    "quote_verdicts": {
      "inaccurate": 1,
      "near_miss": 2,
      "unverifiable": 3
    },
    "pin_verdicts": {
      "in_range": 2,
      "case_unknown": 1
    },
    "temporal": {
      "checked": 3,
      "violated": 0
    }
  },
  "baseline": {
    "drafts": 1,
    "abstained": 1,
    "citations_total": 0,
    "cite_verdicts": {},
    "existence_rate_pooled": null,
    "quote_verdicts": {},
    "pin_verdicts": {},
    "temporal": {}
  }
}
total cost $1.6913
2011-027 baseline  cites=  4 exist=1.0 unres=0.0 quotes=2 cost=$0.8954
empty completion draft:2011-027:quota (attempt 1)
2011-027 quota     cites=  9 exist=1.0 unres=0.0 quotes=2 cost=$1.0657
2011-027 temporal  cites=  3 exist=1.0 unres=0.0 quotes=3 cost=$1.0657
2011-027 stakes    cites=  3 exist=1.0 unres=0.0 quotes=1 cost=$1.0657
empty completion draft:2011-027:combo (attempt 1)
empty completion draft:2011-027:combo (attempt 2)
empty completion draft:2011-027:combo (attempt 3)
SKIP draft:2011-027:combo: empty after retries
{
  "baseline": {
    "drafts": 1,
    "abstained": 0,
    "citations_total": 4,
    "cite_verdicts": {
      "exists": 4
    },
    "existence_rate_pooled": 1.0,
    "quote_verdicts": {
      "inaccurate": 1,
      "near_miss": 1
    },
    "pin_verdicts": {
      "in_range": 4
    },
    "temporal": {}
  },
  "temporal": {
    "drafts": 1,
    "abstained": 0,
    "citations_total": 3,
    "cite_verdicts": {
      "exists": 3
    },
    "existence_rate_pooled": 1.0,
    "quote_verdicts": {
      "inaccurate": 3
    },
    "pin_verdicts": {
      "no_pin": 3
    },
    "temporal": {
      "checked": 3,
      "violated": 0
    }
  },
  "stakes": {
    "drafts": 1,
    "abstained": 0,
    "citations_total": 3,
    "cite_verdicts": {
      "exists": 3
    },
    "existence_rate_pooled": 1.0,
    "quote_verdicts": {
      "near_miss": 1
    },
    "pin_verdicts": {
      "in_range": 3
    },
    "temporal": {}
  },
  "quota": {
    "drafts": 1,
    "abstained": 0,
    "citations_total": 9,
    "cite_verdicts": {
      "exists": 9
    },
    "existence_rate_pooled": 1.0,
    "quote_verdicts": {
      "inaccurate": 1,
      "near_miss": 1
    },
    "pin_verdicts": {
      "in_range": 8,
      "out_of_range": 1
    },
    "temporal": {}
  }
}
total cost $1.7012
2012-006 baseline  cites=  3 exist=0.6667 unres=0.0 quotes=0 cost=$0.8954
2012-006 quota     cites=  8 exist=0.75 unres=0.0 quotes=0 cost=$0.8954
2012-006 temporal  cites=  2 exist=0.0 unres=0.0 quotes=0 cost=$0.8954
2012-006 stakes    cites=  3 exist=0.6667 unres=0.0 quotes=0 cost=$0.8954
empty completion draft:2012-006:combo (attempt 1)
empty completion draft:2012-006:combo (attempt 2)
empty completion draft:2012-006:combo (attempt 3)
SKIP draft:2012-006:combo: empty after retries
{
  "baseline": {
    "drafts": 1,
    "abstained": 0,
    "citations_total": 3,
    "cite_verdicts": {
      "not_found": 1,
      "exists": 2
    },
    "existence_rate_pooled": 0.667,
    "quote_verdicts": {},
    "pin_verdicts": {
      "case_unknown": 1,
      "in_range": 2
    },
    "temporal": {}
  },
  "quota": {
    "drafts": 1,
    "abstained": 0,
    "citations_total": 8,
    "cite_verdicts": {
      "exists": 6,
      "not_found": 2
    },
    "existence_rate_pooled": 0.75,
    "quote_verdicts": {},
    "pin_verdicts": {
      "in_range": 4,
      "out_of_range": 2,
      "case_unknown": 2
    },
    "temporal": {}
  },
  "stakes": {
    "drafts": 1,
    "abstained": 0,
    "citations_total": 3,
    "cite_verdicts": {
      "exists": 2,
      "not_found": 1
    },
    "existence_rate_pooled": 0.667,
    "quote_verdicts": {},
    "pin_verdicts": {
      "in_range": 2,
      "case_unknown": 1
    },
    "temporal": {}
  },
  "temporal": {
    "drafts": 1,
    "abstained": 0,
    "citations_total": 2,
    "cite_verdicts": {
      "not_found": 2
    },
    "existence_rate_pooled": 0.0,
    "quote_verdicts": {},
    "pin_verdicts": {
      "case_unknown": 2
    },
    "temporal": {
      "checked": 2,
      "violated": 0
    }
  }
}
total cost $1.7216
1997-044 baseline  cites=  5 exist=0.75 unres=0.2 quotes=2 cost=$0.8954
1997-044 quota     cites=  9 exist=0.4444 unres=0.0 quotes=3 cost=$0.8954
1997-044 temporal  cites=  3 exist=0.0 unres=0.0 quotes=0 cost=$0.9449
1997-044 stakes    cites=  6 exist=0.8333 unres=0.0 quotes=4 cost=$0.9449
empty completion draft:1997-044:combo (attempt 1)
empty completion draft:1997-044:combo (attempt 2)
empty completion draft:1997-044:combo (attempt 3)
SKIP draft:1997-044:combo: empty after retries
{
  "temporal": {
    "drafts": 1,
    "abstained": 0,
    "citations_total": 3,
    "cite_verdicts": {
      "not_found": 3
    },
    "existence_rate_pooled": 0.0,
    "quote_verdicts": {},
    "pin_verdicts": {
      "case_unknown": 3
    },
    "temporal": {
      "checked": 3,
      "violated": 0
    }
  },
  "stakes": {
    "drafts": 1,
    "abstained": 0,
    "citations_total": 6,
    "cite_verdicts": {
      "exists": 5,
      "not_found": 1
    },
    "existence_rate_pooled": 0.833,
    "quote_verdicts": {
      "accurate": 1,
      "unverifiable": 2,
      "inaccurate": 1
    },
    "pin_verdicts": {
      "in_range": 3,
      "no_pin": 3
    },
    "temporal": {}
  },
  "baseline": {
    "drafts": 1,
    "abstained": 0,
    "citations_total": 5,
    "cite_verdicts": {
      "exists": 3,
      "not_found": 1,
      "unresolvable": 1
    },
    "existence_rate_pooled": 0.75,
    "quote_verdicts": {
      "accurate": 1,
      "inaccurate": 1
    },
    "pin_verdicts": {
      "in_range": 3,
      "no_pin": 2
    },
    "temporal": {}
  },
  "quota": {
    "drafts": 1,
    "abstained": 0,
    "citations_total": 9,
    "cite_verdicts": {
      "exists": 4,
      "not_found": 5
    },
    "existence_rate_pooled": 0.444,
    "quote_verdicts": {
      "unverifiable": 2,
      "accurate": 1
    },
    "pin_verdicts": {
      "in_range": 4,
      "case_unknown": 5
    },
    "temporal": {}
  }
}
total cost $1.7471
2011-010 baseline  cites=  3 exist=1.0 unres=0.0 quotes=4 cost=$0.8954
2011-010 quota     cites=  8 exist=1.0 unres=0.0 quotes=12 cost=$0.8954
2011-010 temporal  cites=  4 exist=0.25 unres=0.0 quotes=1 cost=$0.8954
2011-010 stakes    cites=  0 exist=None unres=None quotes=0 cost=$0.8954
empty completion draft:2011-010:combo (attempt 1)
empty completion draft:2011-010:combo (attempt 2)
empty completion draft:2011-010:combo (attempt 3)
SKIP draft:2011-010:combo: empty after retries
{
  "quota": {
    "drafts": 1,
    "abstained": 0,
    "citations_total": 8,
    "cite_verdicts": {
      "exists": 8
    },
    "existence_rate_pooled": 1.0,
    "quote_verdicts": {
      "near_miss": 4,
      "inaccurate": 1,
      "unverifiable": 7
    },
    "pin_verdicts": {
      "in_range": 6,
      "out_of_range": 2
    },
    "temporal": {}
  },
  "baseline": {
    "drafts": 1,
    "abstained": 0,
    "citations_total": 3,
    "cite_verdicts": {
      "exists": 3
    },
    "existence_rate_pooled": 1.0,
    "quote_verdicts": {
      "inaccurate": 1,
      "near_miss": 2,
      "unverifiable": 1
    },
    "pin_verdicts": {
      "in_range": 2,
      "no_pin": 1
    },
    "temporal": {}
  },
  "stakes": {
    "drafts": 1,
    "abstained": 1,
    "citations_total": 0,
    "cite_verdicts": {},
    "existence_rate_pooled": null,
    "quote_verdicts": {},
    "pin_verdicts": {},
    "temporal": {}
  },
  "temporal": {
    "drafts": 1,
    "abstained": 0,
    "citations_total": 4,
    "cite_verdicts": {
      "exists": 1,
      "not_found": 3
    },
    "existence_rate_pooled": 0.25,
    "quote_verdicts": {
      "inaccurate": 1
    },
    "pin_verdicts": {
      "in_range": 1,
      "case_unknown": 3
    },
    "temporal": {
      "checked": 4,
      "violated": 0
    }
  }
}
total cost $1.7876
2001-013 baseline  cites=  2 exist=1.0 unres=0.0 quotes=0 cost=$0.8954
2001-013 quota     cites=  8 exist=0.75 unres=0.0 quotes=1 cost=$0.9725
2001-013 temporal  cites=  2 exist=1.0 unres=0.0 quotes=3 cost=$0.9725
2001-013 stakes    cites=  3 exist=0.6667 unres=0.0 quotes=1 cost=$0.9725
empty completion draft:2001-013:combo (attempt 1)
empty completion draft:2001-013:combo (attempt 2)
empty completion draft:2001-013:combo (attempt 3)
SKIP draft:2001-013:combo: empty after retries
{
  "temporal": {
    "drafts": 1,
    "abstained": 0,
    "citations_total": 2,
    "cite_verdicts": {
      "exists": 2
    },
    "existence_rate_pooled": 1.0,
    "quote_verdicts": {
      "inaccurate": 2,
      "near_miss": 1
    },
    "pin_verdicts": {
      "in_range": 1,
      "no_pin": 1
    },
    "temporal": {
      "checked": 2,
      "violated": 0
    }
  },
  "quota": {
    "drafts": 1,
    "abstained": 0,
    "citations_total": 8,
    "cite_verdicts": {
      "exists": 6,
      "not_found": 2
    },
    "existence_rate_pooled": 0.75,
    "quote_verdicts": {
      "inaccurate": 1
    },
    "pin_verdicts": {
      "in_range": 6,
      "case_unknown": 2
    },
    "temporal": {}
  },
  "stakes": {
    "drafts": 1,
    "abstained": 0,
    "citations_total": 3,
    "cite_verdicts": {
      "not_found": 1,
      "exists": 2
    },
    "existence_rate_pooled": 0.667,
    "quote_verdicts": {
      "inaccurate": 1
    },
    "pin_verdicts": {
      "case_unknown": 1,
      "no_pin": 2
    },
    "temporal": {}
  },
  "baseline": {
    "drafts": 1,
    "abstained": 0,
    "citations_total": 2,
    "cite_verdicts": {
      "exists": 2
    },
    "existence_rate_pooled": 1.0,
    "quote_verdicts": {},
    "pin_verdicts": {
      "no_pin": 2
    },
    "temporal": {}
  }
}
total cost $1.8077
2015-038 baseline  cites=  2 exist=1.0 unres=0.0 quotes=3 cost=$0.8954
empty completion draft:2015-038:quota (attempt 1)
2015-038 quota     cites=  9 exist=0.8889 unres=0.0 quotes=1 cost=$1.1246
2015-038 temporal  cites=  3 exist=1.0 unres=0.0 quotes=2 cost=$1.1246
2015-038 stakes    cites=  4 exist=0.75 unres=0.0 quotes=3 cost=$1.1246
empty completion draft:2015-038:combo (attempt 1)
empty completion draft:2015-038:combo (attempt 2)
empty completion draft:2015-038:combo (attempt 3)
SKIP draft:2015-038:combo: empty after retries
{
  "stakes": {
    "drafts": 1,
    "abstained": 0,
    "citations_total": 4,
    "cite_verdicts": {
      "not_found": 1,
      "exists": 3
    },
    "existence_rate_pooled": 0.75,
    "quote_verdicts": {
      "inaccurate": 3
    },
    "pin_verdicts": {
      "case_unknown": 1,
      "in_range": 3
    },
    "temporal": {}
  },
  "baseline": {
    "drafts": 1,
    "abstained": 0,
    "citations_total": 2,
    "cite_verdicts": {
      "exists": 2
    },
    "existence_rate_pooled": 1.0,
    "quote_verdicts": {
      "inaccurate": 3
    },
    "pin_verdicts": {
      "in_range": 2
    },
    "temporal": {}
  },
  "quota": {
    "drafts": 1,
    "abstained": 0,
    "citations_total": 9,
    "cite_verdicts": {
      "exists": 8,
      "not_found": 1
    },
    "existence_rate_pooled": 0.889,
    "quote_verdicts": {
      "inaccurate": 1
    },
    "pin_verdicts": {
      "in_range": 8,
      "case_unknown": 1
    },
    "temporal": {}
  },
  "temporal": {
    "drafts": 1,
    "abstained": 0,
    "citations_total": 3,
    "cite_verdicts": {
      "exists": 3
    },
    "existence_rate_pooled": 1.0,
    "quote_verdicts": {
      "near_miss": 2
    },
    "pin_verdicts": {
      "in_range": 3
    },
    "temporal": {
      "checked": 3,
      "violated": 0
    }
  }
}
total cost $1.89
2013-058 baseline  cites=  4 exist=1.0 unres=0.0 quotes=3 cost=$0.8954
2013-058 quota     cites=  9 exist=0.8889 unres=0.0 quotes=2 cost=$0.9293
2013-058 temporal  cites=  4 exist=0.5 unres=0.0 quotes=1 cost=$1.0679
2013-058 stakes    cites=  3 exist=1.0 unres=0.0 quotes=2 cost=$1.2094
empty completion draft:2013-058:combo (attempt 1)
empty completion draft:2013-058:combo (attempt 2)
empty completion draft:2013-058:combo (attempt 3)
SKIP draft:2013-058:combo: empty after retries
{
  "quota": {
    "drafts": 1,
    "abstained": 0,
    "citations_total": 9,
    "cite_verdicts": {
      "exists": 8,
      "not_found": 1
    },
    "existence_rate_pooled": 0.889,
    "quote_verdicts": {
      "near_miss": 1,
      "accurate": 1
    },
    "pin_verdicts": {
      "out_of_range": 3,
      "in_range": 5,
      "case_unknown": 1
    },
    "temporal": {}
  },
  "baseline": {
    "drafts": 1,
    "abstained": 0,
    "citations_total": 4,
    "cite_verdicts": {
      "exists": 4
    },
    "existence_rate_pooled": 1.0,
    "quote_verdicts": {
      "inaccurate": 3
    },
    "pin_verdicts": {
      "out_of_range": 3,
      "in_range": 1
    },
    "temporal": {}
  },
  "temporal": {
    "drafts": 1,
    "abstained": 0,
    "citations_total": 4,
    "cite_verdicts": {
      "not_found": 2,
      "exists": 2
    },
    "existence_rate_pooled": 0.5,
    "quote_verdicts": {
      "unverifiable": 1
    },
    "pin_verdicts": {
      "case_unknown": 2,
      "in_range": 2
    },
    "temporal": {
      "checked": 4,
      "violated": 0
    }
  },
  "stakes": {
    "drafts": 1,
    "abstained": 0,
    "citations_total": 3,
    "cite_verdicts": {
      "exists": 3
    },
    "existence_rate_pooled": 1.0,
    "quote_verdicts": {
      "inaccurate": 2
    },
    "pin_verdicts": {
      "no_pin": 1,
      "out_of_range": 1,
      "in_range": 1
    },
    "temporal": {}
  }
}
total cost $1.9332
2019-024 baseline  cites=  4 exist=1.0 unres=0.0 quotes=2 cost=$0.8954
2019-024 quota     cites=  8 exist=0.875 unres=0.0 quotes=2 cost=$0.8954
empty completion draft:2019-024:temporal (attempt 1)
2019-024 temporal  cites=  4 exist=1.0 unres=0.0 quotes=1 cost=$1.1954
2019-024 stakes    cites=  0 exist=None unres=None quotes=0 cost=$1.1954
empty completion draft:2019-024:combo (attempt 1)
empty completion draft:2019-024:combo (attempt 2)
empty completion draft:2019-024:combo (attempt 3)
SKIP draft:2019-024:combo: empty after retries
{
  "quota": {
    "drafts": 1,
    "abstained": 0,
    "citations_total": 8,
    "cite_verdicts": {
      "exists": 7,
      "not_found": 1
    },
    "existence_rate_pooled": 0.875,
    "quote_verdicts": {
      "unverifiable": 2
    },
    "pin_verdicts": {
      "in_range": 5,
      "out_of_range": 2,
      "case_unknown": 1
    },
    "temporal": {}
  },
  "baseline": {
    "drafts": 1,
    "abstained": 0,
    "citations_total": 4,
    "cite_verdicts": {
      "exists": 4
    },
    "existence_rate_pooled": 1.0,
    "quote_verdicts": {
      "unverifiable": 2
    },
    "pin_verdicts": {
      "in_range": 2,
      "out_of_range": 2
    },
    "temporal": {}
  },
  "stakes": {
    "drafts": 1,
    "abstained": 1,
    "citations_total": 0,
    "cite_verdicts": {},
    "existence_rate_pooled": null,
    "quote_verdicts": {},
    "pin_verdicts": {},
    "temporal": {}
  },
  "temporal": {
    "drafts": 1,
    "abstained": 0,
    "citations_total": 4,
    "cite_verdicts": {
      "exists": 4
    },
    "existence_rate_pooled": 1.0,
    "quote_verdicts": {
      "inaccurate": 1
    },
    "pin_verdicts": {
      "no_pin": 3,
      "in_range": 1
    },
    "temporal": {
      "checked": 4,
      "violated": 0
    }
  }
}
total cost $1.9433
2020-005 baseline  cites=  6 exist=1.0 unres=0.0 quotes=1 cost=$0.8954
2020-005 quota     cites=  8 exist=0.875 unres=0.0 quotes=1 cost=$0.8954
2020-005 temporal  cites=  2 exist=1.0 unres=0.0 quotes=2 cost=$0.8954
2020-005 stakes    cites=  4 exist=1.0 unres=0.0 quotes=2 cost=$0.8954
empty completion draft:2020-005:combo (attempt 1)
empty completion draft:2020-005:combo (attempt 2)
empty completion draft:2020-005:combo (attempt 3)
SKIP draft:2020-005:combo: empty after retries
{
  "stakes": {
    "drafts": 1,
    "abstained": 0,
    "citations_total": 4,
    "cite_verdicts": {
      "exists": 4
    },
    "existence_rate_pooled": 1.0,
    "quote_verdicts": {
      "near_miss": 1,
      "accurate": 1
    },
    "pin_verdicts": {
      "in_range": 4
    },
    "temporal": {}
  },
  "quota": {
    "drafts": 1,
    "abstained": 0,
    "citations_total": 8,
    "cite_verdicts": {
      "exists": 7,
      "not_found": 1
    },
    "existence_rate_pooled": 0.875,
    "quote_verdicts": {
      "accurate": 1
    },
    "pin_verdicts": {
      "in_range": 7,
      "case_unknown": 1
    },
    "temporal": {}
  },
  "temporal": {
    "drafts": 1,
    "abstained": 0,
    "citations_total": 2,
    "cite_verdicts": {
      "exists": 2
    },
    "existence_rate_pooled": 1.0,
    "quote_verdicts": {
      "accurate": 1,
      "near_miss": 1
    },
    "pin_verdicts": {
      "in_range": 2
    },
    "temporal": {
      "checked": 2,
      "violated": 0
    }
  },
  "baseline": {
    "drafts": 1,
    "abstained": 0,
    "citations_total": 6,
    "cite_verdicts": {
      "exists": 6
    },
    "existence_rate_pooled": 1.0,
    "quote_verdicts": {
      "unverifiable": 1
    },
    "pin_verdicts": {
      "in_range": 6
    },
    "temporal": {}
  }
}
total cost $2.0403
2020-060 baseline  cites=  3 exist=1.0 unres=0.0 quotes=3 cost=$0.8954
2020-060 quota     cites=  6 exist=0.6667 unres=0.0 quotes=2 cost=$0.8954
empty completion draft:2020-060:temporal (attempt 1)
2020-060 temporal  cites=  3 exist=1.0 unres=0.0 quotes=2 cost=$1.3709
2020-060 stakes    cites=  4 exist=0.75 unres=0.0 quotes=1 cost=$1.4201
empty completion draft:2020-060:combo (attempt 1)
empty completion draft:2020-060:combo (attempt 2)
empty completion draft:2020-060:combo (attempt 3)
SKIP draft:2020-060:combo: empty after retries
{
  "stakes": {
    "drafts": 1,
    "abstained": 0,
    "citations_total": 4,
    "cite_verdicts": {
      "exists": 3,
      "not_found": 1
    },
    "existence_rate_pooled": 0.75,
    "quote_verdicts": {
      "unverifiable": 1
    },
    "pin_verdicts": {
      "in_range": 3,
      "case_unknown": 1
    },
    "temporal": {}
  },
  "baseline": {
    "drafts": 1,
    "abstained": 0,
    "citations_total": 3,
    "cite_verdicts": {
      "exists": 3
    },
    "existence_rate_pooled": 1.0,
    "quote_verdicts": {
      "unverifiable": 2,
      "near_miss": 1
    },
    "pin_verdicts": {
      "in_range": 3
    },
    "temporal": {}
  },
  "quota": {
    "drafts": 1,
    "abstained": 0,
    "citations_total": 6,
    "cite_verdicts": {
      "exists": 4,
      "not_found": 2
    },
    "existence_rate_pooled": 0.667,
    "quote_verdicts": {
      "inaccurate": 2
    },
    "pin_verdicts": {
      "in_range": 4,
      "case_unknown": 2
    },
    "temporal": {}
  },
  "temporal": {
    "drafts": 1,
    "abstained": 0,
    "citations_total": 3,
    "cite_verdicts": {
      "exists": 3
    },
    "existence_rate_pooled": 1.0,
    "quote_verdicts": {
      "inaccurate": 1,
      "unverifiable": 1
    },
    "pin_verdicts": {
      "in_range": 3
    },
    "temporal": {
      "checked": 3,
      "violated": 0
    }
  }
}
total cost $2.0983
2020-032 baseline  cites=  3 exist=1.0 unres=0.0 quotes=0 cost=$0.0477
2020-032 quota     cites=  7 exist=0.7143 unres=0.0 quotes=5 cost=$0.0802
2020-032 temporal  cites=  4 exist=1.0 unres=0.0 quotes=3 cost=$0.1022
2020-032 stakes    cites=  3 exist=1.0 unres=0.0 quotes=1 cost=$0.1553
empty completion draft:2020-032:combo (attempt 1)
2020-032 combo     cites=  8 exist=0.75 unres=0.0 quotes=3 cost=$0.2939
2015-055 baseline  cites=  4 exist=1.0 unres=0.0 quotes=2 cost=$0.3254
2015-055 quota     cites=  7 exist=1.0 unres=0.0 quotes=5 cost=$0.3760
empty completion draft:2015-055:temporal (attempt 1)
empty completion draft:2015-055:temporal (attempt 2)
2015-055 temporal  cites=  4 exist=1.0 unres=0.0 quotes=4 cost=$0.6065
2015-055 stakes    cites=  3 exist=1.0 unres=0.0 quotes=4 cost=$0.6632
2015-055 combo     cites=  6 exist=1.0 unres=0.0 quotes=1 cost=$0.7015
empty completion draft:2013-058:baseline (attempt 1)
2013-058 baseline  cites=  4 exist=1.0 unres=0.0 quotes=3 cost=$0.8884
empty completion draft:2013-058:quota (attempt 1)
2013-058 quota     cites=  9 exist=0.8889 unres=0.0 quotes=2 cost=$1.0420
empty completion draft:2013-058:temporal (attempt 1)
2013-058 temporal  cites=  4 exist=0.5 unres=0.0 quotes=1 cost=$1.3554
2013-058 stakes    cites=  3 exist=1.0 unres=0.0 quotes=2 cost=$1.3554
empty completion draft:2013-058:combo (attempt 1)
empty completion draft:2013-058:combo (attempt 2)
empty completion draft:2013-058:combo (attempt 3)
SKIP draft:2013-058:combo: empty after retries
{
  "combo": {
    "drafts": 2,
    "abstained": 0,
    "citations_total": 14,
    "cite_verdicts": {
      "exists": 12,
      "not_found": 2
    },
    "existence_rate_pooled": 0.857,
    "quote_verdicts": {
      "inaccurate": 3,
      "near_miss": 1
    },
    "pin_verdicts": {
      "in_range": 7,
      "case_unknown": 2,
      "no_pin": 5
    },
    "temporal": {
      "checked": 14,
      "violated": 0
    }
  },
  "baseline": {
    "drafts": 3,
    "abstained": 0,
    "citations_total": 11,
    "cite_verdicts": {
      "exists": 11
    },
    "existence_rate_pooled": 1.0,
    "quote_verdicts": {
      "inaccurate": 5
    },
    "pin_verdicts": {
      "in_range": 5,
      "no_pin": 3,
      "out_of_range": 3
    },
    "temporal": {}
  },
  "temporal": {
    "drafts": 3,
    "abstained": 0,
    "citations_total": 12,
    "cite_verdicts": {
      "exists": 10,
      "not_found": 2
    },
    "existence_rate_pooled": 0.833,
    "quote_verdicts": {
      "inaccurate": 7,
      "unverifiable": 1
    },
    "pin_verdicts": {
      "out_of_range": 1,
      "in_range": 9,
      "case_unknown": 2
    },
    "temporal": {
      "checked": 12,
      "violated": 0
    }
  },
  "quota": {
    "drafts": 3,
    "abstained": 0,
    "citations_total": 23,
    "cite_verdicts": {
      "exists": 20,
      "not_found": 3
    },
    "existence_rate_pooled": 0.87,
    "quote_verdicts": {
      "inaccurate": 8,
      "unverifiable": 2,
      "near_miss": 1,
      "accurate": 1
    },
    "pin_verdicts": {
      "in_range": 17,
      "case_unknown": 3,
      "out_of_range": 3
    },
    "temporal": {}
  },
  "stakes": {
    "drafts": 3,
    "abstained": 0,
    "citations_total": 9,
    "cite_verdicts": {
      "exists": 9
    },
    "existence_rate_pooled": 1.0,
    "quote_verdicts": {
      "inaccurate": 5,
      "accurate": 1,
      "near_miss": 1
    },
    "pin_verdicts": {
      "in_range": 7,
      "no_pin": 1,
      "out_of_range": 1
    },
    "temporal": {}
  }
}
total cost $2.1179
empty completion draft:1997-046:baseline (attempt 1)
1997-046 baseline  cites=  4 exist=1.0 unres=0.0 quotes=1 cost=$1.0880
1997-046 quota     cites=  6 exist=1.0 unres=0.0 quotes=5 cost=$1.2421
1997-046 temporal  cites=  5 exist=1.0 unres=0.0 quotes=1 cost=$1.3306
1997-046 stakes    cites=  4 exist=1.0 unres=0.0 quotes=3 cost=$1.4491
empty completion draft:1997-046:combo (attempt 1)
empty completion draft:1997-046:combo (attempt 2)
empty completion draft:1997-046:combo (attempt 3)
SKIP draft:1997-046:combo: empty after retries
{
  "quota": {
    "drafts": 1,
    "abstained": 0,
    "citations_total": 6,
    "cite_verdicts": {
      "exists": 6
    },
    "existence_rate_pooled": 1.0,
    "quote_verdicts": {
      "near_miss": 2,
      "inaccurate": 3
    },
    "pin_verdicts": {
      "in_range": 6
    },
    "temporal": {}
  },
  "temporal": {
    "drafts": 1,
    "abstained": 0,
    "citations_total": 5,
    "cite_verdicts": {
      "exists": 5
    },
    "existence_rate_pooled": 1.0,
    "quote_verdicts": {
      "near_miss": 1
    },
    "pin_verdicts": {
      "in_range": 5
    },
    "temporal": {
      "checked": 5,
      "violated": 0
    }
  },
  "stakes": {
    "drafts": 1,
    "abstained": 0,
    "citations_total": 4,
    "cite_verdicts": {
      "exists": 4
    },
    "existence_rate_pooled": 1.0,
    "quote_verdicts": {
      "inaccurate": 3
    },
    "pin_verdicts": {
      "in_range": 4
    },
    "temporal": {}
  },
  "baseline": {
    "drafts": 1,
    "abstained": 0,
    "citations_total": 4,
    "cite_verdicts": {
      "exists": 4
    },
    "existence_rate_pooled": 1.0,
    "quote_verdicts": {
      "near_miss": 1
    },
    "pin_verdicts": {
      "in_range": 4
    },
    "temporal": {}
  }
}
total cost $2.1381
1992-109 baseline  cites=  5 exist=1.0 unres=0.0 quotes=2 cost=$0.0317
1992-109 quota     cites=  8 exist=0.875 unres=0.0 quotes=6 cost=$0.0317
1992-109 temporal  cites=  3 exist=1.0 unres=0.0 quotes=6 cost=$0.0317
1992-109 stakes    cites=  5 exist=1.0 unres=0.0 quotes=0 cost=$0.0317
1992-109 combo     cites=  9 exist=1.0 unres=0.0 quotes=3 cost=$0.0317
empty completion draft:2009-045:baseline (attempt 1)
2009-045 baseline  cites=  2 exist=1.0 unres=0.0 quotes=1 cost=$0.1124
empty completion draft:2009-045:quota (attempt 1)
2009-045 quota     cites= 12 exist=0.75 unres=0.0 quotes=4 cost=$0.2017
empty completion draft:2009-045:temporal (attempt 1)
empty completion draft:2009-045:temporal (attempt 2)
empty completion draft:2009-045:temporal (attempt 3)
SKIP draft:2009-045:temporal: empty after retries
empty completion draft:2009-045:stakes (attempt 1)
2009-045 stakes    cites=  3 exist=1.0 unres=0.0 quotes=3 cost=$0.6757
empty completion draft:2009-045:combo (attempt 1)
empty completion draft:2009-045:combo (attempt 2)
empty completion draft:2009-045:combo (attempt 3)
SKIP draft:2009-045:combo: empty after retries
empty completion draft:1997-046:baseline (attempt 1)
1997-046 baseline  cites=  4 exist=1.0 unres=0.0 quotes=1 cost=$1.3357
1997-046 quota     cites=  6 exist=1.0 unres=0.0 quotes=5 cost=$1.3357
1997-046 temporal  cites=  5 exist=1.0 unres=0.0 quotes=1 cost=$1.3357
1997-046 stakes    cites=  4 exist=1.0 unres=0.0 quotes=3 cost=$1.3973
empty completion draft:1997-046:combo (attempt 1)
empty completion draft:1997-046:combo (attempt 2)
empty completion draft:1997-046:combo (attempt 3)
SKIP draft:1997-046:combo: empty after retries
{
  "temporal": {
    "drafts": 2,
    "abstained": 0,
    "citations_total": 8,
    "cite_verdicts": {
      "exists": 8
    },
    "existence_rate_pooled": 1.0,
    "quote_verdicts": {
      "inaccurate": 5,
      "near_miss": 2
    },
    "pin_verdicts": {
      "no_pin": 3,
      "in_range": 5
    },
    "temporal": {
      "checked": 8,
      "violated": 0
    }
  },
  "stakes": {
    "drafts": 3,
    "abstained": 0,
    "citations_total": 12,
    "cite_verdicts": {
      "exists": 12
    },
    "existence_rate_pooled": 1.0,
    "quote_verdicts": {
      "accurate": 3,
      "near_miss": 2,
      "inaccurate": 1
    },
    "pin_verdicts": {
      "in_range": 10,
      "no_pin": 2
    },
    "temporal": {}
  },
  "combo": {
    "drafts": 1,
    "abstained": 0,
    "citations_total": 9,
    "cite_verdicts": {
      "exists": 9
    },
    "existence_rate_pooled": 1.0,
    "quote_verdicts": {
      "inaccurate": 2,
      "near_miss": 1
    },
    "pin_verdicts": {
      "out_of_range": 1,
      "in_range": 8
    },
    "temporal": {
      "checked": 9,
      "violated": 0
    }
  },
  "baseline": {
    "drafts": 3,
    "abstained": 0,
    "citations_total": 11,
    "cite_verdicts": {
      "exists": 11
    },
    "existence_rate_pooled": 1.0,
    "quote_verdicts": {
      "inaccurate": 1,
      "near_miss": 3
    },
    "pin_verdicts": {
      "in_range": 8,
      "no_pin": 3
    },
    "temporal": {}
  },
  "quota": {
    "drafts": 3,
    "abstained": 0,
    "citations_total": 26,
    "cite_verdicts": {
      "exists": 22,
      "not_found": 4
    },
    "existence_rate_pooled": 0.846,
    "quote_verdicts": {
      "inaccurate": 8,
      "near_miss": 3,
      "accurate": 4
    },
    "pin_verdicts": {
      "in_range": 19,
      "case_unknown": 2,
      "out_of_range": 1,
      "no_pin": 4
    },
    "temporal": {}
  }
}
total cost $2.1483
2015-007 baseline  cites=  5 exist=0.6 unres=0.0 quotes=0 cost=$0.9154
empty completion draft:2015-007:quota (attempt 1)
2015-007 quota     cites=  6 exist=1.0 unres=0.0 quotes=0 cost=$1.3433
2015-007 temporal  cites=  5 exist=0.8 unres=0.0 quotes=0 cost=$1.4372
2015-007 stakes    cites=  2 exist=0.5 unres=0.0 quotes=0 cost=$1.5496
empty completion draft:2015-007:combo (attempt 1)
empty completion draft:2015-007:combo (attempt 2)
empty completion draft:2015-007:combo (attempt 3)
SKIP draft:2015-007:combo: empty after retries
{
  "stakes": {
    "drafts": 1,
    "abstained": 0,
    "citations_total": 2,
    "cite_verdicts": {
      "not_found": 1,
      "exists": 1
    },
    "existence_rate_pooled": 0.5,
    "quote_verdicts": {},
    "pin_verdicts": {
      "case_unknown": 1,
      "in_range": 1
    },
    "temporal": {}
  },
  "baseline": {
    "drafts": 1,
    "abstained": 0,
    "citations_total": 5,
    "cite_verdicts": {
      "exists": 3,
      "not_found": 2
    },
    "existence_rate_pooled": 0.6,
    "quote_verdicts": {},
    "pin_verdicts": {
      "in_range": 3,
      "case_unknown": 2
    },
    "temporal": {}
  },
  "temporal": {
    "drafts": 1,
    "abstained": 0,
    "citations_total": 5,
    "cite_verdicts": {
      "exists": 4,
      "not_found": 1
    },
    "existence_rate_pooled": 0.8,
    "quote_verdicts": {},
    "pin_verdicts": {
      "in_range": 4,
      "case_unknown": 1
    },
    "temporal": {
      "checked": 5,
      "violated": 0
    }
  },
  "quota": {
    "drafts": 1,
    "abstained": 0,
    "citations_total": 6,
    "cite_verdicts": {
      "exists": 6
    },
    "existence_rate_pooled": 1.0,
    "quote_verdicts": {},
    "pin_verdicts": {
      "no_pin": 6
    },
    "temporal": {}
  }
}
total cost $2.1599
2016-063 baseline  cites=  2 exist=1.0 unres=0.0 quotes=1 cost=$0.9293
2016-063 quota     cites=  8 exist=0.875 unres=0.0 quotes=0 cost=$1.0343
empty completion draft:2016-063:temporal (attempt 1)
2016-063 temporal  cites=  3 exist=1.0 unres=0.0 quotes=2 cost=$1.4012
2016-063 stakes    cites=  2 exist=1.0 unres=0.0 quotes=0 cost=$1.5036
empty completion draft:2016-063:combo (attempt 1)
empty completion draft:2016-063:combo (attempt 2)
empty completion draft:2016-063:combo (attempt 3)
SKIP draft:2016-063:combo: empty after retries
{
  "temporal": {
    "drafts": 1,
    "abstained": 0,
    "citations_total": 3,
    "cite_verdicts": {
      "exists": 3
    },
    "existence_rate_pooled": 1.0,
    "quote_verdicts": {
      "inaccurate": 2
    },
    "pin_verdicts": {
      "in_range": 3
    },
    "temporal": {
      "checked": 3,
      "violated": 0
    }
  },
  "quota": {
    "drafts": 1,
    "abstained": 0,
    "citations_total": 8,
    "cite_verdicts": {
      "exists": 7,
      "not_found": 1
    },
    "existence_rate_pooled": 0.875,
    "quote_verdicts": {},
    "pin_verdicts": {
      "out_of_range": 1,
      "no_pin": 4,
      "in_range": 3
    },
    "temporal": {}
  },
  "stakes": {
    "drafts": 1,
    "abstained": 0,
    "citations_total": 2,
    "cite_verdicts": {
      "exists": 2
    },
    "existence_rate_pooled": 1.0,
    "quote_verdicts": {},
    "pin_verdicts": {
      "out_of_range": 1,
      "in_range": 1
    },
    "temporal": {}
  },
  "baseline": {
    "drafts": 1,
    "abstained": 0,
    "citations_total": 2,
    "cite_verdicts": {
      "exists": 2
    },
    "existence_rate_pooled": 1.0,
    "quote_verdicts": {
      "unverifiable": 1
    },
    "pin_verdicts": {
      "out_of_range": 1,
      "in_range": 1
    },
    "temporal": {}
  }
}
total cost $2.165
2005-074 baseline  cites=  2 exist=0.5 unres=0.0 quotes=0 cost=$0.9172
empty completion draft:2005-074:quota (attempt 1)
2005-074 quota     cites=  8 exist=0.75 unres=0.0 quotes=2 cost=$1.3284
empty completion draft:2005-074:temporal (attempt 1)
empty completion draft:2005-074:temporal (attempt 2)
2005-074 temporal  cites=  6 exist=0.6667 unres=0.0 quotes=3 cost=$1.8451
2005-074 stakes    cites=  3 exist=0.6667 unres=0.0 quotes=2 cost=$1.8451
empty completion draft:2005-074:combo (attempt 1)
2005-074 combo     cites=  8 exist=0.875 unres=0.0 quotes=3 cost=$2.1672
{
  "stakes": {
    "drafts": 1,
    "abstained": 0,
    "citations_total": 3,
    "cite_verdicts": {
      "exists": 2,
      "not_found": 1
    },
    "existence_rate_pooled": 0.667,
    "quote_verdicts": {
      "inaccurate": 1,
      "near_miss": 1
    },
    "pin_verdicts": {
      "no_pin": 2,
      "in_range": 1
    },
    "temporal": {}
  },
  "combo": {
    "drafts": 1,
    "abstained": 0,
    "citations_total": 8,
    "cite_verdicts": {
      "exists": 7,
      "not_found": 1
    },
    "existence_rate_pooled": 0.875,
    "quote_verdicts": {
      "inaccurate": 3
    },
    "pin_verdicts": {
      "in_range": 7,
      "case_unknown": 1
    },
    "temporal": {
      "checked": 8,
      "violated": 0
    }
  },
  "temporal": {
    "drafts": 1,
    "abstained": 0,
    "citations_total": 6,
    "cite_verdicts": {
      "not_found": 2,
      "exists": 4
    },
    "existence_rate_pooled": 0.667,
    "quote_verdicts": {
      "unverifiable": 1,
      "inaccurate": 2
    },
    "pin_verdicts": {
      "case_unknown": 2,
      "in_range": 4
    },
    "temporal": {
      "checked": 6,
      "violated": 0
    }
  },
  "baseline": {
    "drafts": 1,
    "abstained": 0,
    "citations_total": 2,
    "cite_verdicts": {
      "not_found": 1,
      "exists": 1
    },
    "existence_rate_pooled": 0.5,
    "quote_verdicts": {},
    "pin_verdicts": {
      "case_unknown": 1,
      "in_range": 1
    },
    "temporal": {}
  },
  "quota": {
    "drafts": 1,
    "abstained": 0,
    "citations_total": 8,
    "cite_verdicts": {
      "exists": 6,
      "not_found": 2
    },
    "existence_rate_pooled": 0.75,
    "quote_verdicts": {
      "inaccurate": 2
    },
    "pin_verdicts": {
      "in_range": 6,
      "case_unknown": 2
    },
    "temporal": {}
  }
}
total cost $2.1672
1997-021 baseline  cites=  5 exist=0.8 unres=0.0 quotes=2 cost=$0.9605
1997-021 quota     cites=  7 exist=0.5714 unres=0.0 quotes=2 cost=$1.0557
1997-021 temporal  cites=  5 exist=0.8 unres=0.0 quotes=0 cost=$1.2027
1997-021 stakes    cites=  6 exist=0.6667 unres=0.0 quotes=4 cost=$1.2755
empty completion draft:1997-021:combo (attempt 1)
empty completion draft:1997-021:combo (attempt 2)
empty completion draft:1997-021:combo (attempt 3)
SKIP draft:1997-021:combo: empty after retries
{
  "baseline": {
    "drafts": 1,
    "abstained": 0,
    "citations_total": 5,
    "cite_verdicts": {
      "exists": 4,
      "not_found": 1
    },
    "existence_rate_pooled": 0.8,
    "quote_verdicts": {
      "near_miss": 1,
      "accurate": 1
    },
    "pin_verdicts": {
      "in_range": 4,
      "case_unknown": 1
    },
    "temporal": {}
  },
  "quota": {
    "drafts": 1,
    "abstained": 0,
    "citations_total": 7,
    "cite_verdicts": {
      "not_found": 3,
      "exists": 4
    },
    "existence_rate_pooled": 0.571,
    "quote_verdicts": {
      "inaccurate": 2
    },
    "pin_verdicts": {
      "case_unknown": 3,
      "in_range": 3,
      "out_of_range": 1
    },
    "temporal": {}
  },
  "temporal": {
    "drafts": 1,
    "abstained": 0,
    "citations_total": 5,
    "cite_verdicts": {
      "not_found": 1,
      "exists": 4
    },
    "existence_rate_pooled": 0.8,
    "quote_verdicts": {},
    "pin_verdicts": {
      "case_unknown": 1,
      "in_range": 4
    },
    "temporal": {
      "checked": 5,
      "violated": 0
    }
  },
  "stakes": {
    "drafts": 1,
    "abstained": 0,
    "citations_total": 6,
    "cite_verdicts": {
      "exists": 4,
      "not_found": 2
    },
    "existence_rate_pooled": 0.667,
    "quote_verdicts": {
      "near_miss": 2,
      "accurate": 2
    },
    "pin_verdicts": {
      "no_pin": 1,
      "in_range": 3,
      "case_unknown": 2
    },
    "temporal": {}
  }
}
total cost $2.1773
2000-087 baseline  cites=  1 exist=1.0 unres=0.0 quotes=0 cost=$0.0428
empty completion draft:2000-087:quota (attempt 1)
2000-087 quota     cites=  8 exist=0.875 unres=0.0 quotes=1 cost=$0.1815
2000-087 temporal  cites=  4 exist=0.75 unres=0.0 quotes=3 cost=$0.2113
empty completion draft:2000-087:stakes (attempt 1)
empty completion draft:2000-087:stakes (attempt 2)
2000-087 stakes    cites=  1 exist=1.0 unres=0.0 quotes=1 cost=$0.4087
2000-087 combo     cites=  8 exist=0.625 unres=0.0 quotes=0 cost=$0.4087
2013-068 baseline  cites=  6 exist=1.0 unres=0.0 quotes=0 cost=$0.4087
2013-068 quota     cites=  8 exist=1.0 unres=0.0 quotes=4 cost=$0.4413
2013-068 temporal  cites=  3 exist=1.0 unres=0.0 quotes=2 cost=$0.4490
2013-068 stakes    cites=  3 exist=1.0 unres=0.0 quotes=0 cost=$0.4767
empty completion draft:2013-068:combo (attempt 1)
empty completion draft:2013-068:combo (attempt 2)
empty completion draft:2013-068:combo (attempt 3)
SKIP draft:2013-068:combo: empty after retries
2020-060 baseline  cites=  3 exist=1.0 unres=0.0 quotes=3 cost=$0.8144
2020-060 quota     cites=  6 exist=0.6667 unres=0.0 quotes=2 cost=$0.8591
empty completion draft:2020-060:temporal (attempt 1)
empty completion draft:2020-060:temporal (attempt 2)
empty completion draft:2020-060:temporal (attempt 3)
SKIP draft:2020-060:temporal: empty after retries
2020-060 stakes    cites=  5 exist=0.8 unres=0.0 quotes=3 cost=$1.6102
empty completion draft:2020-060:combo (attempt 1)
empty completion draft:2020-060:combo (attempt 2)
empty completion draft:2020-060:combo (attempt 3)
SKIP draft:2020-060:combo: empty after retries
{
  "quota": {
    "drafts": 3,
    "abstained": 0,
    "citations_total": 22,
    "cite_verdicts": {
      "exists": 19,
      "not_found": 3
    },
    "existence_rate_pooled": 0.864,
    "quote_verdicts": {
      "unverifiable": 2,
      "accurate": 1,
      "near_miss": 1,
      "inaccurate": 3
    },
    "pin_verdicts": {
      "out_of_range": 1,
      "case_unknown": 3,
      "in_range": 18
    },
    "temporal": {}
  },
  "temporal": {
    "drafts": 2,
    "abstained": 0,
    "citations_total": 7,
    "cite_verdicts": {
      "exists": 6,
      "not_found": 1
    },
    "existence_rate_pooled": 0.857,
    "quote_verdicts": {
      "inaccurate": 3,
      "near_miss": 2
    },
    "pin_verdicts": {
      "in_range": 3,
      "case_unknown": 1,
      "no_pin": 3
    },
    "temporal": {
      "checked": 7,
      "violated": 0
    }
  },
  "stakes": {
    "drafts": 3,
    "abstained": 0,
    "citations_total": 9,
    "cite_verdicts": {
      "exists": 8,
      "not_found": 1
    },
    "existence_rate_pooled": 0.889,
    "quote_verdicts": {
      "accurate": 1,
      "unverifiable": 2,
      "near_miss": 1
    },
    "pin_verdicts": {
      "out_of_range": 1,
      "in_range": 7,
      "case_unknown": 1
    },
    "temporal": {}
  },
  "combo": {
    "drafts": 1,
    "abstained": 0,
    "citations_total": 8,
    "cite_verdicts": {
      "exists": 5,
      "not_found": 3
    },
    "existence_rate_pooled": 0.625,
    "quote_verdicts": {},
    "pin_verdicts": {
      "in_range": 4,
      "case_unknown": 3,
      "out_of_range": 1
    },
    "temporal": {
      "checked": 8,
      "violated": 0
    }
  },
  "baseline": {
    "drafts": 3,
    "abstained": 0,
    "citations_total": 10,
    "cite_verdicts": {
      "exists": 10
    },
    "existence_rate_pooled": 1.0,
    "quote_verdicts": {
      "unverifiable": 2,
      "near_miss": 1
    },
    "pin_verdicts": {
      "out_of_range": 1,
      "no_pin": 6,
      "in_range": 3
    },
    "temporal": {}
  }
}
total cost $2.2118
1997-033 baseline  cites=  3 exist=0.6667 unres=0.0 quotes=1 cost=$0.8954
1997-033 quota     cites=  8 exist=1.0 unres=0.0 quotes=3 cost=$0.8954
empty completion draft:1997-033:temporal (attempt 1)
empty completion draft:1997-033:temporal (attempt 2)
empty completion draft:1997-033:temporal (attempt 3)
SKIP draft:1997-033:temporal: empty after retries
1997-033 stakes    cites=  0 exist=None unres=None quotes=0 cost=$1.7586
empty completion draft:1997-033:combo (attempt 1)
empty completion draft:1997-033:combo (attempt 2)
empty completion draft:1997-033:combo (attempt 3)
SKIP draft:1997-033:combo: empty after retries
{
  "stakes": {
    "drafts": 1,
    "abstained": 1,
    "citations_total": 0,
    "cite_verdicts": {},
    "existence_rate_pooled": null,
    "quote_verdicts": {},
    "pin_verdicts": {},
    "temporal": {}
  },
  "baseline": {
    "drafts": 1,
    "abstained": 0,
    "citations_total": 3,
    "cite_verdicts": {
      "not_found": 1,
      "exists": 2
    },
    "existence_rate_pooled": 0.667,
    "quote_verdicts": {
      "near_miss": 1
    },
    "pin_verdicts": {
      "case_unknown": 1,
      "out_of_range": 1,
      "in_range": 1
    },
    "temporal": {}
  },
  "quota": {
    "drafts": 1,
    "abstained": 0,
    "citations_total": 8,
    "cite_verdicts": {
      "exists": 8
    },
    "existence_rate_pooled": 1.0,
    "quote_verdicts": {
      "accurate": 1,
      "unverifiable": 1,
      "inaccurate": 1
    },
    "pin_verdicts": {
      "in_range": 8
    },
    "temporal": {}
  }
}
total cost $2.2571
empty completion draft:2014-024:baseline (attempt 1)
2014-024 baseline  cites=  4 exist=1.0 unres=0.0 quotes=8 cost=$0.0980
2014-024 quota     cites=  8 exist=0.875 unres=0.0 quotes=2 cost=$0.1538
2014-024 temporal  cites=  3 exist=0.6667 unres=0.0 quotes=2 cost=$0.1764
2014-024 stakes    cites=  0 exist=None unres=None quotes=0 cost=$0.2202
empty completion draft:2014-024:combo (attempt 1)
2014-024 combo     cites=  8 exist=0.75 unres=0.0 quotes=8 cost=$0.4302
1990-075 baseline  cites=  3 exist=1.0 unres=0.0 quotes=2 cost=$0.4302
empty completion draft:1990-075:quota (attempt 1)
1990-075 quota     cites=  8 exist=1.0 unres=0.0 quotes=5 cost=$0.5311
empty completion draft:1990-075:temporal (attempt 1)
1990-075 temporal  cites=  5 exist=1.0 unres=0.0 quotes=7 cost=$0.6532
1990-075 stakes    cites=  6 exist=1.0 unres=0.0 quotes=2 cost=$0.6532
1990-075 combo     cites=  8 exist=0.875 unres=0.0 quotes=2 cost=$0.6532
1997-033 baseline  cites=  2 exist=1.0 unres=0.0 quotes=0 cost=$0.6825
empty completion draft:1997-033:quota (attempt 1)
1997-033 quota     cites=  8 exist=1.0 unres=0.0 quotes=3 cost=$0.8367
empty completion draft:1997-033:temporal (attempt 1)
empty completion draft:1997-033:temporal (attempt 2)
empty completion draft:1997-033:temporal (attempt 3)
SKIP draft:1997-033:temporal: empty after retries
1997-033 stakes    cites=  0 exist=None unres=None quotes=0 cost=$1.7519
empty completion draft:1997-033:combo (attempt 1)
empty completion draft:1997-033:combo (attempt 2)
empty completion draft:1997-033:combo (attempt 3)
SKIP draft:1997-033:combo: empty after retries
{
  "quota": {
    "drafts": 3,
    "abstained": 0,
    "citations_total": 24,
    "cite_verdicts": {
      "exists": 23,
      "not_found": 1
    },
    "existence_rate_pooled": 0.958,
    "quote_verdicts": {
      "near_miss": 2,
      "inaccurate": 5,
      "accurate": 2,
      "unverifiable": 1
    },
    "pin_verdicts": {
      "no_pin": 8,
      "in_range": 15,
      "in_range_unbounded": 1
    },
    "temporal": {}
  },
  "temporal": {
    "drafts": 2,
    "abstained": 0,
    "citations_total": 8,
    "cite_verdicts": {
      "exists": 7,
      "not_found": 1
    },
    "existence_rate_pooled": 0.875,
    "quote_verdicts": {
      "accurate": 2,
      "inaccurate": 3,
      "near_miss": 4
    },
    "pin_verdicts": {
      "no_pin": 5,
      "in_range": 2,
      "in_range_unbounded": 1
    },
    "temporal": {
      "checked": 8,
      "violated": 0
    }
  },
  "stakes": {
    "drafts": 3,
    "abstained": 2,
    "citations_total": 6,
    "cite_verdicts": {
      "exists": 6
    },
    "existence_rate_pooled": 1.0,
    "quote_verdicts": {
      "accurate": 1,
      "near_miss": 1
    },
    "pin_verdicts": {
      "in_range": 1,
      "no_pin": 5
    },
    "temporal": {}
  },
  "combo": {
    "drafts": 2,
    "abstained": 0,
    "citations_total": 16,
    "cite_verdicts": {
      "exists": 13,
      "not_found": 3
    },
    "existence_rate_pooled": 0.812,
    "quote_verdicts": {
      "near_miss": 3,
      "inaccurate": 6,
      "accurate": 1
    },
    "pin_verdicts": {
      "in_range": 12,
      "case_unknown": 3,
      "in_range_unbounded": 1
    },
    "temporal": {
      "checked": 16,
      "violated": 0
    }
  },
  "baseline": {
    "drafts": 3,
    "abstained": 0,
    "citations_total": 9,
    "cite_verdicts": {
      "exists": 9
    },
    "existence_rate_pooled": 1.0,
    "quote_verdicts": {
      "near_miss": 6,
      "inaccurate": 4
    },
    "pin_verdicts": {
      "in_range": 9
    },
    "temporal": {}
  }
}
total cost $2.2772
2012-031 baseline  cites=  4 exist=1.0 unres=0.0 quotes=3 cost=$0.0317
2012-031 quota     cites=  8 exist=0.75 unres=0.0 quotes=3 cost=$0.0528
empty completion draft:2012-031:temporal (attempt 1)
empty completion draft:2012-031:temporal (attempt 2)
empty completion draft:2012-031:temporal (attempt 3)
SKIP draft:2012-031:temporal: empty after retries
2012-031 stakes    cites=  4 exist=1.0 unres=0.0 quotes=4 cost=$0.3421
empty completion draft:2012-031:combo (attempt 1)
2012-031 combo     cites=  6 exist=1.0 unres=0.0 quotes=0 cost=$0.4785
2011-010 baseline  cites=  4 exist=1.0 unres=0.0 quotes=3 cost=$0.5503
2011-010 quota     cites=  7 exist=1.0 unres=0.0 quotes=12 cost=$0.5739
empty completion draft:2011-010:temporal (attempt 1)
empty completion draft:2011-010:temporal (attempt 2)
2011-010 temporal  cites=  4 exist=0.25 unres=0.0 quotes=1 cost=$0.8195
2011-010 stakes    cites=  0 exist=None unres=None quotes=0 cost=$0.8195
empty completion draft:2011-010:combo (attempt 1)
empty completion draft:2011-010:combo (attempt 2)
empty completion draft:2011-010:combo (attempt 3)
SKIP draft:2011-010:combo: empty after retries
2005-074 baseline  cites=  2 exist=0.5 unres=0.0 quotes=0 cost=$1.5764
2005-074 quota     cites=  8 exist=0.75 unres=0.0 quotes=2 cost=$1.5764
2005-074 temporal  cites=  6 exist=0.6667 unres=0.0 quotes=3 cost=$1.6745
empty completion draft:2005-074:stakes (attempt 1)
2005-074 stakes    cites=  3 exist=0.6667 unres=0.0 quotes=2 cost=$2.0086
empty completion draft:2005-074:combo (attempt 1)
2005-074 combo     cites=  8 exist=0.875 unres=0.0 quotes=3 cost=$2.2921
{
  "stakes": {
    "drafts": 3,
    "abstained": 1,
    "citations_total": 7,
    "cite_verdicts": {
      "exists": 6,
      "not_found": 1
    },
    "existence_rate_pooled": 0.857,
    "quote_verdicts": {
      "accurate": 1,
      "inaccurate": 2,
      "unverifiable": 1,
      "near_miss": 2
    },
    "pin_verdicts": {
      "in_range": 5,
      "no_pin": 2
    },
    "temporal": {}
  },
  "temporal": {
    "drafts": 2,
    "abstained": 0,
    "citations_total": 10,
    "cite_verdicts": {
      "exists": 5,
      "not_found": 5
    },
    "existence_rate_pooled": 0.5,
    "quote_verdicts": {
      "inaccurate": 3,
      "unverifiable": 1
    },
    "pin_verdicts": {
      "in_range": 5,
      "case_unknown": 5
    },
    "temporal": {
      "checked": 10,
      "violated": 0
    }
  },
  "baseline": {
    "drafts": 3,
    "abstained": 0,
    "citations_total": 10,
    "cite_verdicts": {
      "exists": 9,
      "not_found": 1
    },
    "existence_rate_pooled": 0.9,
    "quote_verdicts": {
      "inaccurate": 4,
      "unverifiable": 1,
      "near_miss": 1
    },
    "pin_verdicts": {
      "in_range": 4,
      "no_pin": 5,
      "case_unknown": 1
    },
    "temporal": {}
  },
  "quota": {
    "drafts": 3,
    "abstained": 0,
    "citations_total": 23,
    "cite_verdicts": {
      "exists": 19,
      "not_found": 4
    },
    "existence_rate_pooled": 0.826,
    "quote_verdicts": {
      "near_miss": 4,
      "inaccurate": 6,
      "accurate": 1,
      "unverifiable": 6
    },
    "pin_verdicts": {
      "in_range": 18,
      "case_unknown": 4,
      "out_of_range": 1
    },
    "temporal": {}
  },
  "combo": {
    "drafts": 2,
    "abstained": 0,
    "citations_total": 14,
    "cite_verdicts": {
      "exists": 13,
      "not_found": 1
    },
    "existence_rate_pooled": 0.929,
    "quote_verdicts": {
      "inaccurate": 3
    },
    "pin_verdicts": {
      "out_of_range": 1,
      "in_range": 12,
      "case_unknown": 1
    },
    "temporal": {
      "checked": 14,
      "violated": 0
    }
  }
}
total cost $2.2921
1997-100 baseline  cites=  4 exist=1.0 unres=0.0 quotes=4 cost=$0.9411
1997-100 quota     cites=  6 exist=0.8333 unres=0.0 quotes=1 cost=$1.3786
empty completion draft:1997-100:temporal (attempt 1)
1997-100 temporal  cites=  5 exist=0.8 unres=0.0 quotes=3 cost=$1.9703
1997-100 stakes    cites=  4 exist=0.75 unres=0.0 quotes=0 cost=$2.0352
1997-100 combo     cites=  8 exist=0.875 unres=0.0 quotes=3 cost=$2.2941
{
  "quota": {
    "drafts": 1,
    "abstained": 0,
    "citations_total": 6,
    "cite_verdicts": {
      "exists": 5,
      "not_found": 1
    },
    "existence_rate_pooled": 0.833,
    "quote_verdicts": {
      "inaccurate": 1
    },
    "pin_verdicts": {
      "in_range": 5,
      "case_unknown": 1
    },
    "temporal": {}
  },
  "baseline": {
    "drafts": 1,
    "abstained": 0,
    "citations_total": 4,
    "cite_verdicts": {
      "exists": 4
    },
    "existence_rate_pooled": 1.0,
    "quote_verdicts": {
      "accurate": 2,
      "near_miss": 1,
      "inaccurate": 1
    },
    "pin_verdicts": {
      "no_pin": 4
    },
    "temporal": {}
  },
  "temporal": {
    "drafts": 1,
    "abstained": 0,
    "citations_total": 5,
    "cite_verdicts": {
      "exists": 4,
      "not_found": 1
    },
    "existence_rate_pooled": 0.8,
    "quote_verdicts": {
      "inaccurate": 2,
      "near_miss": 1
    },
    "pin_verdicts": {
      "in_range": 3,
      "case_unknown": 1,
      "no_pin": 1
    },
    "temporal": {
      "checked": 5,
      "violated": 0
    }
  },
  "combo": {
    "drafts": 1,
    "abstained": 0,
    "citations_total": 8,
    "cite_verdicts": {
      "exists": 7,
      "not_found": 1
    },
    "existence_rate_pooled": 0.875,
    "quote_verdicts": {
      "inaccurate": 2,
      "near_miss": 1
    },
    "pin_verdicts": {
      "in_range": 6,
      "case_unknown": 1,
      "out_of_range": 1
    },
    "temporal": {
      "checked": 8,
      "violated": 0
    }
  },
  "stakes": {
    "drafts": 1,
    "abstained": 0,
    "citations_total": 4,
    "cite_verdicts": {
      "exists": 3,
      "not_found": 1
    },
    "existence_rate_pooled": 0.75,
    "quote_verdicts": {},
    "pin_verdicts": {
      "in_range": 3,
      "case_unknown": 1
    },
    "temporal": {}
  }
}
total cost $2.2941
2000-071 baseline  cites=  3 exist=1.0 unres=0.0 quotes=5 cost=$0.0727
empty completion draft:2000-071:quota (attempt 1)
2000-071 quota     cites=  4 exist=1.0 unres=0.0 quotes=7 cost=$0.3853
empty completion draft:2000-071:temporal (attempt 1)
empty completion draft:2000-071:temporal (attempt 2)
2000-071 temporal  cites=  6 exist=1.0 unres=0.0 quotes=1 cost=$0.6671
2000-071 stakes    cites=  4 exist=1.0 unres=0.0 quotes=6 cost=$0.6988
2000-071 combo     cites=  9 exist=0.8889 unres=0.0 quotes=1 cost=$0.7391
2012-029 baseline  cites=  4 exist=1.0 unres=0.0 quotes=3 cost=$0.7924
2012-029 quota     cites=  9 exist=1.0 unres=0.1111 quotes=6 cost=$0.8124
2012-029 temporal  cites=  3 exist=1.0 unres=0.0 quotes=2 cost=$0.8610
empty completion draft:2012-029:stakes (attempt 1)
2012-029 stakes    cites=  3 exist=1.0 unres=0.0 quotes=3 cost=$1.0120
empty completion draft:2012-029:combo (attempt 1)
2012-029 combo     cites=  6 exist=1.0 unres=0.0 quotes=6 cost=$1.3992
1999-051 baseline  cites=  4 exist=0.75 unres=0.0 quotes=0 cost=$1.3992
1999-051 quota     cites=  9 exist=0.7778 unres=0.0 quotes=4 cost=$1.3992
1999-051 temporal  cites=  3 exist=1.0 unres=0.0 quotes=0 cost=$1.5157
1999-051 stakes    cites=  5 exist=0.8 unres=0.0 quotes=2 cost=$1.5933
empty completion draft:1999-051:combo (attempt 1)
empty completion draft:1999-051:combo (attempt 2)
empty completion draft:1999-051:combo (attempt 3)
SKIP draft:1999-051:combo: empty after retries
{
  "baseline": {
    "drafts": 3,
    "abstained": 0,
    "citations_total": 11,
    "cite_verdicts": {
      "exists": 10,
      "not_found": 1
    },
    "existence_rate_pooled": 0.909,
    "quote_verdicts": {
      "inaccurate": 4,
      "accurate": 1,
      "near_miss": 2,
      "unverifiable": 1
    },
    "pin_verdicts": {
      "no_pin": 6,
      "in_range": 5
    },
    "temporal": {}
  },
  "combo": {
    "drafts": 2,
    "abstained": 0,
    "citations_total": 15,
    "cite_verdicts": {
      "exists": 14,
      "not_found": 1
    },
    "existence_rate_pooled": 0.933,
    "quote_verdicts": {
      "unverifiable": 1,
      "inaccurate": 5,
      "near_miss": 1
    },
    "pin_verdicts": {
      "no_pin": 9,
      "in_range": 6
    },
    "temporal": {
      "checked": 15,
      "violated": 1
    }
  },
  "stakes": {
    "drafts": 3,
    "abstained": 0,
    "citations_total": 12,
    "cite_verdicts": {
      "exists": 11,
      "not_found": 1
    },
    "existence_rate_pooled": 0.917,
    "quote_verdicts": {
      "inaccurate": 1,
      "near_miss": 5,
      "accurate": 2,
      "unverifiable": 3
    },
    "pin_verdicts": {
      "no_pin": 4,
      "in_range": 7,
      "case_unknown": 1
    },
    "temporal": {}
  },
  "temporal": {
    "drafts": 3,
    "abstained": 0,
    "citations_total": 12,
    "cite_verdicts": {
      "exists": 12
    },
    "existence_rate_pooled": 1.0,
    "quote_verdicts": {
      "near_miss": 1,
      "inaccurate": 2
    },
    "pin_verdicts": {
      "in_range": 9,
      "no_pin": 3
    },
    "temporal": {
      "checked": 12,
      "violated": 1
    }
  },
  "quota": {
    "drafts": 3,
    "abstained": 0,
    "citations_total": 22,
    "cite_verdicts": {
      "exists": 19,
      "unresolvable": 1,
      "not_found": 2
    },
    "existence_rate_pooled": 0.905,
    "quote_verdicts": {
      "inaccurate": 11,
      "accurate": 1,
      "near_miss": 3,
      "unverifiable": 2
    },
    "pin_verdicts": {
      "in_range": 16,
      "out_of_range": 2,
      "no_pin": 1,
      "case_unknown": 3
    },
    "temporal": {}
  }
}
total cost $2.3038
2009-045 baseline  cites=  2 exist=1.0 unres=0.0 quotes=1 cost=$0.8954
2009-045 quota     cites= 12 exist=0.75 unres=0.0 quotes=4 cost=$0.8954
empty completion draft:2009-045:temporal (attempt 1)
empty completion draft:2009-045:temporal (attempt 2)
empty completion draft:2009-045:temporal (attempt 3)
SKIP draft:2009-045:temporal: empty after retries
2009-045 stakes    cites=  3 exist=1.0 unres=0.0 quotes=3 cost=$1.6290
empty completion draft:2009-045:combo (attempt 1)
empty completion draft:2009-045:combo (attempt 2)
empty completion draft:2009-045:combo (attempt 3)
SKIP draft:2009-045:combo: empty after retries
{
  "baseline": {
    "drafts": 1,
    "abstained": 0,
    "citations_total": 2,
    "cite_verdicts": {
      "exists": 2
    },
    "existence_rate_pooled": 1.0,
    "quote_verdicts": {
      "near_miss": 1
    },
    "pin_verdicts": {
      "no_pin": 2
    },
    "temporal": {}
  },
  "quota": {
    "drafts": 1,
    "abstained": 0,
    "citations_total": 12,
    "cite_verdicts": {
      "exists": 9,
      "not_found": 3
    },
    "existence_rate_pooled": 0.75,
    "quote_verdicts": {
      "accurate": 4
    },
    "pin_verdicts": {
      "in_range": 6,
      "case_unknown": 1,
      "out_of_range": 1,
      "no_pin": 4
    },
    "temporal": {}
  },
  "stakes": {
    "drafts": 1,
    "abstained": 0,
    "citations_total": 3,
    "cite_verdicts": {
      "exists": 3
    },
    "existence_rate_pooled": 1.0,
    "quote_verdicts": {
      "accurate": 1,
      "near_miss": 2
    },
    "pin_verdicts": {
      "in_range": 3
    },
    "temporal": {}
  }
}
total cost $2.316
1999-051 baseline  cites=  4 exist=0.75 unres=0.0 quotes=0 cost=$0.9186
empty completion draft:1999-051:quota (attempt 1)
1999-051 quota     cites=  9 exist=0.7778 unres=0.0 quotes=4 cost=$1.2722
empty completion draft:1999-051:temporal (attempt 1)
1999-051 temporal  cites=  3 exist=1.0 unres=0.0 quotes=0 cost=$1.5207
1999-051 stakes    cites=  3 exist=0.3333 unres=0.0 quotes=3 cost=$1.6218
empty completion draft:1999-051:combo (attempt 1)
empty completion draft:1999-051:combo (attempt 2)
empty completion draft:1999-051:combo (attempt 3)
SKIP draft:1999-051:combo: empty after retries
{
  "temporal": {
    "drafts": 1,
    "abstained": 0,
    "citations_total": 3,
    "cite_verdicts": {
      "exists": 3
    },
    "existence_rate_pooled": 1.0,
    "quote_verdicts": {},
    "pin_verdicts": {
      "in_range": 3
    },
    "temporal": {
      "checked": 3,
      "violated": 0
    }
  },
  "stakes": {
    "drafts": 1,
    "abstained": 0,
    "citations_total": 3,
    "cite_verdicts": {
      "exists": 1,
      "not_found": 2
    },
    "existence_rate_pooled": 0.333,
    "quote_verdicts": {
      "near_miss": 3
    },
    "pin_verdicts": {
      "in_range": 1,
      "case_unknown": 2
    },
    "temporal": {}
  },
  "baseline": {
    "drafts": 1,
    "abstained": 0,
    "citations_total": 4,
    "cite_verdicts": {
      "not_found": 1,
      "exists": 3
    },
    "existence_rate_pooled": 0.75,
    "quote_verdicts": {},
    "pin_verdicts": {
      "no_pin": 2,
      "in_range": 2
    },
    "temporal": {}
  },
  "quota": {
    "drafts": 1,
    "abstained": 0,
    "citations_total": 9,
    "cite_verdicts": {
      "exists": 7,
      "not_found": 2
    },
    "existence_rate_pooled": 0.778,
    "quote_verdicts": {
      "near_miss": 2,
      "inaccurate": 2
    },
    "pin_verdicts": {
      "in_range": 7,
      "case_unknown": 2
    },
    "temporal": {}
  }
}
total cost $2.3861
2010-026 baseline  cites=  6 exist=1.0 unres=0.0 quotes=6 cost=$0.8954
2010-026 quota     cites=  8 exist=0.875 unres=0.0 quotes=11 cost=$0.8954
empty completion draft:2010-026:temporal (attempt 1)
empty completion draft:2010-026:temporal (attempt 2)
empty completion draft:2010-026:temporal (attempt 3)
SKIP draft:2010-026:temporal: empty after retries
2010-026 stakes    cites=  3 exist=1.0 unres=0.0 quotes=6 cost=$1.7927
empty completion draft:2010-026:combo (attempt 1)
empty completion draft:2010-026:combo (attempt 2)
empty completion draft:2010-026:combo (attempt 3)
SKIP draft:2010-026:combo: empty after retries
{
  "baseline": {
    "drafts": 1,
    "abstained": 0,
    "citations_total": 6,
    "cite_verdicts": {
      "exists": 6
    },
    "existence_rate_pooled": 1.0,
    "quote_verdicts": {
      "accurate": 1,
      "near_miss": 1,
      "unverifiable": 4
    },
    "pin_verdicts": {
      "in_range": 2,
      "no_pin": 4
    },
    "temporal": {}
  },
  "quota": {
    "drafts": 1,
    "abstained": 0,
    "citations_total": 8,
    "cite_verdicts": {
      "exists": 7,
      "not_found": 1
    },
    "existence_rate_pooled": 0.875,
    "quote_verdicts": {
      "inaccurate": 4,
      "accurate": 3,
      "unverifiable": 4
    },
    "pin_verdicts": {
      "in_range": 7,
      "case_unknown": 1
    },
    "temporal": {}
  },
  "stakes": {
    "drafts": 1,
    "abstained": 0,
    "citations_total": 3,
    "cite_verdicts": {
      "exists": 3
    },
    "existence_rate_pooled": 1.0,
    "quote_verdicts": {
      "accurate": 3,
      "inaccurate": 1,
      "unverifiable": 2
    },
    "pin_verdicts": {
      "in_range": 3
    },
    "temporal": {}
  }
}
total cost $2.3963
empty completion draft:2005-087:baseline (attempt 1)
2005-087 baseline  cites=  4 exist=0.75 unres=0.0 quotes=2 cost=$1.1733
2005-087 quota     cites=  7 exist=1.0 unres=0.0 quotes=0 cost=$1.2704
empty completion draft:2005-087:temporal (attempt 1)
empty completion draft:2005-087:temporal (attempt 2)
empty completion draft:2005-087:temporal (attempt 3)
SKIP draft:2005-087:temporal: empty after retries
2005-087 stakes    cites=  3 exist=0.6667 unres=0.0 quotes=1 cost=$2.0466
empty completion draft:2005-087:combo (attempt 1)
empty completion draft:2005-087:combo (attempt 2)
empty completion draft:2005-087:combo (attempt 3)
SKIP draft:2005-087:combo: empty after retries
{
  "quota": {
    "drafts": 1,
    "abstained": 0,
    "citations_total": 7,
    "cite_verdicts": {
      "exists": 7
    },
    "existence_rate_pooled": 1.0,
    "quote_verdicts": {},
    "pin_verdicts": {
      "in_range": 7
    },
    "temporal": {}
  },
  "stakes": {
    "drafts": 1,
    "abstained": 0,
    "citations_total": 3,
    "cite_verdicts": {
      "not_found": 1,
      "exists": 2
    },
    "existence_rate_pooled": 0.667,
    "quote_verdicts": {
      "inaccurate": 1
    },
    "pin_verdicts": {
      "no_pin": 2,
      "in_range": 1
    },
    "temporal": {}
  },
  "baseline": {
    "drafts": 1,
    "abstained": 0,
    "citations_total": 4,
    "cite_verdicts": {
      "exists": 3,
      "not_found": 1
    },
    "existence_rate_pooled": 0.75,
    "quote_verdicts": {
      "near_miss": 1,
      "inaccurate": 1
    },
    "pin_verdicts": {
      "no_pin": 4
    },
    "temporal": {}
  }
}
total cost $2.4213
1998-085 baseline  cites=  0 exist=None unres=None quotes=0 cost=$0.0416
1998-085 quota     cites=  9 exist=0.8889 unres=0.0 quotes=13 cost=$0.0825
1998-085 temporal  cites=  3 exist=0.6667 unres=0.0 quotes=6 cost=$0.1300
empty completion draft:1998-085:stakes (attempt 1)
empty completion draft:1998-085:stakes (attempt 2)
empty completion draft:1998-085:stakes (attempt 3)
SKIP draft:1998-085:stakes: empty after retries
empty completion draft:1998-085:combo (attempt 1)
empty completion draft:1998-085:combo (attempt 2)
empty completion draft:1998-085:combo (attempt 3)
SKIP draft:1998-085:combo: empty after retries
1997-021 baseline  cites=  3 exist=1.0 unres=0.0 quotes=5 cost=$0.9216
empty completion draft:1997-021:quota (attempt 1)
1997-021 quota     cites=  7 exist=0.5714 unres=0.0 quotes=2 cost=$1.1297
empty completion draft:1997-021:temporal (attempt 1)
1997-021 temporal  cites=  5 exist=0.8 unres=0.0 quotes=0 cost=$1.5138
1997-021 stakes    cites=  6 exist=0.6667 unres=0.0 quotes=4 cost=$1.5138
empty completion draft:1997-021:combo (attempt 1)
empty completion draft:1997-021:combo (attempt 2)
empty completion draft:1997-021:combo (attempt 3)
SKIP draft:1997-021:combo: empty after retries
2005-087 baseline  cites=  4 exist=0.75 unres=0.0 quotes=2 cost=$2.1230
2005-087 quota     cites=  7 exist=1.0 unres=0.0 quotes=0 cost=$2.1230
2005-087 temporal  cites=  3 exist=0.6667 unres=0.0 quotes=1 cost=$2.1497
2005-087 stakes    cites=  3 exist=0.6667 unres=0.0 quotes=1 cost=$2.1497
empty completion draft:2005-087:combo (attempt 1)
2005-087 combo     cites=  9 exist=0.6667 unres=0.0 quotes=0 cost=$2.4235
{
  "quota": {
    "drafts": 3,
    "abstained": 0,
    "citations_total": 23,
    "cite_verdicts": {
      "exists": 19,
      "not_found": 4
    },
    "existence_rate_pooled": 0.826,
    "quote_verdicts": {
      "inaccurate": 10,
      "near_miss": 1,
      "unverifiable": 4
    },
    "pin_verdicts": {
      "in_range": 18,
      "case_unknown": 4,
      "out_of_range": 1
    },
    "temporal": {}
  },
  "baseline": {
    "drafts": 3,
    "abstained": 1,
    "citations_total": 7,
    "cite_verdicts": {
      "exists": 6,
      "not_found": 1
    },
    "existence_rate_pooled": 0.857,
    "quote_verdicts": {
      "inaccurate": 4,
      "near_miss": 2,
      "accurate": 1
    },
    "pin_verdicts": {
      "in_range": 3,
      "no_pin": 4
    },
    "temporal": {}
  },
  "stakes": {
    "drafts": 2,
    "abstained": 0,
    "citations_total": 9,
    "cite_verdicts": {
      "exists": 6,
      "not_found": 3
    },
    "existence_rate_pooled": 0.667,
    "quote_verdicts": {
      "near_miss": 2,
      "accurate": 2,
      "inaccurate": 1
    },
    "pin_verdicts": {
      "no_pin": 3,
      "in_range": 4,
      "case_unknown": 2
    },
    "temporal": {}
  },
  "combo": {
    "drafts": 1,
    "abstained": 0,
    "citations_total": 9,
    "cite_verdicts": {
      "exists": 6,
      "not_found": 3
    },
    "existence_rate_pooled": 0.667,
    "quote_verdicts": {},
    "pin_verdicts": {
      "no_pin": 9
    },
    "temporal": {
      "checked": 9,
      "violated": 0
    }
  },
  "temporal": {
    "drafts": 3,
    "abstained": 0,
    "citations_total": 11,
    "cite_verdicts": {
      "exists": 8,
      "not_found": 3
    },
    "existence_rate_pooled": 0.727,
    "quote_verdicts": {
      "inaccurate": 1,
      "near_miss": 2,
      "unverifiable": 4
    },
    "pin_verdicts": {
      "in_range": 8,
      "case_unknown": 3
    },
    "temporal": {
      "checked": 11,
      "violated": 0
    }
  }
}
total cost $2.4235
empty completion draft:2010-046:baseline (attempt 1)
2010-046 baseline  cites=  5 exist=0.8 unres=0.0 quotes=1 cost=$1.3804
2010-046 quota     cites=  5 exist=0.8 unres=0.0 quotes=3 cost=$1.4461
empty completion draft:2010-046:temporal (attempt 1)
empty completion draft:2010-046:temporal (attempt 2)
2010-046 temporal  cites=  5 exist=1.0 unres=0.0 quotes=6 cost=$1.9166
2010-046 stakes    cites=  6 exist=0.6667 unres=0.0 quotes=4 cost=$2.0156
empty completion draft:2010-046:combo (attempt 1)
empty completion draft:2010-046:combo (attempt 2)
empty completion draft:2010-046:combo (attempt 3)
SKIP draft:2010-046:combo: empty after retries
{
  "temporal": {
    "drafts": 1,
    "abstained": 0,
    "citations_total": 5,
    "cite_verdicts": {
      "exists": 5
    },
    "existence_rate_pooled": 1.0,
    "quote_verdicts": {
      "inaccurate": 5,
      "near_miss": 1
    },
    "pin_verdicts": {
      "no_pin": 5
    },
    "temporal": {
      "checked": 5,
      "violated": 0
    }
  },
  "stakes": {
    "drafts": 1,
    "abstained": 0,
    "citations_total": 6,
    "cite_verdicts": {
      "exists": 4,
      "not_found": 2
    },
    "existence_rate_pooled": 0.667,
    "quote_verdicts": {
      "inaccurate": 2,
      "near_miss": 2
    },
    "pin_verdicts": {
      "no_pin": 6
    },
    "temporal": {}
  },
  "quota": {
    "drafts": 1,
    "abstained": 0,
    "citations_total": 5,
    "cite_verdicts": {
      "exists": 4,
      "not_found": 1
    },
    "existence_rate_pooled": 0.8,
    "quote_verdicts": {
      "accurate": 2,
      "inaccurate": 1
    },
    "pin_verdicts": {
      "no_pin": 2,
      "in_range": 2,
      "case_unknown": 1
    },
    "temporal": {}
  },
  "baseline": {
    "drafts": 1,
    "abstained": 0,
    "citations_total": 5,
    "cite_verdicts": {
      "exists": 4,
      "not_found": 1
    },
    "existence_rate_pooled": 0.8,
    "quote_verdicts": {
      "near_miss": 1
    },
    "pin_verdicts": {
      "in_range": 4,
      "case_unknown": 1
    },
    "temporal": {}
  }
}
total cost $2.4286
2020-067 baseline  cites=  3 exist=1.0 unres=0.0 quotes=1 cost=$0.8954
2020-067 quota     cites=  8 exist=0.75 unres=0.0 quotes=2 cost=$0.9991
2020-067 temporal  cites=  3 exist=0.6667 unres=0.0 quotes=2 cost=$1.0944
empty completion draft:2020-067:stakes (attempt 1)
empty completion draft:2020-067:stakes (attempt 2)
2020-067 stakes    cites=  2 exist=1.0 unres=0.5 quotes=0 cost=$1.6661
empty completion draft:2020-067:combo (attempt 1)
empty completion draft:2020-067:combo (attempt 2)
empty completion draft:2020-067:combo (attempt 3)
SKIP draft:2020-067:combo: empty after retries
{
  "baseline": {
    "drafts": 1,
    "abstained": 0,
    "citations_total": 3,
    "cite_verdicts": {
      "exists": 3
    },
    "existence_rate_pooled": 1.0,
    "quote_verdicts": {
      "inaccurate": 1
    },
    "pin_verdicts": {
      "in_range": 3
    },
    "temporal": {}
  },
  "stakes": {
    "drafts": 1,
    "abstained": 0,
    "citations_total": 2,
    "cite_verdicts": {
      "exists": 1,
      "unresolvable": 1
    },
    "existence_rate_pooled": 1.0,
    "quote_verdicts": {},
    "pin_verdicts": {
      "no_pin": 1
    },
    "temporal": {}
  },
  "temporal": {
    "drafts": 1,
    "abstained": 0,
    "citations_total": 3,
    "cite_verdicts": {
      "exists": 2,
      "not_found": 1
    },
    "existence_rate_pooled": 0.667,
    "quote_verdicts": {
      "inaccurate": 1,
      "near_miss": 1
    },
    "pin_verdicts": {
      "no_pin": 3
    },
    "temporal": {
      "checked": 3,
      "violated": 0
    }
  },
  "quota": {
    "drafts": 1,
    "abstained": 0,
    "citations_total": 8,
    "cite_verdicts": {
      "exists": 6,
      "not_found": 2
    },
    "existence_rate_pooled": 0.75,
    "quote_verdicts": {
      "accurate": 1,
      "inaccurate": 1
    },
    "pin_verdicts": {
      "in_range": 5,
      "case_unknown": 2,
      "out_of_range": 1
    },
    "temporal": {}
  }
}
total cost $2.4737
1999-033 baseline  cites=  2 exist=0.5 unres=0.0 quotes=1 cost=$0.0635
1999-033 quota     cites=  7 exist=0.7143 unres=0.0 quotes=1 cost=$0.1164
1999-033 temporal  cites=  3 exist=1.0 unres=0.0 quotes=1 cost=$0.2132
1999-033 stakes    cites=  3 exist=0.6667 unres=0.0 quotes=4 cost=$0.3072
empty completion draft:1999-033:combo (attempt 1)
empty completion draft:1999-033:combo (attempt 2)
1999-033 combo     cites=  6 exist=1.0 unres=0.0 quotes=1 cost=$0.7064
1990-114 baseline  cites=  3 exist=1.0 unres=0.0 quotes=6 cost=$0.7064
1990-114 quota     cites= 11 exist=1.0 unres=0.0 quotes=5 cost=$0.7064
1990-114 temporal  cites=  5 exist=1.0 unres=0.0 quotes=4 cost=$0.7064
1990-114 stakes    cites=  6 exist=1.0 unres=0.0 quotes=3 cost=$0.7352
empty completion draft:1990-114:combo (attempt 1)
empty completion draft:1990-114:combo (attempt 2)
1990-114 combo     cites=  8 exist=1.0 unres=0.0 quotes=1 cost=$0.9966
2020-012 baseline  cites=  3 exist=1.0 unres=0.0 quotes=0 cost=$0.9966
2020-012 quota     cites=  9 exist=1.0 unres=0.0 quotes=0 cost=$1.1570
empty completion draft:2020-012:temporal (attempt 1)
empty completion draft:2020-012:temporal (attempt 2)
2020-012 temporal  cites=  3 exist=0.3333 unres=0.0 quotes=1 cost=$1.9185
2020-012 stakes    cites=  3 exist=1.0 unres=0.0 quotes=1 cost=$1.9813
empty completion draft:2020-012:combo (attempt 1)
empty completion draft:2020-012:combo (attempt 2)
empty completion draft:2020-012:combo (attempt 3)
SKIP draft:2020-012:combo: empty after retries
{
  "combo": {
    "drafts": 2,
    "abstained": 0,
    "citations_total": 14,
    "cite_verdicts": {
      "exists": 14
    },
    "existence_rate_pooled": 1.0,
    "quote_verdicts": {
      "unverifiable": 1,
      "inaccurate": 1
    },
    "pin_verdicts": {
      "in_range": 6,
      "no_pin": 8
    },
    "temporal": {
      "checked": 14,
      "violated": 0
    }
  },
  "stakes": {
    "drafts": 3,
    "abstained": 0,
    "citations_total": 12,
    "cite_verdicts": {
      "exists": 11,
      "not_found": 1
    },
    "existence_rate_pooled": 0.917,
    "quote_verdicts": {
      "unverifiable": 7,
      "accurate": 1
    },
    "pin_verdicts": {
      "in_range": 9,
      "case_unknown": 1,
      "no_pin": 1,
      "out_of_range": 1
    },
    "temporal": {}
  },
  "baseline": {
    "drafts": 3,
    "abstained": 0,
    "citations_total": 8,
    "cite_verdicts": {
      "exists": 7,
      "not_found": 1
    },
    "existence_rate_pooled": 0.875,
    "quote_verdicts": {
      "unverifiable": 3,
      "accurate": 3,
      "inaccurate": 1
    },
    "pin_verdicts": {
      "in_range": 7,
      "case_unknown": 1
    },
    "temporal": {}
  },
  "temporal": {
    "drafts": 3,
    "abstained": 0,
    "citations_total": 11,
    "cite_verdicts": {
      "exists": 9,
      "not_found": 2
    },
    "existence_rate_pooled": 0.818,
    "quote_verdicts": {
      "inaccurate": 2,
      "accurate": 1,
      "near_miss": 3
    },
    "pin_verdicts": {
      "in_range": 4,
      "no_pin": 5,
      "case_unknown": 2
    },
    "temporal": {
      "checked": 11,
      "violated": 1
    }
  },
  "quota": {
    "drafts": 3,
    "abstained": 0,
    "citations_total": 27,
    "cite_verdicts": {
      "exists": 25,
      "not_found": 2
    },
    "existence_rate_pooled": 0.926,
    "quote_verdicts": {
      "unverifiable": 4,
      "accurate": 1,
      "inaccurate": 1
    },
    "pin_verdicts": {
      "in_range": 17,
      "case_unknown": 2,
      "no_pin": 3,
      "out_of_range": 5
    },
    "temporal": {}
  }
}
total cost $2.4837
2016-067 baseline  cites=  4 exist=1.0 unres=0.0 quotes=3 cost=$0.9202
2016-067 quota     cites=  8 exist=0.875 unres=0.0 quotes=3 cost=$0.9863
empty completion draft:2016-067:temporal (attempt 1)
empty completion draft:2016-067:temporal (attempt 2)
empty completion draft:2016-067:temporal (attempt 3)
SKIP draft:2016-067:temporal: empty after retries
2016-067 stakes    cites=  3 exist=0.6667 unres=0.0 quotes=1 cost=$2.0337
empty completion draft:2016-067:combo (attempt 1)
empty completion draft:2016-067:combo (attempt 2)
empty completion draft:2016-067:combo (attempt 3)
SKIP draft:2016-067:combo: empty after retries
{
  "quota": {
    "drafts": 1,
    "abstained": 0,
    "citations_total": 8,
    "cite_verdicts": {
      "exists": 7,
      "not_found": 1
    },
    "existence_rate_pooled": 0.875,
    "quote_verdicts": {
      "unverifiable": 1,
      "inaccurate": 2
    },
    "pin_verdicts": {
      "in_range": 7,
      "case_unknown": 1
    },
    "temporal": {}
  },
  "baseline": {
    "drafts": 1,
    "abstained": 0,
    "citations_total": 4,
    "cite_verdicts": {
      "exists": 4
    },
    "existence_rate_pooled": 1.0,
    "quote_verdicts": {
      "near_miss": 1,
      "unverifiable": 2
    },
    "pin_verdicts": {
      "in_range": 4
    },
    "temporal": {}
  },
  "stakes": {
    "drafts": 1,
    "abstained": 0,
    "citations_total": 3,
    "cite_verdicts": {
      "exists": 2,
      "not_found": 1
    },
    "existence_rate_pooled": 0.667,
    "quote_verdicts": {
      "accurate": 1
    },
    "pin_verdicts": {
      "in_range": 1,
      "out_of_range": 1,
      "case_unknown": 1
    },
    "temporal": {}
  }
}
total cost $2.5289
2020-012 baseline  cites=  3 exist=1.0 unres=0.0 quotes=0 cost=$0.9263
empty completion draft:2020-012:quota (attempt 1)
2020-012 quota     cites=  8 exist=1.0 unres=0.0 quotes=0 cost=$1.2881
empty completion draft:2020-012:temporal (attempt 1)
empty completion draft:2020-012:temporal (attempt 2)
empty completion draft:2020-012:temporal (attempt 3)
SKIP draft:2020-012:temporal: empty after retries
2020-012 stakes    cites=  3 exist=1.0 unres=0.0 quotes=1 cost=$2.0319
empty completion draft:2020-012:combo (attempt 1)
empty completion draft:2020-012:combo (attempt 2)
empty completion draft:2020-012:combo (attempt 3)
SKIP draft:2020-012:combo: empty after retries
{
  "stakes": {
    "drafts": 1,
    "abstained": 0,
    "citations_total": 3,
    "cite_verdicts": {
      "exists": 3
    },
    "existence_rate_pooled": 1.0,
    "quote_verdicts": {
      "unverifiable": 1
    },
    "pin_verdicts": {
      "in_range": 3
    },
    "temporal": {}
  },
  "quota": {
    "drafts": 1,
    "abstained": 0,
    "citations_total": 8,
    "cite_verdicts": {
      "exists": 8
    },
    "existence_rate_pooled": 1.0,
    "quote_verdicts": {},
    "pin_verdicts": {
      "in_range": 7,
      "no_pin": 1
    },
    "temporal": {}
  },
  "baseline": {
    "drafts": 1,
    "abstained": 0,
    "citations_total": 3,
    "cite_verdicts": {
      "exists": 3
    },
    "existence_rate_pooled": 1.0,
    "quote_verdicts": {},
    "pin_verdicts": {
      "in_range": 3
    },
    "temporal": {}
  }
}
total cost $2.5338
2001-013 baseline  cites=  2 exist=1.0 unres=0.0 quotes=0 cost=$0.0661
empty completion draft:2001-013:quota (attempt 1)
empty completion draft:2001-013:quota (attempt 2)
empty completion draft:2001-013:quota (attempt 3)
SKIP draft:2001-013:quota: empty after retries
2001-013 temporal  cites=  2 exist=1.0 unres=0.0 quotes=3 cost=$0.4219
empty completion draft:2001-013:stakes (attempt 1)
2001-013 stakes    cites=  3 exist=0.6667 unres=0.0 quotes=1 cost=$0.5619
empty completion draft:2001-013:combo (attempt 1)
empty completion draft:2001-013:combo (attempt 2)
empty completion draft:2001-013:combo (attempt 3)
SKIP draft:2001-013:combo: empty after retries
1992-086 baseline  cites=  3 exist=1.0 unres=0.0 quotes=1 cost=$0.8954
1992-086 quota     cites=  7 exist=1.0 unres=0.0 quotes=4 cost=$0.9465
1992-086 temporal  cites=  5 exist=1.0 unres=0.0 quotes=2 cost=$1.0557
1992-086 stakes    cites=  2 exist=1.0 unres=0.0 quotes=1 cost=$1.1587
empty completion draft:1992-086:combo (attempt 1)
empty completion draft:1992-086:combo (attempt 2)
1992-086 combo     cites=  8 exist=1.0 unres=0.0 quotes=5 cost=$1.7267
2010-046 baseline  cites=  5 exist=0.8 unres=0.0 quotes=1 cost=$1.7267
2010-046 quota     cites=  5 exist=0.8 unres=0.0 quotes=3 cost=$1.7267
2010-046 temporal  cites=  5 exist=1.0 unres=0.0 quotes=6 cost=$1.8351
empty completion draft:2010-046:stakes (attempt 1)
2010-046 stakes    cites=  6 exist=0.6667 unres=0.0 quotes=4 cost=$2.1824
empty completion draft:2010-046:combo (attempt 1)
empty completion draft:2010-046:combo (attempt 2)
empty completion draft:2010-046:combo (attempt 3)
SKIP draft:2010-046:combo: empty after retries
{
  "quota": {
    "drafts": 2,
    "abstained": 0,
    "citations_total": 12,
    "cite_verdicts": {
      "exists": 11,
      "not_found": 1
    },
    "existence_rate_pooled": 0.917,
    "quote_verdicts": {
      "near_miss": 1,
      "accurate": 3,
      "unverifiable": 1,
      "inaccurate": 2
    },
    "pin_verdicts": {
      "in_range": 8,
      "no_pin": 3,
      "case_unknown": 1
    },
    "temporal": {}
  },
  "temporal": {
    "drafts": 3,
    "abstained": 0,
    "citations_total": 12,
    "cite_verdicts": {
      "exists": 12
    },
    "existence_rate_pooled": 1.0,
    "quote_verdicts": {
      "inaccurate": 8,
      "near_miss": 2,
      "unverifiable": 1
    },
    "pin_verdicts": {
      "in_range": 1,
      "no_pin": 11
    },
    "temporal": {
      "checked": 12,
      "violated": 0
    }
  },
  "combo": {
    "drafts": 1,
    "abstained": 0,
    "citations_total": 8,
    "cite_verdicts": {
      "exists": 8
    },
    "existence_rate_pooled": 1.0,
    "quote_verdicts": {
      "inaccurate": 4,
      "near_miss": 1
    },
    "pin_verdicts": {
      "in_range": 6,
      "no_pin": 1,
      "out_of_range": 1
    },
    "temporal": {
      "checked": 8,
      "violated": 0
    }
  },
  "baseline": {
    "drafts": 3,
    "abstained": 0,
    "citations_total": 10,
    "cite_verdicts": {
      "exists": 9,
      "not_found": 1
    },
    "existence_rate_pooled": 0.9,
    "quote_verdicts": {
      "inaccurate": 1,
      "near_miss": 1
    },
    "pin_verdicts": {
      "no_pin": 2,
      "in_range": 7,
      "case_unknown": 1
    },
    "temporal": {}
  },
  "stakes": {
    "drafts": 3,
    "abstained": 0,
    "citations_total": 11,
    "cite_verdicts": {
      "not_found": 3,
      "exists": 8
    },
    "existence_rate_pooled": 0.727,
    "quote_verdicts": {
      "inaccurate": 3,
      "accurate": 1,
      "near_miss": 2
    },
    "pin_verdicts": {
      "case_unknown": 1,
      "no_pin": 8,
      "in_range": 2
    },
    "temporal": {}
  }
}
total cost $2.5438
2003-043 baseline  cites=  1 exist=1.0 unres=0.0 quotes=0 cost=$0.0621
2003-043 quota     cites=  3 exist=1.0 unres=0.0 quotes=0 cost=$0.0881
2003-043 temporal  cites=  3 exist=0.6667 unres=0.0 quotes=4 cost=$0.1318
2003-043 stakes    cites=  3 exist=1.0 unres=0.0 quotes=1 cost=$0.1750
empty completion draft:2003-043:combo (attempt 1)
empty completion draft:2003-043:combo (attempt 2)
empty completion draft:2003-043:combo (attempt 3)
SKIP draft:2003-043:combo: empty after retries
2010-026 baseline  cites=  6 exist=1.0 unres=0.0 quotes=6 cost=$0.5602
2010-026 quota     cites=  8 exist=0.875 unres=0.0 quotes=11 cost=$0.5936
empty completion draft:2010-026:temporal (attempt 1)
empty completion draft:2010-026:temporal (attempt 2)
empty completion draft:2010-026:temporal (attempt 3)
SKIP draft:2010-026:temporal: empty after retries
2010-026 stakes    cites=  3 exist=1.0 unres=0.0 quotes=6 cost=$1.0358
empty completion draft:2010-026:combo (attempt 1)
empty completion draft:2010-026:combo (attempt 2)
empty completion draft:2010-026:combo (attempt 3)
SKIP draft:2010-026:combo: empty after retries
2015-007 baseline  cites=  5 exist=0.6 unres=0.0 quotes=0 cost=$1.9535
2015-007 quota     cites=  6 exist=1.0 unres=0.0 quotes=0 cost=$1.9535
2015-007 temporal  cites=  5 exist=0.8 unres=0.0 quotes=0 cost=$1.9535
2015-007 stakes    cites=  2 exist=0.5 unres=0.0 quotes=0 cost=$1.9535
empty completion draft:2015-007:combo (attempt 1)
empty completion draft:2015-007:combo (attempt 2)
empty completion draft:2015-007:combo (attempt 3)
SKIP draft:2015-007:combo: empty after retries
{
  "quota": {
    "drafts": 3,
    "abstained": 0,
    "citations_total": 17,
    "cite_verdicts": {
      "exists": 16,
      "not_found": 1
    },
    "existence_rate_pooled": 0.941,
    "quote_verdicts": {
      "inaccurate": 4,
      "accurate": 3,
      "unverifiable": 4
    },
    "pin_verdicts": {
      "no_pin": 9,
      "in_range": 7,
      "case_unknown": 1
    },
    "temporal": {}
  },
  "baseline": {
    "drafts": 3,
    "abstained": 0,
    "citations_total": 12,
    "cite_verdicts": {
      "exists": 10,
      "not_found": 2
    },
    "existence_rate_pooled": 0.833,
    "quote_verdicts": {
      "accurate": 1,
      "near_miss": 1,
      "unverifiable": 4
    },
    "pin_verdicts": {
      "no_pin": 5,
      "in_range": 5,
      "case_unknown": 2
    },
    "temporal": {}
  },
  "temporal": {
    "drafts": 2,
    "abstained": 0,
    "citations_total": 8,
    "cite_verdicts": {
      "not_found": 2,
      "exists": 6
    },
    "existence_rate_pooled": 0.75,
    "quote_verdicts": {
      "unverifiable": 4
    },
    "pin_verdicts": {
      "no_pin": 3,
      "in_range": 4,
      "case_unknown": 1
    },
    "temporal": {
      "checked": 8,
      "violated": 0
    }
  },
  "stakes": {
    "drafts": 3,
    "abstained": 0,
    "citations_total": 8,
    "cite_verdicts": {
      "exists": 7,
      "not_found": 1
    },
    "existence_rate_pooled": 0.875,
    "quote_verdicts": {
      "inaccurate": 2,
      "accurate": 3,
      "unverifiable": 2
    },
    "pin_verdicts": {
      "no_pin": 3,
      "in_range": 4,
      "case_unknown": 1
    },
    "temporal": {}
  }
}
total cost $2.5639
empty completion draft:2018-070:baseline (attempt 1)
2018-070 baseline  cites=  5 exist=1.0 unres=0.0 quotes=3 cost=$1.2436
2018-070 quota     cites=  8 exist=0.75 unres=0.0 quotes=6 cost=$1.3114
empty completion draft:2018-070:temporal (attempt 1)
2018-070 temporal  cites=  4 exist=0.75 unres=0.0 quotes=4 cost=$1.7675
2018-070 stakes    cites=  3 exist=1.0 unres=0.0 quotes=2 cost=$2.0035
empty completion draft:2018-070:combo (attempt 1)
empty completion draft:2018-070:combo (attempt 2)
empty completion draft:2018-070:combo (attempt 3)
SKIP draft:2018-070:combo: empty after retries
{
  "baseline": {
    "drafts": 1,
    "abstained": 0,
    "citations_total": 5,
    "cite_verdicts": {
      "exists": 5
    },
    "existence_rate_pooled": 1.0,
    "quote_verdicts": {
      "accurate": 1,
      "near_miss": 2
    },
    "pin_verdicts": {
      "in_range": 5
    },
    "temporal": {}
  },
  "stakes": {
    "drafts": 1,
    "abstained": 0,
    "citations_total": 3,
    "cite_verdicts": {
      "exists": 3
    },
    "existence_rate_pooled": 1.0,
    "quote_verdicts": {
      "accurate": 1,
      "near_miss": 1
    },
    "pin_verdicts": {
      "in_range": 3
    },
    "temporal": {}
  },
  "quota": {
    "drafts": 1,
    "abstained": 0,
    "citations_total": 8,
    "cite_verdicts": {
      "exists": 6,
      "not_found": 2
    },
    "existence_rate_pooled": 0.75,
    "quote_verdicts": {
      "near_miss": 3,
      "inaccurate": 2,
      "unverifiable": 1
    },
    "pin_verdicts": {
      "in_range": 6,
      "case_unknown": 2
    },
    "temporal": {}
  },
  "temporal": {
    "drafts": 1,
    "abstained": 0,
    "citations_total": 4,
    "cite_verdicts": {
      "exists": 3,
      "not_found": 1
    },
    "existence_rate_pooled": 0.75,
    "quote_verdicts": {
      "inaccurate": 2,
      "near_miss": 2
    },
    "pin_verdicts": {
      "in_range": 3,
      "case_unknown": 1
    },
    "temporal": {
      "checked": 4,
      "violated": 0
    }
  }
}
total cost $2.5789
2019-024 baseline  cites=  4 exist=1.0 unres=0.0 quotes=2 cost=$0.0317
2019-024 quota     cites=  8 exist=1.0 unres=0.125 quotes=6 cost=$0.0706
empty completion draft:2019-024:temporal (attempt 1)
empty completion draft:2019-024:temporal (attempt 2)
empty completion draft:2019-024:temporal (attempt 3)
SKIP draft:2019-024:temporal: empty after retries
2019-024 stakes    cites=  0 exist=None unres=None quotes=0 cost=$0.3934
empty completion draft:2019-024:combo (attempt 1)
empty completion draft:2019-024:combo (attempt 2)
empty completion draft:2019-024:combo (attempt 3)
SKIP draft:2019-024:combo: empty after retries
2011-027 baseline  cites=  4 exist=1.0 unres=0.0 quotes=2 cost=$0.7442
empty completion draft:2011-027:quota (attempt 1)
2011-027 quota     cites=  9 exist=1.0 unres=0.0 quotes=2 cost=$0.8971
2011-027 temporal  cites=  3 exist=1.0 unres=0.0 quotes=3 cost=$0.9325
2011-027 stakes    cites=  3 exist=1.0 unres=0.0 quotes=1 cost=$1.0069
empty completion draft:2011-027:combo (attempt 1)
empty completion draft:2011-027:combo (attempt 2)
empty completion draft:2011-027:combo (attempt 3)
SKIP draft:2011-027:combo: empty after retries
2016-001 baseline  cites=  3 exist=0.0 unres=0.0 quotes=0 cost=$1.9000
empty completion draft:2016-001:quota (attempt 1)
2016-001 quota     cites=  8 exist=0.5 unres=0.0 quotes=4 cost=$2.1330
2016-001 temporal  cites=  2 exist=0.0 unres=0.0 quotes=0 cost=$2.1330
2016-001 stakes    cites=  2 exist=0.0 unres=0.0 quotes=0 cost=$2.1845
empty completion draft:2016-001:combo (attempt 1)
empty completion draft:2016-001:combo (attempt 2)
empty completion draft:2016-001:combo (attempt 3)
SKIP draft:2016-001:combo: empty after retries
{
  "temporal": {
    "drafts": 2,
    "abstained": 0,
    "citations_total": 5,
    "cite_verdicts": {
      "exists": 3,
      "not_found": 2
    },
    "existence_rate_pooled": 0.6,
    "quote_verdicts": {
      "inaccurate": 3
    },
    "pin_verdicts": {
      "no_pin": 3,
      "case_unknown": 2
    },
    "temporal": {
      "checked": 5,
      "violated": 0
    }
  },
  "baseline": {
    "drafts": 3,
    "abstained": 0,
    "citations_total": 11,
    "cite_verdicts": {
      "exists": 8,
      "not_found": 3
    },
    "existence_rate_pooled": 0.727,
    "quote_verdicts": {
      "unverifiable": 2,
      "inaccurate": 1,
      "near_miss": 1
    },
    "pin_verdicts": {
      "in_range": 6,
      "out_of_range": 2,
      "case_unknown": 3
    },
    "temporal": {}
  },
  "quota": {
    "drafts": 3,
    "abstained": 0,
    "citations_total": 25,
    "cite_verdicts": {
      "exists": 20,
      "unresolvable": 1,
      "not_found": 4
    },
    "existence_rate_pooled": 0.833,
    "quote_verdicts": {
      "unverifiable": 7,
      "inaccurate": 4,
      "near_miss": 1
    },
    "pin_verdicts": {
      "in_range": 16,
      "out_of_range": 3,
      "no_pin": 1,
      "case_unknown": 4,
      "in_range_unbounded": 1
    },
    "temporal": {}
  },
  "stakes": {
    "drafts": 3,
    "abstained": 1,
    "citations_total": 5,
    "cite_verdicts": {
      "exists": 3,
      "not_found": 2
    },
    "existence_rate_pooled": 0.6,
    "quote_verdicts": {
      "near_miss": 1
    },
    "pin_verdicts": {
      "in_range": 3,
      "case_unknown": 2
    },
    "temporal": {}
  }
}
total cost $2.6238
2016-001 baseline  cites=  3 exist=0.0 unres=0.0 quotes=0 cost=$0.9429
empty completion draft:2016-001:quota (attempt 1)
empty completion draft:2016-001:quota (attempt 2)
empty completion draft:2016-001:quota (attempt 3)
SKIP draft:2016-001:quota: empty after retries
empty completion draft:2016-001:temporal (attempt 1)
2016-001 temporal  cites=  2 exist=0.0 unres=0.0 quotes=0 cost=$2.0659
empty completion draft:2016-001:stakes (attempt 1)
2016-001 stakes    cites=  2 exist=0.0 unres=0.0 quotes=0 cost=$2.2320
empty completion draft:2016-001:combo (attempt 1)
empty completion draft:2016-001:combo (attempt 2)
empty completion draft:2016-001:combo (attempt 3)
SKIP draft:2016-001:combo: empty after retries
{
  "stakes": {
    "drafts": 1,
    "abstained": 0,
    "citations_total": 2,
    "cite_verdicts": {
      "not_found": 2
    },
    "existence_rate_pooled": 0.0,
    "quote_verdicts": {},
    "pin_verdicts": {
      "case_unknown": 2
    },
    "temporal": {}
  },
  "baseline": {
    "drafts": 1,
    "abstained": 0,
    "citations_total": 3,
    "cite_verdicts": {
      "not_found": 3
    },
    "existence_rate_pooled": 0.0,
    "quote_verdicts": {},
    "pin_verdicts": {
      "case_unknown": 3
    },
    "temporal": {}
  },
  "temporal": {
    "drafts": 1,
    "abstained": 0,
    "citations_total": 2,
    "cite_verdicts": {
      "not_found": 2
    },
    "existence_rate_pooled": 0.0,
    "quote_verdicts": {},
    "pin_verdicts": {
      "case_unknown": 2
    },
    "temporal": {
      "checked": 2,
      "violated": 0
    }
  }
}
total cost $2.6336
empty completion draft:2020-058:baseline (attempt 1)
2020-058 baseline  cites=  5 exist=1.0 unres=0.6 quotes=4 cost=$1.2949
2020-058 quota     cites=  8 exist=1.0 unres=0.0 quotes=6 cost=$1.4444
empty completion draft:2020-058:temporal (attempt 1)
empty completion draft:2020-058:temporal (attempt 2)
empty completion draft:2020-058:temporal (attempt 3)
SKIP draft:2020-058:temporal: empty after retries
2020-058 stakes    cites=  1 exist=1.0 unres=0.0 quotes=1 cost=$2.3108
empty completion draft:2020-058:combo (attempt 1)
empty completion draft:2020-058:combo (attempt 2)
empty completion draft:2020-058:combo (attempt 3)
SKIP draft:2020-058:combo: empty after retries
{
  "baseline": {
    "drafts": 1,
    "abstained": 0,
    "citations_total": 5,
    "cite_verdicts": {
      "exists": 2,
      "unresolvable": 3
    },
    "existence_rate_pooled": 1.0,
    "quote_verdicts": {
      "unverifiable": 4
    },
    "pin_verdicts": {
      "in_range": 2,
      "case_unknown": 3
    },
    "temporal": {}
  },
  "stakes": {
    "drafts": 1,
    "abstained": 0,
    "citations_total": 1,
    "cite_verdicts": {
      "exists": 1
    },
    "existence_rate_pooled": 1.0,
    "quote_verdicts": {
      "unverifiable": 1
    },
    "pin_verdicts": {
      "in_range": 1
    },
    "temporal": {}
  },
  "quota": {
    "drafts": 1,
    "abstained": 0,
    "citations_total": 8,
    "cite_verdicts": {
      "exists": 8
    },
    "existence_rate_pooled": 1.0,
    "quote_verdicts": {
      "unverifiable": 4,
      "inaccurate": 1,
      "accurate": 1
    },
    "pin_verdicts": {
      "in_range": 8
    },
    "temporal": {}
  }
}
total cost $2.669
2012-006 baseline  cites=  3 exist=0.6667 unres=0.0 quotes=0 cost=$0.0463
empty completion draft:2012-006:quota (attempt 1)
empty completion draft:2012-006:quota (attempt 2)
2012-006 quota     cites=  8 exist=0.75 unres=0.0 quotes=0 cost=$0.1900
2012-006 temporal  cites=  2 exist=0.0 unres=0.0 quotes=0 cost=$0.2214
2012-006 stakes    cites=  3 exist=0.6667 unres=0.0 quotes=0 cost=$0.2462
empty completion draft:2012-006:combo (attempt 1)
empty completion draft:2012-006:combo (attempt 2)
empty completion draft:2012-006:combo (attempt 3)
SKIP draft:2012-006:combo: empty after retries
1998-026 baseline  cites=  2 exist=0.0 unres=0.0 quotes=0 cost=$0.5801
empty completion draft:1998-026:quota (attempt 1)
empty completion draft:1998-026:quota (attempt 2)
empty completion draft:1998-026:quota (attempt 3)
SKIP draft:1998-026:quota: empty after retries
empty completion draft:1998-026:temporal (attempt 1)
1998-026 temporal  cites=  2 exist=1.0 unres=0.0 quotes=2 cost=$2.2869
1998-026 stakes    cites=  2 exist=0.5 unres=0.0 quotes=0 cost=$2.2869
empty completion draft:1998-026:combo (attempt 1)
empty completion draft:1998-026:combo (attempt 2)
empty completion draft:1998-026:combo (attempt 3)
SKIP draft:1998-026:combo: empty after retries
1997-100 baseline  cites=  4 exist=1.0 unres=0.0 quotes=4 cost=$2.7019
1997-100 quota     cites=  6 exist=0.8333 unres=0.0 quotes=1 cost=$2.7019
1997-100 temporal  cites=  5 exist=0.8 unres=0.0 quotes=3 cost=$2.7019
1997-100 stakes    cites=  4 exist=0.75 unres=0.0 quotes=0 cost=$2.7019
1997-100 combo     cites=  8 exist=0.875 unres=0.0 quotes=3 cost=$2.7019
{
  "quota": {
    "drafts": 2,
    "abstained": 0,
    "citations_total": 14,
    "cite_verdicts": {
      "exists": 11,
      "not_found": 3
    },
    "existence_rate_pooled": 0.786,
    "quote_verdicts": {
      "inaccurate": 1
    },
    "pin_verdicts": {
      "in_range": 9,
      "out_of_range": 2,
      "case_unknown": 3
    },
    "temporal": {}
  },
  "combo": {
    "drafts": 1,
    "abstained": 0,
    "citations_total": 8,
    "cite_verdicts": {
      "exists": 7,
      "not_found": 1
    },
    "existence_rate_pooled": 0.875,
    "quote_verdicts": {
      "inaccurate": 2,
      "near_miss": 1
    },
    "pin_verdicts": {
      "in_range": 6,
      "case_unknown": 1,
      "out_of_range": 1
    },
    "temporal": {
      "checked": 8,
      "violated": 0
    }
  },
  "stakes": {
    "drafts": 3,
    "abstained": 0,
    "citations_total": 9,
    "cite_verdicts": {
      "exists": 6,
      "not_found": 3
    },
    "existence_rate_pooled": 0.667,
    "quote_verdicts": {},
    "pin_verdicts": {
      "in_range": 6,
      "case_unknown": 3
    },
    "temporal": {}
  },
  "temporal": {
    "drafts": 3,
    "abstained": 0,
    "citations_total": 9,
    "cite_verdicts": {
      "not_found": 3,
      "exists": 6
    },
    "existence_rate_pooled": 0.667,
    "quote_verdicts": {
      "inaccurate": 3,
      "near_miss": 2
    },
    "pin_verdicts": {
      "case_unknown": 3,
      "no_pin": 3,
      "in_range": 3
    },
    "temporal": {
      "checked": 9,
      "violated": 0
    }
  },
  "baseline": {
    "drafts": 3,
    "abstained": 0,
    "citations_total": 9,
    "cite_verdicts": {
      "not_found": 3,
      "exists": 6
    },
    "existence_rate_pooled": 0.667,
    "quote_verdicts": {
      "accurate": 2,
      "near_miss": 1,
      "inaccurate": 1
    },
    "pin_verdicts": {
      "case_unknown": 3,
      "in_range": 2,
      "no_pin": 4
    },
    "temporal": {}
  }
}
total cost $2.7019
2015-066 baseline  cites=  5 exist=1.0 unres=0.0 quotes=1 cost=$0.0317
2015-066 quota     cites= 10 exist=1.0 unres=0.0 quotes=1 cost=$0.0494
empty completion draft:2015-066:temporal (attempt 1)
2015-066 temporal  cites=  2 exist=1.0 unres=0.0 quotes=0 cost=$0.3453
empty completion draft:2015-066:stakes (attempt 1)
2015-066 stakes    cites=  4 exist=1.0 unres=0.0 quotes=4 cost=$0.5109
2015-066 combo     cites=  6 exist=1.0 unres=0.0 quotes=3 cost=$0.6379
2015-038 baseline  cites=  2 exist=1.0 unres=0.0 quotes=3 cost=$0.6743
empty completion draft:2015-038:quota (attempt 1)
empty completion draft:2015-038:quota (attempt 2)
2015-038 quota     cites=  9 exist=0.8889 unres=0.0 quotes=1 cost=$0.9376
empty completion draft:2015-038:temporal (attempt 1)
2015-038 temporal  cites=  3 exist=1.0 unres=0.0 quotes=2 cost=$1.2350
2015-038 stakes    cites=  4 exist=0.75 unres=0.0 quotes=3 cost=$1.2350
empty completion draft:2015-038:combo (attempt 1)
empty completion draft:2015-038:combo (attempt 2)
empty completion draft:2015-038:combo (attempt 3)
SKIP draft:2015-038:combo: empty after retries
2020-058 baseline  cites=  5 exist=1.0 unres=0.6 quotes=4 cost=$1.9102
2020-058 quota     cites=  8 exist=1.0 unres=0.0 quotes=6 cost=$1.9102
empty completion draft:2020-058:temporal (attempt 1)
empty completion draft:2020-058:temporal (attempt 2)
empty completion draft:2020-058:temporal (attempt 3)
SKIP draft:2020-058:temporal: empty after retries
2020-058 stakes    cites=  1 exist=1.0 unres=0.0 quotes=1 cost=$2.4337
empty completion draft:2020-058:combo (attempt 1)
empty completion draft:2020-058:combo (attempt 2)
empty completion draft:2020-058:combo (attempt 3)
SKIP draft:2020-058:combo: empty after retries
{
  "quota": {
    "drafts": 3,
    "abstained": 0,
    "citations_total": 27,
    "cite_verdicts": {
      "exists": 26,
      "not_found": 1
    },
    "existence_rate_pooled": 0.963,
    "quote_verdicts": {
      "near_miss": 1,
      "inaccurate": 2,
      "unverifiable": 4,
      "accurate": 1
    },
    "pin_verdicts": {
      "in_range": 26,
      "case_unknown": 1
    },
    "temporal": {}
  },
  "temporal": {
    "drafts": 2,
    "abstained": 0,
    "citations_total": 5,
    "cite_verdicts": {
      "exists": 5
    },
    "existence_rate_pooled": 1.0,
    "quote_verdicts": {
      "near_miss": 2
    },
    "pin_verdicts": {
      "no_pin": 2,
      "in_range": 3
    },
    "temporal": {
      "checked": 5,
      "violated": 0
    }
  },
  "combo": {
    "drafts": 1,
    "abstained": 0,
    "citations_total": 6,
    "cite_verdicts": {
      "exists": 6
    },
    "existence_rate_pooled": 1.0,
    "quote_verdicts": {
      "inaccurate": 1,
      "near_miss": 2
    },
    "pin_verdicts": {
      "in_range": 5,
      "out_of_range": 1
    },
    "temporal": {
      "checked": 6,
      "violated": 0
    }
  },
  "baseline": {
    "drafts": 3,
    "abstained": 0,
    "citations_total": 12,
    "cite_verdicts": {
      "exists": 9,
      "unresolvable": 3
    },
    "existence_rate_pooled": 1.0,
    "quote_verdicts": {
      "inaccurate": 4,
      "unverifiable": 4
    },
    "pin_verdicts": {
      "in_range": 7,
      "no_pin": 2,
      "case_unknown": 3
    },
    "temporal": {}
  },
  "stakes": {
    "drafts": 3,
    "abstained": 0,
    "citations_total": 9,
    "cite_verdicts": {
      "exists": 8,
      "not_found": 1
    },
    "existence_rate_pooled": 0.889,
    "quote_verdicts": {
      "inaccurate": 5,
      "near_miss": 2,
      "unverifiable": 1
    },
    "pin_verdicts": {
      "in_range": 8,
      "case_unknown": 1
    },
    "temporal": {}
  }
}
total cost $2.7147
1998-026 baseline  cites=  2 exist=1.0 unres=0.0 quotes=0 cost=$0.8954
empty completion draft:1998-026:quota (attempt 1)
empty completion draft:1998-026:quota (attempt 2)
empty completion draft:1998-026:quota (attempt 3)
SKIP draft:1998-026:quota: empty after retries
1998-026 temporal  cites=  2 exist=1.0 unres=0.0 quotes=2 cost=$1.9115
1998-026 stakes    cites=  2 exist=0.5 unres=0.0 quotes=0 cost=$2.0219
empty completion draft:1998-026:combo (attempt 1)
empty completion draft:1998-026:combo (attempt 2)
empty completion draft:1998-026:combo (attempt 3)
SKIP draft:1998-026:combo: empty after retries
{
  "baseline": {
    "drafts": 1,
    "abstained": 0,
    "citations_total": 2,
    "cite_verdicts": {
      "exists": 2
    },
    "existence_rate_pooled": 1.0,
    "quote_verdicts": {},
    "pin_verdicts": {
      "out_of_range": 1,
      "in_range": 1
    },
    "temporal": {}
  },
  "stakes": {
    "drafts": 1,
    "abstained": 0,
    "citations_total": 2,
    "cite_verdicts": {
      "exists": 1,
      "not_found": 1
    },
    "existence_rate_pooled": 0.5,
    "quote_verdicts": {},
    "pin_verdicts": {
      "in_range": 1,
      "case_unknown": 1
    },
    "temporal": {}
  },
  "temporal": {
    "drafts": 1,
    "abstained": 0,
    "citations_total": 2,
    "cite_verdicts": {
      "exists": 2
    },
    "existence_rate_pooled": 1.0,
    "quote_verdicts": {
      "inaccurate": 1,
      "near_miss": 1
    },
    "pin_verdicts": {
      "no_pin": 2
    },
    "temporal": {
      "checked": 2,
      "violated": 0
    }
  }
}
total cost $2.7246
2012-006 baseline  cites=  9 exist=1.0 unres=0.0 quotes=2 cost=$0.0046
2012-006 quota     cites= 10 exist=0.9 unres=0.0 quotes=0 cost=$0.0278
2012-006 temporal  cites= 12 exist=0.6667 unres=0.0 quotes=8 cost=$0.0455
2012-006 stakes    cites=  8 exist=0.625 unres=0.0 quotes=0 cost=$0.0502
2012-006 combo     cites= 11 exist=0.9091 unres=0.0 quotes=0 cost=$0.0614
1998-026 baseline  cites=  8 exist=0.8571 unres=0.125 quotes=2 cost=$0.0709
1998-026 quota     cites= 13 exist=0.8462 unres=0.0 quotes=2 cost=$0.0850
1998-026 temporal  cites=  6 exist=1.0 unres=0.0 quotes=6 cost=$0.0976
1998-026 stakes    cites=  9 exist=1.0 unres=0.0 quotes=4 cost=$0.1197
1998-026 combo     cites= 15 exist=0.8667 unres=0.0 quotes=9 cost=$0.1389
1997-100 baseline  cites=  8 exist=1.0 unres=0.0 quotes=5 cost=$0.1587
1997-100 quota     cites=  6 exist=1.0 unres=0.0 quotes=1 cost=$0.1769
1997-100 temporal  cites=  3 exist=1.0 unres=0.0 quotes=1 cost=$0.1986
1997-100 stakes    cites=  9 exist=0.8889 unres=0.0 quotes=2 cost=$0.2166
1997-100 combo     cites=  8 exist=0.875 unres=0.0 quotes=1 cost=$0.2318
{
  "stakes": {
    "drafts": 3,
    "abstained": 0,
    "citations_total": 26,
    "cite_verdicts": {
      "exists": 22,
      "not_found": 4
    },
    "existence_rate_pooled": 0.846,
    "quote_verdicts": {
      "accurate": 1,
      "near_miss": 4,
      "inaccurate": 1
    },
    "pin_verdicts": {
      "in_range": 19,
      "no_pin": 6,
      "case_unknown": 1
    },
    "temporal": {}
  },
  "baseline": {
    "drafts": 3,
    "abstained": 0,
    "citations_total": 25,
    "cite_verdicts": {
      "exists": 23,
      "not_found": 1,
      "unresolvable": 1
    },
    "existence_rate_pooled": 0.958,
    "quote_verdicts": {
      "inaccurate": 2,
      "unverifiable": 1,
      "near_miss": 4,
      "accurate": 2
    },
    "pin_verdicts": {
      "in_range": 19,
      "case_unknown": 2,
      "no_pin": 4
    },
    "temporal": {}
  },
  "temporal": {
    "drafts": 3,
    "abstained": 0,
    "citations_total": 21,
    "cite_verdicts": {
      "exists": 17,
      "not_found": 4
    },
    "existence_rate_pooled": 0.81,
    "quote_verdicts": {
      "near_miss": 3,
      "accurate": 2,
      "inaccurate": 8,
      "unverifiable": 2
    },
    "pin_verdicts": {
      "in_range": 7,
      "case_unknown": 4,
      "no_pin": 10
    },
    "temporal": {
      "checked": 21,
      "violated": 1
    }
  },
  "combo": {
    "drafts": 3,
    "abstained": 0,
    "citations_total": 34,
    "cite_verdicts": {
      "exists": 30,
      "not_found": 4
    },
    "existence_rate_pooled": 0.882,
    "quote_verdicts": {
      "inaccurate": 3,
      "accurate": 3,
      "near_miss": 4
    },
    "pin_verdicts": {
      "in_range": 23,
      "case_unknown": 4,
      "no_pin": 7
    },
    "temporal": {
      "checked": 34,
      "violated": 11
    }
  },
  "quota": {
    "drafts": 3,
    "abstained": 0,
    "citations_total": 29,
    "cite_verdicts": {
      "exists": 26,
      "not_found": 3
    },
    "existence_rate_pooled": 0.897,
    "quote_verdicts": {
      "near_miss": 3
    },
    "pin_verdicts": {
      "in_range": 16,
      "case_unknown": 1,
      "no_pin": 12
    },
    "temporal": {}
  }
}
total cost $0.2318
1992-109 baseline  cites= 11 exist=1.0 unres=0.0 quotes=0 cost=$0.0108
1992-109 quota     cites= 12 exist=1.0 unres=0.0 quotes=1 cost=$0.0286
1992-109 temporal  cites= 11 exist=1.0 unres=0.0 quotes=4 cost=$0.0463
1992-109 stakes    cites= 14 exist=1.0 unres=0.0 quotes=1 cost=$0.0578
1992-109 combo     cites= 16 exist=1.0 unres=0.0 quotes=1 cost=$0.0692
2009-045 baseline  cites=  9 exist=1.0 unres=0.0 quotes=2 cost=$0.0776
2009-045 quota     cites= 15 exist=1.0 unres=0.0 quotes=0 cost=$0.0909
2009-045 temporal  cites=  9 exist=0.8889 unres=0.0 quotes=6 cost=$0.1135
2009-045 stakes    cites=  8 exist=1.0 unres=0.0 quotes=4 cost=$0.1334
2009-045 combo     cites=  5 exist=1.0 unres=0.0 quotes=1 cost=$0.1450
1997-046 baseline  cites=  8 exist=1.0 unres=0.0 quotes=6 cost=$0.1646
1997-046 quota     cites=  4 exist=1.0 unres=0.0 quotes=3 cost=$0.1828
1997-046 temporal  cites=  9 exist=0.8889 unres=0.0 quotes=3 cost=$0.2027
1997-046 stakes    cites=  5 exist=0.8 unres=0.0 quotes=5 cost=$0.2190
1997-046 combo     cites= 12 exist=1.0 unres=0.0 quotes=6 cost=$0.2442
{
  "stakes": {
    "drafts": 3,
    "abstained": 0,
    "citations_total": 27,
    "cite_verdicts": {
      "exists": 26,
      "not_found": 1
    },
    "existence_rate_pooled": 0.963,
    "quote_verdicts": {
      "accurate": 2,
      "near_miss": 4,
      "inaccurate": 4
    },
    "pin_verdicts": {
      "out_of_range": 1,
      "in_range": 22,
      "no_pin": 3,
      "case_unknown": 1
    },
    "temporal": {}
  },
  "baseline": {
    "drafts": 3,
    "abstained": 0,
    "citations_total": 28,
    "cite_verdicts": {
      "exists": 28
    },
    "existence_rate_pooled": 1.0,
    "quote_verdicts": {
      "accurate": 3,
      "near_miss": 5
    },
    "pin_verdicts": {
      "in_range": 24,
      "no_pin": 3,
      "out_of_range": 1
    },
    "temporal": {}
  },
  "temporal": {
    "drafts": 3,
    "abstained": 0,
    "citations_total": 29,
    "cite_verdicts": {
      "exists": 27,
      "not_found": 2
    },
    "existence_rate_pooled": 0.931,
    "quote_verdicts": {
      "inaccurate": 7,
      "accurate": 3,
      "unverifiable": 1,
      "near_miss": 2
    },
    "pin_verdicts": {
      "in_range": 20,
      "out_of_range": 1,
      "no_pin": 7,
      "case_unknown": 1
    },
    "temporal": {
      "checked": 29,
      "violated": 23
    }
  },
  "combo": {
    "drafts": 3,
    "abstained": 0,
    "citations_total": 33,
    "cite_verdicts": {
      "exists": 33
    },
    "existence_rate_pooled": 1.0,
    "quote_verdicts": {
      "inaccurate": 4,
      "accurate": 2,
      "near_miss": 2
    },
    "pin_verdicts": {
      "in_range": 30,
      "no_pin": 3
    },
    "temporal": {
      "checked": 33,
      "violated": 18
    }
  },
  "quota": {
    "drafts": 3,
    "abstained": 0,
    "citations_total": 31,
    "cite_verdicts": {
      "exists": 31
    },
    "existence_rate_pooled": 1.0,
    "quote_verdicts": {
      "unverifiable": 1,
      "accurate": 1,
      "near_miss": 2
    },
    "pin_verdicts": {
      "in_range": 23,
      "no_pin": 7,
      "out_of_range": 1
    },
    "temporal": {}
  }
}
total cost $0.2442
2003-043 baseline  cites=  6 exist=0.6667 unres=0.0 quotes=0 cost=$0.0086
2003-043 quota     cites=  5 exist=1.0 unres=0.0 quotes=2 cost=$0.0259
2003-043 temporal  cites=  4 exist=1.0 unres=0.0 quotes=3 cost=$0.0421
2003-043 stakes    cites=  9 exist=1.0 unres=0.0 quotes=3 cost=$0.0541
2003-043 combo     cites=  8 exist=0.75 unres=0.0 quotes=6 cost=$0.0685
2010-026 baseline  cites=  8 exist=0.875 unres=0.0 quotes=13 cost=$0.0872
2010-026 quota     cites=  6 exist=1.0 unres=0.0 quotes=12 cost=$0.1025
2010-026 temporal  cites=  7 exist=0.8571 unres=0.0 quotes=12 cost=$0.1224
2010-026 stakes    cites=  6 exist=0.8333 unres=0.0 quotes=7 cost=$0.1435
2010-026 combo     cites=  9 exist=1.0 unres=0.0 quotes=6 cost=$0.1615
2015-007 baseline  cites= 11 exist=1.0 unres=0.0 quotes=2 cost=$0.1814
2015-007 quota     cites= 12 exist=1.0 unres=0.0 quotes=3 cost=$0.2118
2015-007 temporal  cites=  9 exist=0.7778 unres=0.0 quotes=8 cost=$0.2272
2015-007 stakes    cites=  7 exist=1.0 unres=0.0 quotes=0 cost=$0.2485
2015-007 combo     cites= 10 exist=1.0 unres=0.0 quotes=0 cost=$0.2641
{
  "combo": {
    "drafts": 3,
    "abstained": 0,
    "citations_total": 27,
    "cite_verdicts": {
      "exists": 25,
      "not_found": 2
    },
    "existence_rate_pooled": 0.926,
    "quote_verdicts": {
      "unverifiable": 8,
      "accurate": 2,
      "near_miss": 1,
      "inaccurate": 1
    },
    "pin_verdicts": {
      "in_range": 16,
      "case_unknown": 2,
      "no_pin": 7,
      "out_of_range": 2
    },
    "temporal": {
      "checked": 27,
      "violated": 21
    }
  },
  "baseline": {
    "drafts": 3,
    "abstained": 0,
    "citations_total": 25,
    "cite_verdicts": {
      "exists": 22,
      "not_found": 3
    },
    "existence_rate_pooled": 0.88,
    "quote_verdicts": {
      "accurate": 3,
      "near_miss": 3,
      "inaccurate": 6,
      "unverifiable": 3
    },
    "pin_verdicts": {
      "no_pin": 10,
      "in_range": 13,
      "case_unknown": 2
    },
    "temporal": {}
  },
  "stakes": {
    "drafts": 3,
    "abstained": 0,
    "citations_total": 22,
    "cite_verdicts": {
      "exists": 21,
      "not_found": 1
    },
    "existence_rate_pooled": 0.955,
    "quote_verdicts": {
      "near_miss": 2,
      "inaccurate": 2,
      "unverifiable": 5,
      "accurate": 1
    },
    "pin_verdicts": {
      "out_of_range": 2,
      "in_range": 14,
      "no_pin": 5,
      "case_unknown": 1
    },
    "temporal": {}
  },
  "temporal": {
    "drafts": 3,
    "abstained": 0,
    "citations_total": 20,
    "cite_verdicts": {
      "exists": 17,
      "not_found": 3
    },
    "existence_rate_pooled": 0.85,
    "quote_verdicts": {
      "inaccurate": 4,
      "unverifiable": 9,
      "accurate": 4,
      "near_miss": 6
    },
    "pin_verdicts": {
      "in_range": 11,
      "no_pin": 5,
      "case_unknown": 3,
      "out_of_range": 1
    },
    "temporal": {
      "checked": 20,
      "violated": 13
    }
  },
  "quota": {
    "drafts": 3,
    "abstained": 0,
    "citations_total": 23,
    "cite_verdicts": {
      "exists": 23
    },
    "existence_rate_pooled": 1.0,
    "quote_verdicts": {
      "unverifiable": 10,
      "inaccurate": 2,
      "accurate": 4,
      "near_miss": 1
    },
    "pin_verdicts": {
      "in_range": 15,
      "out_of_range": 2,
      "no_pin": 6
    },
    "temporal": {}
  }
}
total cost $0.2641
2000-071 baseline  cites=  7 exist=1.0 unres=0.0 quotes=7 cost=$0.0108
2000-071 quota     cites=  8 exist=1.0 unres=0.0 quotes=9 cost=$0.0333
2000-071 temporal  cites=  6 exist=1.0 unres=0.0 quotes=4 cost=$0.0471
2000-071 stakes    cites=  8 exist=1.0 unres=0.0 quotes=12 cost=$0.0676
2000-071 combo     cites=  8 exist=1.0 unres=0.0 quotes=17 cost=$0.0833
2012-029 baseline  cites=  5 exist=1.0 unres=0.0 quotes=0 cost=$0.0993
2012-029 quota     cites=  6 exist=1.0 unres=0.0 quotes=1 cost=$0.1205
2012-029 temporal  cites=  8 exist=1.0 unres=0.0 quotes=8 cost=$0.1398
2012-029 stakes    cites=  7 exist=1.0 unres=0.0 quotes=1 cost=$0.1559
2012-029 combo     cites= 11 exist=1.0 unres=0.0 quotes=2 cost=$0.1722
1999-051 baseline  cites=  4 exist=0.75 unres=0.0 quotes=7 cost=$0.1955
1999-051 quota     cites=  8 exist=0.625 unres=0.0 quotes=5 cost=$0.2243
1999-051 temporal  cites=  4 exist=1.0 unres=0.0 quotes=3 cost=$0.2334
1999-051 stakes    cites=  5 exist=1.0 unres=0.0 quotes=5 cost=$0.2524
1999-051 combo     cites=  9 exist=1.0 unres=0.0 quotes=3 cost=$0.2654
{
  "temporal": {
    "drafts": 3,
    "abstained": 0,
    "citations_total": 18,
    "cite_verdicts": {
      "exists": 18
    },
    "existence_rate_pooled": 1.0,
    "quote_verdicts": {
      "near_miss": 5,
      "inaccurate": 7,
      "accurate": 2,
      "unverifiable": 1
    },
    "pin_verdicts": {
      "in_range": 9,
      "no_pin": 9
    },
    "temporal": {
      "checked": 18,
      "violated": 8
    }
  },
  "combo": {
    "drafts": 3,
    "abstained": 0,
    "citations_total": 28,
    "cite_verdicts": {
      "exists": 28
    },
    "existence_rate_pooled": 1.0,
    "quote_verdicts": {
      "near_miss": 10,
      "inaccurate": 10,
      "accurate": 2
    },
    "pin_verdicts": {
      "in_range": 15,
      "no_pin": 12,
      "out_of_range": 1
    },
    "temporal": {
      "checked": 28,
      "violated": 14
    }
  },
  "stakes": {
    "drafts": 3,
    "abstained": 0,
    "citations_total": 20,
    "cite_verdicts": {
      "exists": 20
    },
    "existence_rate_pooled": 1.0,
    "quote_verdicts": {
      "near_miss": 10,
      "accurate": 2,
      "unverifiable": 1,
      "inaccurate": 5
    },
    "pin_verdicts": {
      "in_range": 15,
      "no_pin": 4,
      "out_of_range": 1
    },
    "temporal": {}
  },
  "quota": {
    "drafts": 3,
    "abstained": 0,
    "citations_total": 22,
    "cite_verdicts": {
      "exists": 19,
      "not_found": 3
    },
    "existence_rate_pooled": 0.864,
    "quote_verdicts": {
      "accurate": 6,
      "near_miss": 4,
      "inaccurate": 4,
      "unverifiable": 1
    },
    "pin_verdicts": {
      "in_range": 14,
      "no_pin": 4,
      "out_of_range": 1,
      "case_unknown": 3
    },
    "temporal": {}
  },
  "baseline": {
    "drafts": 3,
    "abstained": 0,
    "citations_total": 16,
    "cite_verdicts": {
      "exists": 15,
      "not_found": 1
    },
    "existence_rate_pooled": 0.938,
    "quote_verdicts": {
      "near_miss": 8,
      "inaccurate": 3,
      "accurate": 3
    },
    "pin_verdicts": {
      "in_range": 12,
      "no_pin": 3,
      "case_unknown": 1
    },
    "temporal": {}
  }
}
total cost $0.2654
2001-013 baseline  cites=  5 exist=1.0 unres=0.4 quotes=3 cost=$0.0057
2001-013 quota     cites=  6 exist=0.8333 unres=0.0 quotes=1 cost=$0.0324
2001-013 temporal  cites=  9 exist=0.6667 unres=0.0 quotes=9 cost=$0.0496
2001-013 stakes    cites=  9 exist=0.7778 unres=0.0 quotes=1 cost=$0.0633
2001-013 combo     cites=  8 exist=0.625 unres=0.0 quotes=6 cost=$0.0814
1992-086 baseline  cites=  6 exist=1.0 unres=0.0 quotes=8 cost=$0.0923
1992-086 quota     cites=  9 exist=1.0 unres=0.0 quotes=0 cost=$0.1191
1992-086 temporal  cites=  8 exist=1.0 unres=0.0 quotes=1 cost=$0.1325
1992-086 stakes    cites=  7 exist=1.0 unres=0.0 quotes=4 cost=$0.1467
1992-086 combo     cites= 12 exist=0.9167 unres=0.0 quotes=7 cost=$0.1630
2010-046 baseline  cites=  7 exist=0.7143 unres=0.0 quotes=3 cost=$0.1879
2010-046 quota     cites=  7 exist=0.8571 unres=0.0 quotes=11 cost=$0.2212
2010-046 temporal  cites= 13 exist=0.7692 unres=0.0 quotes=10 cost=$0.2458
2010-046 stakes    cites=  4 exist=1.0 unres=0.0 quotes=3 cost=$0.2613
2010-046 combo     cites= 11 exist=0.9091 unres=0.0 quotes=5 cost=$0.2738
{
  "baseline": {
    "drafts": 3,
    "abstained": 0,
    "citations_total": 18,
    "cite_verdicts": {
      "unresolvable": 2,
      "exists": 14,
      "not_found": 2
    },
    "existence_rate_pooled": 0.875,
    "quote_verdicts": {
      "inaccurate": 6,
      "accurate": 6,
      "near_miss": 2
    },
    "pin_verdicts": {
      "case_unknown": 4,
      "in_range": 9,
      "no_pin": 5
    },
    "temporal": {}
  },
  "stakes": {
    "drafts": 3,
    "abstained": 0,
    "citations_total": 20,
    "cite_verdicts": {
      "not_found": 2,
      "exists": 18
    },
    "existence_rate_pooled": 0.9,
    "quote_verdicts": {
      "near_miss": 2,
      "accurate": 3,
      "inaccurate": 2,
      "unverifiable": 1
    },
    "pin_verdicts": {
      "case_unknown": 2,
      "in_range": 10,
      "no_pin": 8
    },
    "temporal": {}
  },
  "temporal": {
    "drafts": 3,
    "abstained": 0,
    "citations_total": 30,
    "cite_verdicts": {
      "not_found": 6,
      "exists": 24
    },
    "existence_rate_pooled": 0.8,
    "quote_verdicts": {
      "inaccurate": 8,
      "accurate": 2,
      "unverifiable": 6,
      "near_miss": 4
    },
    "pin_verdicts": {
      "case_unknown": 5,
      "in_range": 14,
      "out_of_range": 2,
      "no_pin": 9
    },
    "temporal": {
      "checked": 30,
      "violated": 11
    }
  },
  "quota": {
    "drafts": 3,
    "abstained": 0,
    "citations_total": 22,
    "cite_verdicts": {
      "exists": 20,
      "not_found": 2
    },
    "existence_rate_pooled": 0.909,
    "quote_verdicts": {
      "unverifiable": 1,
      "near_miss": 4,
      "accurate": 3,
      "inaccurate": 4
    },
    "pin_verdicts": {
      "no_pin": 10,
      "in_range": 12
    },
    "temporal": {}
  },
  "combo": {
    "drafts": 3,
    "abstained": 0,
    "citations_total": 31,
    "cite_verdicts": {
      "not_found": 5,
      "exists": 26
    },
    "existence_rate_pooled": 0.839,
    "quote_verdicts": {
      "unverifiable": 2,
      "inaccurate": 11,
      "accurate": 2,
      "near_miss": 3
    },
    "pin_verdicts": {
      "case_unknown": 5,
      "in_range": 11,
      "no_pin": 15
    },
    "temporal": {
      "checked": 31,
      "violated": 15
    }
  }
}
total cost $0.2738
1998-085 baseline  cites= 12 exist=0.75 unres=0.0 quotes=6 cost=$0.0251
1998-085 quota     cites= 10 exist=0.9 unres=0.0 quotes=6 cost=$0.0421
1998-085 temporal  cites=  5 exist=0.6 unres=0.0 quotes=5 cost=$0.0559
1998-085 stakes    cites= 12 exist=1.0 unres=0.0 quotes=9 cost=$0.0760
1998-085 combo     cites= 11 exist=0.6364 unres=0.0 quotes=9 cost=$0.0934
1997-021 baseline  cites=  8 exist=0.625 unres=0.0 quotes=2 cost=$0.1165
1997-021 quota     cites= 14 exist=0.7857 unres=0.0 quotes=3 cost=$0.1381
1997-021 temporal  cites=  9 exist=0.8889 unres=0.0 quotes=1 cost=$0.1499
1997-021 stakes    cites= 10 exist=0.6 unres=0.0 quotes=2 cost=$0.1666
1997-021 combo     cites= 12 exist=0.8333 unres=0.0 quotes=9 cost=$0.1910
2005-087 baseline  cites=  8 exist=1.0 unres=0.0 quotes=7 cost=$0.2087
2005-087 quota     cites= 11 exist=0.9091 unres=0.0 quotes=1 cost=$0.2328
2005-087 temporal  cites=  8 exist=0.75 unres=0.0 quotes=7 cost=$0.2492
2005-087 stakes    cites= 13 exist=1.0 unres=0.0 quotes=0 cost=$0.2654
2005-087 combo     cites= 12 exist=0.8333 unres=0.0 quotes=5 cost=$0.2757
{
  "stakes": {
    "drafts": 3,
    "abstained": 0,
    "citations_total": 35,
    "cite_verdicts": {
      "exists": 31,
      "not_found": 4
    },
    "existence_rate_pooled": 0.886,
    "quote_verdicts": {
      "near_miss": 1,
      "accurate": 3,
      "inaccurate": 7
    },
    "pin_verdicts": {
      "in_range": 24,
      "out_of_range": 1,
      "no_pin": 7,
      "case_unknown": 3
    },
    "temporal": {}
  },
  "quota": {
    "drafts": 3,
    "abstained": 0,
    "citations_total": 35,
    "cite_verdicts": {
      "not_found": 5,
      "exists": 30
    },
    "existence_rate_pooled": 0.857,
    "quote_verdicts": {
      "accurate": 3,
      "inaccurate": 6,
      "unverifiable": 1
    },
    "pin_verdicts": {
      "case_unknown": 5,
      "no_pin": 7,
      "in_range": 20,
      "out_of_range": 3
    },
    "temporal": {}
  },
  "baseline": {
    "drafts": 3,
    "abstained": 0,
    "citations_total": 28,
    "cite_verdicts": {
      "exists": 22,
      "not_found": 6
    },
    "existence_rate_pooled": 0.786,
    "quote_verdicts": {
      "near_miss": 9,
      "inaccurate": 6
    },
    "pin_verdicts": {
      "in_range": 19,
      "no_pin": 4,
      "case_unknown": 5
    },
    "temporal": {}
  },
  "combo": {
    "drafts": 3,
    "abstained": 0,
    "citations_total": 35,
    "cite_verdicts": {
      "exists": 27,
      "not_found": 8
    },
    "existence_rate_pooled": 0.771,
    "quote_verdicts": {
      "inaccurate": 13,
      "accurate": 2,
      "near_miss": 5,
      "unverifiable": 3
    },
    "pin_verdicts": {
      "in_range": 22,
      "case_unknown": 6,
      "no_pin": 7
    },
    "temporal": {
      "checked": 35,
      "violated": 5
    }
  },
  "temporal": {
    "drafts": 3,
    "abstained": 0,
    "citations_total": 22,
    "cite_verdicts": {
      "exists": 17,
      "not_found": 5
    },
    "existence_rate_pooled": 0.773,
    "quote_verdicts": {
      "inaccurate": 6,
      "near_miss": 5,
      "unverifiable": 2
    },
    "pin_verdicts": {
      "in_range": 16,
      "case_unknown": 5,
      "out_of_range": 1
    },
    "temporal": {
      "checked": 22,
      "violated": 3
    }
  }
}
total cost $0.2757
2019-024 baseline  cites=  8 exist=0.625 unres=0.0 quotes=1 cost=$0.0192
2019-024 quota     cites= 11 exist=0.9091 unres=0.0 quotes=8 cost=$0.0398
2019-024 temporal  cites=  6 exist=0.5 unres=0.0 quotes=4 cost=$0.0559
2019-024 stakes    cites=  5 exist=1.0 unres=0.0 quotes=1 cost=$0.0655
2019-024 combo     cites= 11 exist=0.7273 unres=0.0 quotes=6 cost=$0.0795
2011-027 baseline  cites= 11 exist=1.0 unres=0.0 quotes=8 cost=$0.0976
2011-027 quota     cites= 11 exist=0.8182 unres=0.0 quotes=0 cost=$0.1224
2011-027 temporal  cites=  8 exist=1.0 unres=0.0 quotes=6 cost=$0.1435
2011-027 stakes    cites= 13 exist=1.0 unres=0.0 quotes=6 cost=$0.1666
2011-027 combo     cites= 11 exist=0.9091 unres=0.0 quotes=8 cost=$0.1927
2016-001 baseline  cites=  4 exist=1.0 unres=0.0 quotes=4 cost=$0.2185
2016-001 quota     cites=  5 exist=0.6 unres=0.0 quotes=1 cost=$0.2422
2016-001 temporal  cites=  5 exist=1.0 unres=0.0 quotes=9 cost=$0.2588
2016-001 stakes    cites=  2 exist=0.5 unres=0.0 quotes=0 cost=$0.2679
2016-001 combo     cites=  8 exist=0.625 unres=0.0 quotes=3 cost=$0.2763
{
  "stakes": {
    "drafts": 3,
    "abstained": 0,
    "citations_total": 20,
    "cite_verdicts": {
      "exists": 19,
      "not_found": 1
    },
    "existence_rate_pooled": 0.95,
    "quote_verdicts": {
      "inaccurate": 6,
      "near_miss": 1
    },
    "pin_verdicts": {
      "no_pin": 4,
      "out_of_range": 4,
      "in_range": 11,
      "case_unknown": 1
    },
    "temporal": {}
  },
  "quota": {
    "drafts": 3,
    "abstained": 0,
    "citations_total": 27,
    "cite_verdicts": {
      "exists": 22,
      "not_found": 5
    },
    "existence_rate_pooled": 0.815,
    "quote_verdicts": {
      "unverifiable": 2,
      "inaccurate": 5,
      "near_miss": 2
    },
    "pin_verdicts": {
      "in_range": 15,
      "out_of_range": 2,
      "no_pin": 7,
      "case_unknown": 3
    },
    "temporal": {}
  },
  "combo": {
    "drafts": 3,
    "abstained": 0,
    "citations_total": 30,
    "cite_verdicts": {
      "exists": 23,
      "not_found": 7
    },
    "existence_rate_pooled": 0.767,
    "quote_verdicts": {
      "unverifiable": 6,
      "inaccurate": 6,
      "near_miss": 4,
      "accurate": 1
    },
    "pin_verdicts": {
      "in_range": 20,
      "case_unknown": 7,
      "out_of_range": 2,
      "no_pin": 1
    },
    "temporal": {
      "checked": 30,
      "violated": 6
    }
  },
  "temporal": {
    "drafts": 3,
    "abstained": 0,
    "citations_total": 19,
    "cite_verdicts": {
      "not_found": 3,
      "exists": 16
    },
    "existence_rate_pooled": 0.842,
    "quote_verdicts": {
      "unverifiable": 12,
      "inaccurate": 5,
      "near_miss": 2
    },
    "pin_verdicts": {
      "case_unknown": 3,
      "in_range": 14,
      "no_pin": 1,
      "out_of_range": 1
    },
    "temporal": {
      "checked": 19,
      "violated": 1
    }
  },
  "baseline": {
    "drafts": 3,
    "abstained": 0,
    "citations_total": 23,
    "cite_verdicts": {
      "not_found": 3,
      "exists": 20
    },
    "existence_rate_pooled": 0.87,
    "quote_verdicts": {
      "unverifiable": 4,
      "near_miss": 3,
      "inaccurate": 6
    },
    "pin_verdicts": {
      "case_unknown": 1,
      "no_pin": 3,
      "in_range": 16,
      "out_of_range": 3
    },
    "temporal": {}
  }
}
total cost $0.2763
2014-024 baseline  cites=  7 exist=1.0 unres=0.0 quotes=0 cost=$0.0086
2014-024 quota     cites= 12 exist=1.0 unres=0.0 quotes=7 cost=$0.0361
2014-024 temporal  cites= 13 exist=0.9231 unres=0.0 quotes=4 cost=$0.0599
2014-024 stakes    cites=  9 exist=1.0 unres=0.0 quotes=6 cost=$0.0738
2014-024 combo     cites=  9 exist=1.0 unres=0.0 quotes=2 cost=$0.0891
1990-075 baseline  cites=  9 exist=0.8889 unres=0.0 quotes=4 cost=$0.1165
1990-075 quota     cites= 10 exist=0.9 unres=0.0 quotes=4 cost=$0.1312
1990-075 temporal  cites= 12 exist=0.8333 unres=0.0 quotes=6 cost=$0.1509
1990-075 stakes    cites= 10 exist=0.9 unres=0.0 quotes=5 cost=$0.1622
1990-075 combo     cites= 10 exist=0.9 unres=0.0 quotes=6 cost=$0.1798
1997-033 baseline  cites=  5 exist=1.0 unres=0.0 quotes=5 cost=$0.1997
1997-033 quota     cites= 11 exist=1.0 unres=0.0 quotes=9 cost=$0.2255
1997-033 temporal  cites=  4 exist=0.25 unres=0.0 quotes=1 cost=$0.2469
1997-033 stakes    cites=  5 exist=1.0 unres=0.0 quotes=7 cost=$0.2626
1997-033 combo     cites= 18 exist=0.9444 unres=0.0 quotes=21 cost=$0.2774
{
  "combo": {
    "drafts": 3,
    "abstained": 0,
    "citations_total": 37,
    "cite_verdicts": {
      "exists": 35,
      "not_found": 2
    },
    "existence_rate_pooled": 0.946,
    "quote_verdicts": {
      "near_miss": 6,
      "inaccurate": 16,
      "accurate": 3,
      "unverifiable": 4
    },
    "pin_verdicts": {
      "in_range": 27,
      "no_pin": 3,
      "case_unknown": 2,
      "out_of_range": 5
    },
    "temporal": {
      "checked": 37,
      "violated": 7
    }
  },
  "baseline": {
    "drafts": 3,
    "abstained": 0,
    "citations_total": 21,
    "cite_verdicts": {
      "exists": 20,
      "not_found": 1
    },
    "existence_rate_pooled": 0.952,
    "quote_verdicts": {
      "accurate": 2,
      "inaccurate": 3,
      "near_miss": 1,
      "unverifiable": 3
    },
    "pin_verdicts": {
      "no_pin": 10,
      "in_range": 10,
      "case_unknown": 1
    },
    "temporal": {}
  },
  "quota": {
    "drafts": 3,
    "abstained": 0,
    "citations_total": 33,
    "cite_verdicts": {
      "exists": 32,
      "not_found": 1
    },
    "existence_rate_pooled": 0.97,
    "quote_verdicts": {
      "accurate": 6,
      "inaccurate": 8,
      "near_miss": 2,
      "unverifiable": 4
    },
    "pin_verdicts": {
      "in_range": 25,
      "no_pin": 7,
      "case_unknown": 1
    },
    "temporal": {}
  },
  "stakes": {
    "drafts": 3,
    "abstained": 0,
    "citations_total": 24,
    "cite_verdicts": {
      "exists": 23,
      "not_found": 1
    },
    "existence_rate_pooled": 0.958,
    "quote_verdicts": {
      "inaccurate": 7,
      "accurate": 6,
      "unverifiable": 1,
      "near_miss": 4
    },
    "pin_verdicts": {
      "in_range": 17,
      "no_pin": 6,
      "case_unknown": 1
    },
    "temporal": {}
  },
  "temporal": {
    "drafts": 3,
    "abstained": 0,
    "citations_total": 29,
    "cite_verdicts": {
      "exists": 23,
      "not_found": 6
    },
    "existence_rate_pooled": 0.793,
    "quote_verdicts": {
      "near_miss": 3,
      "accurate": 3,
      "inaccurate": 3,
      "unverifiable": 2
    },
    "pin_verdicts": {
      "in_range": 16,
      "out_of_range": 2,
      "case_unknown": 6,
      "no_pin": 5
    },
    "temporal": {
      "checked": 29,
      "violated": 5
    }
  }
}
total cost $0.2774
2010-065 baseline  cites= 11 exist=1.0 unres=0.0 quotes=6 cost=$0.0155
2010-065 quota     cites= 19 exist=1.0 unres=0.0 quotes=12 cost=$0.0343
2010-065 temporal  cites= 12 exist=1.0 unres=0.0 quotes=10 cost=$0.0533
2010-065 stakes    cites= 15 exist=1.0 unres=0.0 quotes=4 cost=$0.0685
2010-065 combo     cites= 21 exist=0.8571 unres=0.0 quotes=13 cost=$0.0843
1997-044 baseline  cites= 11 exist=0.8889 unres=0.1818 quotes=7 cost=$0.1128
1997-044 quota     cites=  9 exist=1.0 unres=0.0 quotes=11 cost=$0.1351
1997-044 temporal  cites=  4 exist=1.0 unres=0.0 quotes=6 cost=$0.1442
1997-044 stakes    cites=  8 exist=0.625 unres=0.0 quotes=4 cost=$0.1615
1997-044 combo     cites= 10 exist=0.6 unres=0.0 quotes=7 cost=$0.1845
2001-070 baseline  cites=  9 exist=1.0 unres=0.0 quotes=10 cost=$0.2150
2001-070 quota     cites= 10 exist=1.0 unres=0.0 quotes=6 cost=$0.2379
2001-070 temporal  cites=  6 exist=1.0 unres=0.0 quotes=2 cost=$0.2546
2001-070 stakes    cites=  5 exist=1.0 unres=0.0 quotes=5 cost=$0.2671
2001-070 combo     cites=  7 exist=1.0 unres=0.0 quotes=9 cost=$0.2800
{
  "stakes": {
    "drafts": 3,
    "abstained": 0,
    "citations_total": 28,
    "cite_verdicts": {
      "exists": 25,
      "not_found": 3
    },
    "existence_rate_pooled": 0.893,
    "quote_verdicts": {
      "accurate": 7,
      "near_miss": 4,
      "unverifiable": 1,
      "inaccurate": 1
    },
    "pin_verdicts": {
      "no_pin": 11,
      "in_range": 14,
      "case_unknown": 3
    },
    "temporal": {}
  },
  "baseline": {
    "drafts": 3,
    "abstained": 0,
    "citations_total": 31,
    "cite_verdicts": {
      "exists": 28,
      "unresolvable": 2,
      "not_found": 1
    },
    "existence_rate_pooled": 0.966,
    "quote_verdicts": {
      "near_miss": 9,
      "unverifiable": 7,
      "inaccurate": 2,
      "accurate": 5
    },
    "pin_verdicts": {
      "in_range": 23,
      "no_pin": 5,
      "case_unknown": 3
    },
    "temporal": {}
  },
  "temporal": {
    "drafts": 3,
    "abstained": 0,
    "citations_total": 22,
    "cite_verdicts": {
      "exists": 22
    },
    "existence_rate_pooled": 1.0,
    "quote_verdicts": {
      "inaccurate": 4,
      "near_miss": 5,
      "accurate": 3,
      "unverifiable": 6
    },
    "pin_verdicts": {
      "no_pin": 3,
      "in_range": 17,
      "out_of_range": 2
    },
    "temporal": {
      "checked": 22,
      "violated": 3
    }
  },
  "combo": {
    "drafts": 3,
    "abstained": 0,
    "citations_total": 38,
    "cite_verdicts": {
      "exists": 31,
      "not_found": 7
    },
    "existence_rate_pooled": 0.816,
    "quote_verdicts": {
      "inaccurate": 13,
      "accurate": 4,
      "near_miss": 7,
      "unverifiable": 5
    },
    "pin_verdicts": {
      "no_pin": 9,
      "in_range": 23,
      "case_unknown": 5,
      "out_of_range": 1
    },
    "temporal": {
      "checked": 38,
      "violated": 7
    }
  },
  "quota": {
    "drafts": 3,
    "abstained": 0,
    "citations_total": 38,
    "cite_verdicts": {
      "exists": 38
    },
    "existence_rate_pooled": 1.0,
    "quote_verdicts": {
      "near_miss": 8,
      "inaccurate": 8,
      "accurate": 6,
      "unverifiable": 7
    },
    "pin_verdicts": {
      "no_pin": 9,
      "in_range": 29
    },
    "temporal": {}
  }
}
total cost $0.28
1999-033 baseline  cites=  8 exist=0.875 unres=0.0 quotes=7 cost=$0.0226
1999-033 quota     cites=  8 exist=0.875 unres=0.0 quotes=2 cost=$0.0371
1999-033 temporal  cites=  8 exist=1.0 unres=0.0 quotes=3 cost=$0.0568
1999-033 stakes    cites=  6 exist=1.0 unres=0.0 quotes=4 cost=$0.0701
1999-033 combo     cites=  8 exist=1.0 unres=0.0 quotes=5 cost=$0.0882
1990-114 baseline  cites=  8 exist=1.0 unres=0.0 quotes=4 cost=$0.1184
1990-114 quota     cites= 17 exist=1.0 unres=0.0 quotes=6 cost=$0.1411
1990-114 temporal  cites= 13 exist=0.9231 unres=0.0 quotes=7 cost=$0.1566
1990-114 stakes    cites= 12 exist=1.0 unres=0.0 quotes=4 cost=$0.1738
1990-114 combo     cites= 16 exist=0.9375 unres=0.0 quotes=5 cost=$0.2027
2020-012 baseline  cites= 10 exist=0.9 unres=0.0 quotes=5 cost=$0.2266
2020-012 quota     cites= 10 exist=1.0 unres=0.0 quotes=4 cost=$0.2422
2020-012 temporal  cites= 10 exist=0.9 unres=0.0 quotes=7 cost=$0.2605
2020-012 stakes    cites=  9 exist=1.0 unres=0.0 quotes=8 cost=$0.2728
2020-012 combo     cites=  6 exist=1.0 unres=0.0 quotes=2 cost=$0.2808
{
  "stakes": {
    "drafts": 3,
    "abstained": 0,
    "citations_total": 27,
    "cite_verdicts": {
      "exists": 27
    },
    "existence_rate_pooled": 1.0,
    "quote_verdicts": {
      "inaccurate": 6,
      "near_miss": 6,
      "accurate": 3,
      "unverifiable": 1
    },
    "pin_verdicts": {
      "in_range": 14,
      "no_pin": 10,
      "out_of_range": 3
    },
    "temporal": {}
  },
  "combo": {
    "drafts": 3,
    "abstained": 0,
    "citations_total": 30,
    "cite_verdicts": {
      "exists": 29,
      "not_found": 1
    },
    "existence_rate_pooled": 0.967,
    "quote_verdicts": {
      "accurate": 2,
      "inaccurate": 5,
      "unverifiable": 5
    },
    "pin_verdicts": {
      "in_range": 13,
      "no_pin": 14,
      "case_unknown": 1,
      "out_of_range": 2
    },
    "temporal": {
      "checked": 30,
      "violated": 19
    }
  },
  "quota": {
    "drafts": 3,
    "abstained": 0,
    "citations_total": 35,
    "cite_verdicts": {
      "exists": 34,
      "not_found": 1
    },
    "existence_rate_pooled": 0.971,
    "quote_verdicts": {
      "accurate": 4,
      "inaccurate": 3,
      "near_miss": 4,
      "unverifiable": 1
    },
    "pin_verdicts": {
      "in_range": 16,
      "no_pin": 16,
      "case_unknown": 1,
      "out_of_range": 2
    },
    "temporal": {}
  },
  "temporal": {
    "drafts": 3,
    "abstained": 0,
    "citations_total": 31,
    "cite_verdicts": {
      "exists": 29,
      "not_found": 2
    },
    "existence_rate_pooled": 0.935,
    "quote_verdicts": {
      "inaccurate": 7,
      "unverifiable": 5,
      "near_miss": 4,
      "accurate": 1
    },
    "pin_verdicts": {
      "in_range": 17,
      "no_pin": 6,
      "out_of_range": 6,
      "case_unknown": 2
    },
    "temporal": {
      "checked": 31,
      "violated": 17
    }
  },
  "baseline": {
    "drafts": 3,
    "abstained": 0,
    "citations_total": 26,
    "cite_verdicts": {
      "exists": 24,
      "not_found": 2
    },
    "existence_rate_pooled": 0.923,
    "quote_verdicts": {
      "unverifiable": 2,
      "inaccurate": 6,
      "near_miss": 3,
      "accurate": 5
    },
    "pin_verdicts": {
      "in_range": 18,
      "no_pin": 7,
      "case_unknown": 1
    },
    "temporal": {}
  }
}
total cost $0.2808
2020-067 baseline  cites=  7 exist=0.7143 unres=0.0 quotes=6 cost=$0.0123
2020-067 quota     cites=  9 exist=0.7778 unres=0.0 quotes=0 cost=$0.0313
2020-067 temporal  cites=  8 exist=0.875 unres=0.0 quotes=5 cost=$0.0479
2020-067 stakes    cites= 10 exist=0.6 unres=0.0 quotes=1 cost=$0.0623
2020-067 combo     cites= 10 exist=0.8 unres=0.0 quotes=7 cost=$0.0716
2016-063 baseline  cites=  5 exist=0.8 unres=0.0 quotes=0 cost=$0.1049
2016-063 quota     cites=  8 exist=0.875 unres=0.0 quotes=2 cost=$0.1258
2016-063 temporal  cites=  5 exist=0.8 unres=0.0 quotes=1 cost=$0.1417
2016-063 stakes    cites=  5 exist=0.6 unres=0.0 quotes=1 cost=$0.1596
2016-063 combo     cites= 11 exist=0.9091 unres=0.0 quotes=2 cost=$0.1862
1994-059 baseline  cites=  7 exist=1.0 unres=0.0 quotes=6 cost=$0.2058
1994-059 quota     cites= 13 exist=0.8462 unres=0.0 quotes=13 cost=$0.2363
1994-059 temporal  cites=  6 exist=0.8333 unres=0.0 quotes=5 cost=$0.2524
1994-059 stakes    cites=  8 exist=1.0 unres=0.0 quotes=7 cost=$0.2671
1994-059 combo     cites= 12 exist=0.6667 unres=0.0 quotes=9 cost=$0.2817
{
  "quota": {
    "drafts": 3,
    "abstained": 0,
    "citations_total": 30,
    "cite_verdicts": {
      "exists": 25,
      "not_found": 5
    },
    "existence_rate_pooled": 0.833,
    "quote_verdicts": {
      "unverifiable": 2,
      "inaccurate": 7,
      "near_miss": 4,
      "accurate": 2
    },
    "pin_verdicts": {
      "no_pin": 5,
      "in_range": 17,
      "case_unknown": 5,
      "out_of_range": 3
    },
    "temporal": {}
  },
  "combo": {
    "drafts": 3,
    "abstained": 0,
    "citations_total": 33,
    "cite_verdicts": {
      "exists": 26,
      "not_found": 7
    },
    "existence_rate_pooled": 0.788,
    "quote_verdicts": {
      "near_miss": 11,
      "inaccurate": 3,
      "unverifiable": 3,
      "accurate": 1
    },
    "pin_verdicts": {
      "out_of_range": 1,
      "in_range": 22,
      "no_pin": 4,
      "case_unknown": 6
    },
    "temporal": {
      "checked": 33,
      "violated": 13
    }
  },
  "stakes": {
    "drafts": 3,
    "abstained": 0,
    "citations_total": 23,
    "cite_verdicts": {
      "exists": 17,
      "not_found": 6
    },
    "existence_rate_pooled": 0.739,
    "quote_verdicts": {
      "accurate": 2,
      "unverifiable": 1,
      "near_miss": 3,
      "inaccurate": 3
    },
    "pin_verdicts": {
      "no_pin": 10,
      "in_range": 8,
      "case_unknown": 4,
      "out_of_range": 1
    },
    "temporal": {}
  },
  "temporal": {
    "drafts": 3,
    "abstained": 0,
    "citations_total": 19,
    "cite_verdicts": {
      "exists": 16,
      "not_found": 3
    },
    "existence_rate_pooled": 0.842,
    "quote_verdicts": {
      "inaccurate": 3,
      "accurate": 1,
      "near_miss": 5,
      "unverifiable": 2
    },
    "pin_verdicts": {
      "out_of_range": 3,
      "in_range": 12,
      "case_unknown": 3,
      "no_pin": 1
    },
    "temporal": {
      "checked": 19,
      "violated": 4
    }
  },
  "baseline": {
    "drafts": 3,
    "abstained": 0,
    "citations_total": 19,
    "cite_verdicts": {
      "exists": 16,
      "not_found": 3
    },
    "existence_rate_pooled": 0.842,
    "quote_verdicts": {
      "inaccurate": 4,
      "near_miss": 6,
      "unverifiable": 2
    },
    "pin_verdicts": {
      "no_pin": 11,
      "in_range": 6,
      "out_of_range": 2
    },
    "temporal": {}
  }
}
total cost $0.2817
2020-005 baseline  cites= 12 exist=0.9167 unres=0.0 quotes=6 cost=$0.0170
2020-005 quota     cites= 13 exist=1.0 unres=0.0769 quotes=9 cost=$0.0380
2020-005 temporal  cites= 10 exist=1.0 unres=0.0 quotes=13 cost=$0.0533
2020-005 stakes    cites=  8 exist=1.0 unres=0.0 quotes=0 cost=$0.0655
2020-005 combo     cites= 11 exist=1.0 unres=0.0 quotes=7 cost=$0.0824
2018-070 baseline  cites=  8 exist=0.625 unres=0.0 quotes=2 cost=$0.1025
2018-070 quota     cites=  9 exist=0.8889 unres=0.0 quotes=8 cost=$0.1304
2018-070 temporal  cites=  7 exist=1.0 unres=0.0 quotes=5 cost=$0.1493
2018-070 stakes    cites= 11 exist=0.9091 unres=0.0 quotes=10 cost=$0.1705
2018-070 combo     cites=  8 exist=0.875 unres=0.0 quotes=13 cost=$0.1945
2016-067 baseline  cites=  4 exist=0.75 unres=0.0 quotes=2 cost=$0.2133
2016-067 quota     cites=  5 exist=0.8 unres=0.0 quotes=6 cost=$0.2318
2016-067 temporal  cites= 10 exist=0.9 unres=0.0 quotes=1 cost=$0.2557
2016-067 stakes    cites=  6 exist=0.8333 unres=0.0 quotes=5 cost=$0.2699
2016-067 combo     cites= 12 exist=0.5 unres=0.0 quotes=3 cost=$0.2828
{
  "temporal": {
    "drafts": 3,
    "abstained": 0,
    "citations_total": 27,
    "cite_verdicts": {
      "exists": 26,
      "not_found": 1
    },
    "existence_rate_pooled": 0.963,
    "quote_verdicts": {
      "accurate": 4,
      "inaccurate": 9,
      "near_miss": 6
    },
    "pin_verdicts": {
      "in_range": 15,
      "no_pin": 12
    },
    "temporal": {
      "checked": 27,
      "violated": 8
    }
  },
  "stakes": {
    "drafts": 3,
    "abstained": 0,
    "citations_total": 25,
    "cite_verdicts": {
      "exists": 23,
      "not_found": 2
    },
    "existence_rate_pooled": 0.92,
    "quote_verdicts": {
      "near_miss": 4,
      "inaccurate": 5,
      "accurate": 2,
      "unverifiable": 4
    },
    "pin_verdicts": {
      "in_range": 23,
      "case_unknown": 2
    },
    "temporal": {}
  },
  "quota": {
    "drafts": 3,
    "abstained": 0,
    "citations_total": 27,
    "cite_verdicts": {
      "exists": 24,
      "unresolvable": 1,
      "not_found": 2
    },
    "existence_rate_pooled": 0.923,
    "quote_verdicts": {
      "near_miss": 7,
      "unverifiable": 7,
      "accurate": 5,
      "inaccurate": 4
    },
    "pin_verdicts": {
      "in_range": 24,
      "case_unknown": 3
    },
    "temporal": {}
  },
  "baseline": {
    "drafts": 3,
    "abstained": 0,
    "citations_total": 24,
    "cite_verdicts": {
      "exists": 19,
      "not_found": 5
    },
    "existence_rate_pooled": 0.792,
    "quote_verdicts": {
      "near_miss": 4,
      "inaccurate": 2,
      "accurate": 3,
      "unverifiable": 1
    },
    "pin_verdicts": {
      "in_range": 18,
      "case_unknown": 4,
      "no_pin": 2
    },
    "temporal": {}
  },
  "combo": {
    "drafts": 3,
    "abstained": 0,
    "citations_total": 31,
    "cite_verdicts": {
      "exists": 24,
      "not_found": 7
    },
    "existence_rate_pooled": 0.774,
    "quote_verdicts": {
      "near_miss": 6,
      "accurate": 4,
      "inaccurate": 12,
      "unverifiable": 1
    },
    "pin_verdicts": {
      "in_range": 20,
      "no_pin": 3,
      "case_unknown": 7,
      "out_of_range": 1
    },
    "temporal": {
      "checked": 31,
      "violated": 7
    }
  }
}
total cost $0.2828
2020-032 baseline  cites= 11 exist=1.0 unres=0.0 quotes=3 cost=$0.0209
2020-032 quota     cites= 13 exist=0.9231 unres=0.0 quotes=5 cost=$0.0351
2020-032 temporal  cites=  8 exist=1.0 unres=0.0 quotes=7 cost=$0.0486
2020-032 stakes    cites= 10 exist=0.9 unres=0.0 quotes=3 cost=$0.0608
2020-032 combo     cites= 13 exist=0.9231 unres=0.0 quotes=0 cost=$0.0760
2015-055 baseline  cites= 13 exist=0.9231 unres=0.0 quotes=10 cost=$0.1098
2015-055 quota     cites= 10 exist=1.0 unres=0.0 quotes=4 cost=$0.1276
2015-055 temporal  cites= 13 exist=0.7692 unres=0.0 quotes=3 cost=$0.1530
2015-055 stakes    cites=  7 exist=1.0 unres=0.0 quotes=7 cost=$0.1682
2015-055 combo     cites=  9 exist=0.8889 unres=0.0 quotes=5 cost=$0.1894
2013-058 baseline  cites=  4 exist=1.0 unres=0.0 quotes=0 cost=$0.2118
2013-058 quota     cites=  9 exist=0.8889 unres=0.0 quotes=7 cost=$0.2395
2013-058 temporal  cites=  8 exist=0.875 unres=0.0 quotes=0 cost=$0.2546
2013-058 stakes    cites=  9 exist=1.0 unres=0.0 quotes=8 cost=$0.2720
2013-058 combo     cites= 17 exist=0.7647 unres=0.0 quotes=18 cost=$0.2839
{
  "stakes": {
    "drafts": 3,
    "abstained": 0,
    "citations_total": 26,
    "cite_verdicts": {
      "exists": 25,
      "not_found": 1
    },
    "existence_rate_pooled": 0.962,
    "quote_verdicts": {
      "accurate": 3,
      "inaccurate": 7,
      "unverifiable": 3,
      "near_miss": 5
    },
    "pin_verdicts": {
      "in_range": 16,
      "case_unknown": 1,
      "no_pin": 6,
      "out_of_range": 3
    },
    "temporal": {}
  },
  "baseline": {
    "drafts": 3,
    "abstained": 0,
    "citations_total": 28,
    "cite_verdicts": {
      "exists": 27,
      "not_found": 1
    },
    "existence_rate_pooled": 0.964,
    "quote_verdicts": {
      "inaccurate": 4,
      "near_miss": 6,
      "unverifiable": 3
    },
    "pin_verdicts": {
      "no_pin": 9,
      "in_range": 13,
      "out_of_range": 5,
      "case_unknown": 1
    },
    "temporal": {}
  },
  "temporal": {
    "drafts": 3,
    "abstained": 0,
    "citations_total": 29,
    "cite_verdicts": {
      "exists": 25,
      "not_found": 4
    },
    "existence_rate_pooled": 0.862,
    "quote_verdicts": {
      "inaccurate": 7,
      "near_miss": 2,
      "accurate": 1
    },
    "pin_verdicts": {
      "no_pin": 14,
      "in_range": 11,
      "case_unknown": 3,
      "out_of_range": 1
    },
    "temporal": {
      "checked": 29,
      "violated": 13
    }
  },
  "combo": {
    "drafts": 3,
    "abstained": 0,
    "citations_total": 39,
    "cite_verdicts": {
      "exists": 33,
      "not_found": 6
    },
    "existence_rate_pooled": 0.846,
    "quote_verdicts": {
      "inaccurate": 13,
      "accurate": 1,
      "unverifiable": 9
    },
    "pin_verdicts": {
      "no_pin": 15,
      "in_range": 18,
      "case_unknown": 5,
      "out_of_range": 1
    },
    "temporal": {
      "checked": 39,
      "violated": 5
    }
  },
  "quota": {
    "drafts": 3,
    "abstained": 0,
    "citations_total": 32,
    "cite_verdicts": {
      "exists": 30,
      "not_found": 2
    },
    "existence_rate_pooled": 0.938,
    "quote_verdicts": {
      "accurate": 2,
      "inaccurate": 4,
      "near_miss": 5,
      "unverifiable": 5
    },
    "pin_verdicts": {
      "in_range": 21,
      "out_of_range": 2,
      "case_unknown": 2,
      "no_pin": 7
    },
    "temporal": {}
  }
}
total cost $0.2839
2000-087 baseline  cites=  3 exist=1.0 unres=0.0 quotes=2 cost=$0.0014
2000-087 quota     cites=  6 exist=1.0 unres=0.0 quotes=5 cost=$0.0295
2000-087 temporal  cites= 16 exist=0.875 unres=0.0 quotes=13 cost=$0.0514
2000-087 stakes    cites=  8 exist=1.0 unres=0.0 quotes=5 cost=$0.0655
2000-087 combo     cites=  9 exist=0.7778 unres=0.0 quotes=8 cost=$0.0814
2013-068 baseline  cites=  7 exist=1.0 unres=0.0 quotes=0 cost=$0.0950
2013-068 quota     cites= 14 exist=1.0 unres=0.0 quotes=0 cost=$0.1242
2013-068 temporal  cites= 10 exist=1.0 unres=0.0 quotes=8 cost=$0.1467
2013-068 stakes    cites=  9 exist=1.0 unres=0.0 quotes=1 cost=$0.1694
2013-068 combo     cites= 14 exist=1.0 unres=0.0 quotes=0 cost=$0.1971
2020-060 baseline  cites=  8 exist=0.5 unres=0.0 quotes=5 cost=$0.2230
2020-060 quota     cites=  7 exist=0.8571 unres=0.0 quotes=3 cost=$0.2432
2020-060 temporal  cites=  8 exist=0.375 unres=0.0 quotes=1 cost=$0.2596
2020-060 stakes    cites=  6 exist=1.0 unres=0.0 quotes=7 cost=$0.2750
2020-060 combo     cites= 10 exist=0.8 unres=0.0 quotes=4 cost=$0.2850
{
  "quota": {
    "drafts": 3,
    "abstained": 0,
    "citations_total": 27,
    "cite_verdicts": {
      "exists": 26,
      "not_found": 1
    },
    "existence_rate_pooled": 0.963,
    "quote_verdicts": {
      "near_miss": 2,
      "inaccurate": 3,
      "unverifiable": 2,
      "accurate": 1
    },
    "pin_verdicts": {
      "in_range": 18,
      "no_pin": 8,
      "case_unknown": 1
    },
    "temporal": {}
  },
  "baseline": {
    "drafts": 3,
    "abstained": 0,
    "citations_total": 18,
    "cite_verdicts": {
      "exists": 14,
      "not_found": 4
    },
    "existence_rate_pooled": 0.778,
    "quote_verdicts": {
      "near_miss": 2,
      "unverifiable": 4,
      "accurate": 1
    },
    "pin_verdicts": {
      "in_range": 10,
      "no_pin": 4,
      "case_unknown": 4
    },
    "temporal": {}
  },
  "stakes": {
    "drafts": 3,
    "abstained": 0,
    "citations_total": 23,
    "cite_verdicts": {
      "exists": 23
    },
    "existence_rate_pooled": 1.0,
    "quote_verdicts": {
      "near_miss": 2,
      "unverifiable": 5,
      "inaccurate": 6
    },
    "pin_verdicts": {
      "in_range": 18,
      "no_pin": 4,
      "out_of_range": 1
    },
    "temporal": {}
  },
  "combo": {
    "drafts": 3,
    "abstained": 0,
    "citations_total": 33,
    "cite_verdicts": {
      "exists": 29,
      "not_found": 4
    },
    "existence_rate_pooled": 0.879,
    "quote_verdicts": {
      "accurate": 2,
      "near_miss": 3,
      "unverifiable": 5,
      "inaccurate": 2
    },
    "pin_verdicts": {
      "in_range": 27,
      "case_unknown": 4,
      "no_pin": 2
    },
    "temporal": {
      "checked": 33,
      "violated": 17
    }
  },
  "temporal": {
    "drafts": 3,
    "abstained": 0,
    "citations_total": 34,
    "cite_verdicts": {
      "exists": 27,
      "not_found": 7
    },
    "existence_rate_pooled": 0.794,
    "quote_verdicts": {
      "inaccurate": 9,
      "near_miss": 10,
      "unverifiable": 2,
      "accurate": 1
    },
    "pin_verdicts": {
      "in_range": 18,
      "case_unknown": 6,
      "no_pin": 9,
      "out_of_range": 1
    },
    "temporal": {
      "checked": 34,
      "violated": 10
    }
  }
}
total cost $0.285
2015-066 baseline  cites=  9 exist=1.0 unres=0.0 quotes=0 cost=$0.0046
2015-066 quota     cites=  8 exist=1.0 unres=0.0 quotes=1 cost=$0.0305
2015-066 temporal  cites=  9 exist=1.0 unres=0.0 quotes=9 cost=$0.0441
2015-066 stakes    cites=  9 exist=1.0 unres=0.0 quotes=3 cost=$0.0599
2015-066 combo     cites= 14 exist=1.0 unres=0.0 quotes=5 cost=$0.0727
2015-038 baseline  cites=  9 exist=0.7778 unres=0.0 quotes=2 cost=$0.1098
2015-038 quota     cites= 10 exist=0.9 unres=0.0 quotes=7 cost=$0.1293
2015-038 temporal  cites=  8 exist=0.625 unres=0.0 quotes=6 cost=$0.1484
2015-038 stakes    cites= 11 exist=0.6364 unres=0.0 quotes=2 cost=$0.1753
2015-038 combo     cites= 10 exist=0.8 unres=0.0 quotes=10 cost=$0.2045
2020-058 baseline  cites= 10 exist=0.9 unres=0.0 quotes=6 cost=$0.2309
2020-058 quota     cites= 10 exist=1.0 unres=0.0 quotes=13 cost=$0.2524
2020-058 temporal  cites=  9 exist=0.8889 unres=0.0 quotes=9 cost=$0.2699
2020-058 stakes    cites=  6 exist=1.0 unres=0.0 quotes=3 cost=$0.2783
2020-058 combo     cites=  8 exist=1.0 unres=0.0 quotes=12 cost=$0.2869
{
  "combo": {
    "drafts": 3,
    "abstained": 0,
    "citations_total": 32,
    "cite_verdicts": {
      "exists": 30,
      "not_found": 2
    },
    "existence_rate_pooled": 0.938,
    "quote_verdicts": {
      "accurate": 3,
      "near_miss": 5,
      "inaccurate": 13,
      "unverifiable": 6
    },
    "pin_verdicts": {
      "in_range": 24,
      "no_pin": 5,
      "case_unknown": 2,
      "out_of_range": 1
    },
    "temporal": {
      "checked": 32,
      "violated": 15
    }
  },
  "stakes": {
    "drafts": 3,
    "abstained": 0,
    "citations_total": 26,
    "cite_verdicts": {
      "exists": 22,
      "not_found": 4
    },
    "existence_rate_pooled": 0.846,
    "quote_verdicts": {
      "accurate": 1,
      "near_miss": 2,
      "inaccurate": 2,
      "unverifiable": 3
    },
    "pin_verdicts": {
      "in_range": 13,
      "case_unknown": 2,
      "no_pin": 11
    },
    "temporal": {}
  },
  "baseline": {
    "drafts": 3,
    "abstained": 0,
    "citations_total": 28,
    "cite_verdicts": {
      "exists": 25,
      "not_found": 3
    },
    "existence_rate_pooled": 0.893,
    "quote_verdicts": {
      "inaccurate": 4,
      "near_miss": 2,
      "accurate": 1,
      "unverifiable": 1
    },
    "pin_verdicts": {
      "in_range": 15,
      "no_pin": 10,
      "case_unknown": 2,
      "out_of_range": 1
    },
    "temporal": {}
  },
  "temporal": {
    "drafts": 3,
    "abstained": 0,
    "citations_total": 26,
    "cite_verdicts": {
      "exists": 22,
      "not_found": 4
    },
    "existence_rate_pooled": 0.846,
    "quote_verdicts": {
      "near_miss": 7,
      "inaccurate": 11,
      "accurate": 1,
      "unverifiable": 5
    },
    "pin_verdicts": {
      "in_range": 16,
      "case_unknown": 2,
      "no_pin": 8
    },
    "temporal": {
      "checked": 26,
      "violated": 6
    }
  },
  "quota": {
    "drafts": 3,
    "abstained": 0,
    "citations_total": 28,
    "cite_verdicts": {
      "exists": 27,
      "not_found": 1
    },
    "existence_rate_pooled": 0.964,
    "quote_verdicts": {
      "accurate": 3,
      "inaccurate": 7,
      "near_miss": 2,
      "unverifiable": 9
    },
    "pin_verdicts": {
      "in_range": 18,
      "no_pin": 9,
      "case_unknown": 1
    },
    "temporal": {}
  }
}
total cost $0.2869
2012-031 baseline  cites=  4 exist=1.0 unres=0.0 quotes=4 cost=$0.0138
2012-031 quota     cites= 10 exist=1.0 unres=0.0 quotes=12 cost=$0.0441
2012-031 temporal  cites=  9 exist=0.7778 unres=0.0 quotes=6 cost=$0.0795
2012-031 stakes    cites=  5 exist=1.0 unres=0.0 quotes=6 cost=$0.0899
2012-031 combo     cites=  6 exist=0.8333 unres=0.0 quotes=1 cost=$0.1105
2011-010 baseline  cites=  8 exist=1.0 unres=0.0 quotes=6 cost=$0.1371
2011-010 quota     cites=  8 exist=0.875 unres=0.0 quotes=14 cost=$0.1550
2011-010 temporal  cites= 13 exist=0.7692 unres=0.0 quotes=11 cost=$0.1798
2011-010 stakes    cites=  8 exist=0.875 unres=0.0 quotes=7 cost=$0.2079
2011-010 combo     cites= 15 exist=0.9333 unres=0.0 quotes=15 cost=$0.2363
2005-074 baseline  cites=  8 exist=0.875 unres=0.0 quotes=6 cost=$0.2574
2005-074 quota     cites=  8 exist=0.875 unres=0.0 quotes=3 cost=$0.2708
2005-074 temporal  cites=  3 exist=0.6667 unres=0.0 quotes=1 cost=$0.2791
2005-074 stakes    cites=  9 exist=0.8889 unres=0.0 quotes=0 cost=$0.2858
2005-074 combo     cites=  9 exist=0.4444 unres=0.0 quotes=3 cost=$0.2879
{
  "temporal": {
    "drafts": 3,
    "abstained": 0,
    "citations_total": 25,
    "cite_verdicts": {
      "exists": 19,
      "not_found": 6
    },
    "existence_rate_pooled": 0.76,
    "quote_verdicts": {
      "near_miss": 3,
      "accurate": 1,
      "inaccurate": 8,
      "unverifiable": 6
    },
    "pin_verdicts": {
      "in_range": 12,
      "case_unknown": 5,
      "no_pin": 7,
      "out_of_range": 1
    },
    "temporal": {
      "checked": 25,
      "violated": 15
    }
  },
  "stakes": {
    "drafts": 3,
    "abstained": 0,
    "citations_total": 22,
    "cite_verdicts": {
      "exists": 20,
      "not_found": 2
    },
    "existence_rate_pooled": 0.909,
    "quote_verdicts": {
      "accurate": 2,
      "near_miss": 5,
      "unverifiable": 4,
      "inaccurate": 2
    },
    "pin_verdicts": {
      "in_range": 14,
      "no_pin": 7,
      "case_unknown": 1
    },
    "temporal": {}
  },
  "combo": {
    "drafts": 3,
    "abstained": 0,
    "citations_total": 30,
    "cite_verdicts": {
      "exists": 23,
      "not_found": 7
    },
    "existence_rate_pooled": 0.767,
    "quote_verdicts": {
      "unverifiable": 6,
      "near_miss": 2,
      "inaccurate": 10,
      "accurate": 1
    },
    "pin_verdicts": {
      "in_range": 17,
      "no_pin": 6,
      "case_unknown": 7
    },
    "temporal": {
      "checked": 30,
      "violated": 12
    }
  },
  "quota": {
    "drafts": 3,
    "abstained": 0,
    "citations_total": 26,
    "cite_verdicts": {
      "exists": 24,
      "not_found": 2
    },
    "existence_rate_pooled": 0.923,
    "quote_verdicts": {
      "unverifiable": 11,
      "near_miss": 11,
      "inaccurate": 6,
      "accurate": 1
    },
    "pin_verdicts": {
      "in_range": 17,
      "no_pin": 6,
      "out_of_range": 1,
      "case_unknown": 2
    },
    "temporal": {}
  },
  "baseline": {
    "drafts": 3,
    "abstained": 0,
    "citations_total": 20,
    "cite_verdicts": {
      "exists": 19,
      "not_found": 1
    },
    "existence_rate_pooled": 0.95,
    "quote_verdicts": {
      "accurate": 2,
      "near_miss": 5,
      "inaccurate": 3,
      "unverifiable": 6
    },
    "pin_verdicts": {
      "in_range": 17,
      "no_pin": 2,
      "case_unknown": 1
    },
    "temporal": {}
  }
}
total cost $0.2879
2014-024 baseline  cites=  4 exist=1.0 unres=0.0 quotes=8 cost=$0.0365
empty completion draft:2014-024:quota (attempt 1)
2014-024 quota     cites=  8 exist=1.0 unres=0.0 quotes=3 cost=$0.1887
2014-024 temporal  cites=  3 exist=0.6667 unres=0.0 quotes=2 cost=$0.1887
2014-024 stakes    cites=  4 exist=1.0 unres=0.0 quotes=3 cost=$0.2229
empty completion draft:2014-024:combo (attempt 1)
2014-024 combo     cites=  7 exist=0.8571 unres=0.0 quotes=6 cost=$0.3830
1990-075 baseline  cites=  3 exist=1.0 unres=0.0 quotes=2 cost=$0.4232
1990-075 quota     cites=  8 exist=1.0 unres=0.0 quotes=5 cost=$0.4809
1990-075 temporal  cites=  5 exist=1.0 unres=0.0 quotes=7 cost=$0.5587
1990-075 stakes    cites=  6 exist=1.0 unres=0.0 quotes=2 cost=$0.5983
1990-075 combo     cites=  8 exist=0.875 unres=0.0 quotes=2 cost=$0.6304
1997-033 baseline  cites=  3 exist=0.6667 unres=0.0 quotes=1 cost=$0.7082
empty completion draft:1997-033:quota (attempt 1)
1997-033 quota     cites=  8 exist=1.0 unres=0.0 quotes=3 cost=$0.9141
empty completion draft:1997-033:temporal (attempt 1)
empty completion draft:1997-033:temporal (attempt 2)
empty completion draft:1997-033:temporal (attempt 3)
SKIP draft:1997-033:temporal: empty after retries
1997-033 stakes    cites=  0 exist=None unres=None quotes=0 cost=$1.6726
empty completion draft:1997-033:combo (attempt 1)
empty completion draft:1997-033:combo (attempt 2)
empty completion draft:1997-033:combo (attempt 3)
SKIP draft:1997-033:combo: empty after retries
1998-085 baseline  cites=  0 exist=None unres=None quotes=0 cost=$2.2166
1998-085 quota     cites=  9 exist=0.8889 unres=0.0 quotes=13 cost=$2.2166
1998-085 temporal  cites=  3 exist=0.6667 unres=0.0 quotes=6 cost=$2.2166
1998-085 stakes    cites=  3 exist=0.6667 unres=0.0 quotes=3 cost=$2.2166
empty completion draft:1998-085:combo (attempt 1)
empty completion draft:1998-085:combo (attempt 2)
empty completion draft:1998-085:combo (attempt 3)
SKIP draft:1998-085:combo: empty after retries
1997-021 baseline  cites=  5 exist=0.8 unres=0.0 quotes=2 cost=$2.6092
1997-021 quota     cites=  7 exist=0.5714 unres=0.0 quotes=2 cost=$2.6092
1997-021 temporal  cites=  5 exist=0.8 unres=0.0 quotes=0 cost=$2.6092
1997-021 stakes    cites=  6 exist=0.6667 unres=0.0 quotes=4 cost=$2.6092
empty completion draft:1997-021:combo (attempt 1)
empty completion draft:1997-021:combo (attempt 2)
empty completion draft:1997-021:combo (attempt 3)
SKIP draft:1997-021:combo: empty after retries
2005-087 baseline  cites=  4 exist=0.75 unres=0.0 quotes=2 cost=$2.7724
2005-087 quota     cites=  7 exist=1.0 unres=0.0 quotes=0 cost=$2.7724
2005-087 temporal  cites=  3 exist=0.6667 unres=0.0 quotes=1 cost=$2.7724
2005-087 stakes    cites=  3 exist=0.6667 unres=0.0 quotes=1 cost=$2.7724
2005-087 combo     cites=  9 exist=0.6667 unres=0.0 quotes=0 cost=$2.7724
{
  "stakes": {
    "drafts": 6,
    "abstained": 1,
    "citations_total": 22,
    "cite_verdicts": {
      "exists": 18,
      "not_found": 4
    },
    "existence_rate_pooled": 0.818,
    "quote_verdicts": {
      "accurate": 5,
      "near_miss": 4,
      "inaccurate": 2,
      "unverifiable": 2
    },
    "pin_verdicts": {
      "in_range": 10,
      "no_pin": 9,
      "case_unknown": 3
    },
    "temporal": {}
  },
  "quota": {
    "drafts": 6,
    "abstained": 0,
    "citations_total": 47,
    "cite_verdicts": {
      "exists": 43,
      "not_found": 4
    },
    "existence_rate_pooled": 0.915,
    "quote_verdicts": {
      "near_miss": 4,
      "inaccurate": 15,
      "accurate": 2,
      "unverifiable": 5
    },
    "pin_verdicts": {
      "in_range": 41,
      "in_range_unbounded": 1,
      "case_unknown": 4,
      "out_of_range": 1
    },
    "temporal": {}
  },
  "baseline": {
    "drafts": 6,
    "abstained": 1,
    "citations_total": 19,
    "cite_verdicts": {
      "exists": 16,
      "not_found": 3
    },
    "existence_rate_pooled": 0.842,
    "quote_verdicts": {
      "near_miss": 9,
      "inaccurate": 5,
      "accurate": 1
    },
    "pin_verdicts": {
      "in_range": 12,
      "case_unknown": 2,
      "out_of_range": 1,
      "no_pin": 4
    },
    "temporal": {}
  },
  "combo": {
    "drafts": 3,
    "abstained": 0,
    "citations_total": 24,
    "cite_verdicts": {
      "exists": 19,
      "not_found": 5
    },
    "existence_rate_pooled": 0.792,
    "quote_verdicts": {
      "inaccurate": 5,
      "accurate": 2,
      "near_miss": 1
    },
    "pin_verdicts": {
      "in_range": 12,
      "case_unknown": 2,
      "in_range_unbounded": 1,
      "no_pin": 9
    },
    "temporal": {
      "checked": 24,
      "violated": 0
    }
  },
  "temporal": {
    "drafts": 5,
    "abstained": 0,
    "citations_total": 19,
    "cite_verdicts": {
      "exists": 15,
      "not_found": 4
    },
    "existence_rate_pooled": 0.789,
    "quote_verdicts": {
      "accurate": 2,
      "inaccurate": 4,
      "near_miss": 6,
      "unverifiable": 4
    },
    "pin_verdicts": {
      "no_pin": 5,
      "in_range": 10,
      "in_range_unbounded": 1,
      "case_unknown": 3
    },
    "temporal": {
      "checked": 19,
      "violated": 0
    }
  }
}
total cost $2.7724
empty completion draft:2012-006:baseline (attempt 1)
2012-006 baseline  cites=  3 exist=0.6667 unres=0.0 quotes=0 cost=$0.1073
empty completion draft:2012-006:quota (attempt 1)
2012-006 quota     cites=  8 exist=0.75 unres=0.0 quotes=0 cost=$0.1948
empty completion draft:2012-006:temporal (attempt 1)
2012-006 temporal  cites=  2 exist=0.0 unres=0.0 quotes=0 cost=$0.2832
2012-006 stakes    cites=  3 exist=0.6667 unres=0.0 quotes=0 cost=$0.2832
empty completion draft:2012-006:combo (attempt 1)
empty completion draft:2012-006:combo (attempt 2)
empty completion draft:2012-006:combo (attempt 3)
SKIP draft:2012-006:combo: empty after retries
1998-026 baseline  cites=  2 exist=1.0 unres=0.0 quotes=0 cost=$0.6049
empty completion draft:1998-026:quota (attempt 1)
empty completion draft:1998-026:quota (attempt 2)
empty completion draft:1998-026:quota (attempt 3)
SKIP draft:1998-026:quota: empty after retries
empty completion draft:1998-026:temporal (attempt 1)
empty completion draft:1998-026:temporal (attempt 2)
1998-026 temporal  cites=  2 exist=1.0 unres=0.0 quotes=2 cost=$2.2989
1998-026 stakes    cites=  2 exist=0.5 unres=0.0 quotes=0 cost=$2.2989
empty completion draft:1998-026:combo (attempt 1)
empty completion draft:1998-026:combo (attempt 2)
empty completion draft:1998-026:combo (attempt 3)
SKIP draft:1998-026:combo: empty after retries
1997-100 baseline  cites=  4 exist=1.0 unres=0.0 quotes=4 cost=$2.5538
1997-100 quota     cites=  6 exist=0.8333 unres=0.0 quotes=1 cost=$2.5538
1997-100 temporal  cites=  5 exist=0.8 unres=0.0 quotes=3 cost=$2.5538
1997-100 stakes    cites=  4 exist=0.75 unres=0.0 quotes=0 cost=$2.5538
1997-100 combo     cites=  8 exist=0.875 unres=0.0 quotes=3 cost=$2.5538
2000-071 baseline  cites=  3 exist=1.0 unres=0.0 quotes=5 cost=$2.5538
2000-071 quota     cites=  4 exist=1.0 unres=0.0 quotes=7 cost=$2.5538
2000-071 temporal  cites=  6 exist=1.0 unres=0.0 quotes=1 cost=$2.5538
2000-071 stakes    cites=  4 exist=1.0 unres=0.0 quotes=6 cost=$2.5538
2000-071 combo     cites=  9 exist=0.8889 unres=0.0 quotes=1 cost=$2.5538
2012-029 baseline  cites=  4 exist=1.0 unres=0.0 quotes=3 cost=$2.5538
2012-029 quota     cites=  9 exist=1.0 unres=0.1111 quotes=6 cost=$2.5538
2012-029 temporal  cites=  3 exist=1.0 unres=0.0 quotes=2 cost=$2.5538
2012-029 stakes    cites=  3 exist=1.0 unres=0.0 quotes=3 cost=$2.5538
2012-029 combo     cites=  6 exist=1.0 unres=0.0 quotes=6 cost=$2.5538
1999-051 baseline  cites=  4 exist=0.75 unres=0.0 quotes=0 cost=$2.5538
1999-051 quota     cites=  9 exist=0.7778 unres=0.0 quotes=4 cost=$2.5538
1999-051 temporal  cites=  3 exist=1.0 unres=0.0 quotes=0 cost=$2.5538
1999-051 stakes    cites=  3 exist=0.3333 unres=0.0 quotes=3 cost=$2.5538
empty completion draft:1999-051:combo (attempt 1)
empty completion draft:1999-051:combo (attempt 2)
empty completion draft:1999-051:combo (attempt 3)
SKIP draft:1999-051:combo: empty after retries
{
  "combo": {
    "drafts": 3,
    "abstained": 0,
    "citations_total": 23,
    "cite_verdicts": {
      "exists": 21,
      "not_found": 2
    },
    "existence_rate_pooled": 0.913,
    "quote_verdicts": {
      "inaccurate": 7,
      "near_miss": 2,
      "unverifiable": 1
    },
    "pin_verdicts": {
      "in_range": 12,
      "case_unknown": 1,
      "out_of_range": 1,
      "no_pin": 9
    },
    "temporal": {
      "checked": 23,
      "violated": 1
    }
  },
  "temporal": {
    "drafts": 6,
    "abstained": 0,
    "citations_total": 21,
    "cite_verdicts": {
      "not_found": 3,
      "exists": 18
    },
    "existence_rate_pooled": 0.857,
    "quote_verdicts": {
      "inaccurate": 5,
      "near_miss": 3
    },
    "pin_verdicts": {
      "case_unknown": 3,
      "no_pin": 6,
      "in_range": 12
    },
    "temporal": {
      "checked": 21,
      "violated": 1
    }
  },
  "stakes": {
    "drafts": 6,
    "abstained": 0,
    "citations_total": 19,
    "cite_verdicts": {
      "exists": 14,
      "not_found": 5
    },
    "existence_rate_pooled": 0.737,
    "quote_verdicts": {
      "inaccurate": 1,
      "near_miss": 7,
      "accurate": 1,
      "unverifiable": 3
    },
    "pin_verdicts": {
      "in_range": 11,
      "case_unknown": 5,
      "no_pin": 3
    },
    "temporal": {}
  },
  "baseline": {
    "drafts": 6,
    "abstained": 0,
    "citations_total": 20,
    "cite_verdicts": {
      "not_found": 2,
      "exists": 18
    },
    "existence_rate_pooled": 0.9,
    "quote_verdicts": {
      "accurate": 3,
      "near_miss": 3,
      "inaccurate": 5,
      "unverifiable": 1
    },
    "pin_verdicts": {
      "case_unknown": 1,
      "in_range": 8,
      "out_of_range": 1,
      "no_pin": 10
    },
    "temporal": {}
  },
  "quota": {
    "drafts": 5,
    "abstained": 0,
    "citations_total": 36,
    "cite_verdicts": {
      "exists": 30,
      "not_found": 5,
      "unresolvable": 1
    },
    "existence_rate_pooled": 0.857,
    "quote_verdicts": {
      "inaccurate": 12,
      "accurate": 1,
      "near_miss": 3,
      "unverifiable": 2
    },
    "pin_verdicts": {
      "in_range": 25,
      "out_of_range": 4,
      "case_unknown": 6,
      "no_pin": 1
    },
    "temporal": {}
  }
}
total cost $2.8071
