1992-109 baseline  cites=  9 exist=1.0 unres=0.0 quotes=0 cost=$0.0082
1992-109 quota     cites= 16 exist=1.0 unres=0.0 quotes=4 cost=$0.0141
1992-109 temporal  cites= 11 exist=1.0 unres=0.0 quotes=1 cost=$0.0188
1992-109 stakes    cites= 19 exist=1.0 unres=0.0 quotes=4 cost=$0.0243
1992-109 combo     cites= 17 exist=1.0 unres=0.0 quotes=1 cost=$0.0296
2015-055 baseline  cites=  8 exist=1.0 unres=0.0 quotes=4 cost=$0.0376
2015-055 quota     cites=  8 exist=1.0 unres=0.0 quotes=5 cost=$0.0426
2015-055 temporal  cites= 10 exist=1.0 unres=0.0 quotes=0 cost=$0.0472
2015-055 stakes    cites=  8 exist=1.0 unres=0.0 quotes=7 cost=$0.0528
2015-055 combo     cites= 22 exist=1.0 unres=0.0 quotes=0 cost=$0.0583
1997-033 baseline  cites=  5 exist=1.0 unres=0.0 quotes=3 cost=$0.0648
1997-033 quota     cites= 12 exist=1.0 unres=0.0 quotes=2 cost=$0.0705
1997-033 temporal  cites=  8 exist=1.0 unres=0.0 quotes=2 cost=$0.0754
1997-033 stakes    cites=  6 exist=1.0 unres=0.0 quotes=3 cost=$0.0803
1997-033 combo     cites= 17 exist=1.0 unres=0.0 quotes=5 cost=$0.0854
2012-031 baseline  cites=  8 exist=1.0 unres=0.0 quotes=1 cost=$0.0945
2012-031 quota     cites=  9 exist=1.0 unres=0.0 quotes=0 cost=$0.1003
2012-031 temporal  cites=  9 exist=0.8889 unres=0.0 quotes=1 cost=$0.1057
2012-031 stakes    cites=  5 exist=1.0 unres=0.0 quotes=1 cost=$0.1114
2012-031 combo     cites= 19 exist=0.7895 unres=0.0 quotes=1 cost=$0.1169
1992-086 baseline  cites=  7 exist=1.0 unres=0.0 quotes=1 cost=$0.1248
1992-086 quota     cites= 12 exist=1.0 unres=0.0 quotes=2 cost=$0.1303
1992-086 temporal  cites= 10 exist=1.0 unres=0.0 quotes=2 cost=$0.1352
1992-086 stakes    cites=  6 exist=1.0 unres=0.0 quotes=1 cost=$0.1399
1992-086 combo     cites= 20 exist=1.0 unres=0.0 quotes=0 cost=$0.1454
1997-100 baseline  cites= 17 exist=0.8824 unres=0.0 quotes=3 cost=$0.1544
1997-100 quota     cites= 18 exist=1.0 unres=0.0 quotes=4 cost=$0.1602
1997-100 temporal  cites=  9 exist=0.8889 unres=0.0 quotes=1 cost=$0.1652
1997-100 stakes    cites= 12 exist=1.0 unres=0.0 quotes=6 cost=$0.1709
1997-100 combo     cites= 11 exist=1.0 unres=0.0 quotes=3 cost=$0.1764
2019-024 baseline  cites=  7 exist=1.0 unres=0.0 quotes=2 cost=$0.1855
2019-024 quota     cites= 12 exist=0.6667 unres=0.0 quotes=1 cost=$0.1917
2019-024 temporal  cites= 10 exist=0.8 unres=0.0 quotes=3 cost=$0.1978
2019-024 stakes    cites= 11 exist=1.0 unres=0.0 quotes=5 cost=$0.2034
2019-024 combo     cites= 15 exist=0.7333 unres=0.0 quotes=4 cost=$0.2092
1997-044 baseline  cites=  5 exist=1.0 unres=0.0 quotes=2 cost=$0.2177
1997-044 quota     cites=  8 exist=1.0 unres=0.0 quotes=3 cost=$0.2237
1997-044 temporal  cites=  5 exist=1.0 unres=0.0 quotes=1 cost=$0.2286
1997-044 stakes    cites=  4 exist=1.0 unres=0.0 quotes=2 cost=$0.2338
1997-044 combo     cites= 14 exist=0.7143 unres=0.0 quotes=2 cost=$0.2390
2020-060 baseline  cites= 10 exist=0.9 unres=0.0 quotes=0 cost=$0.2480
2020-060 quota     cites= 14 exist=0.9286 unres=0.0 quotes=1 cost=$0.2551
2020-060 temporal  cites= 11 exist=1.0 unres=0.0 quotes=1 cost=$0.2598
2020-060 stakes    cites=  6 exist=0.8333 unres=0.0 quotes=3 cost=$0.2654
2020-060 combo     cites= 19 exist=0.9474 unres=0.0 quotes=0 cost=$0.2724
2015-066 baseline  cites= 35 exist=1.0 unres=0.0 quotes=1 cost=$0.2821
2015-066 quota     cites= 12 exist=1.0 unres=0.0 quotes=2 cost=$0.2885
2015-066 temporal  cites= 16 exist=1.0 unres=0.0 quotes=2 cost=$0.2931
2015-066 stakes    cites= 13 exist=1.0 unres=0.0 quotes=3 cost=$0.2984
2015-066 combo     cites= 21 exist=1.0 unres=0.0 quotes=1 cost=$0.3044
2018-070 baseline  cites=  7 exist=1.0 unres=0.0 quotes=5 cost=$0.3135
2018-070 quota     cites= 11 exist=0.9091 unres=0.0 quotes=2 cost=$0.3198
2018-070 temporal  cites=  7 exist=0.8571 unres=0.0 quotes=2 cost=$0.3253
2018-070 stakes    cites=  9 exist=0.8889 unres=0.0 quotes=0 cost=$0.3316
2018-070 combo     cites= 10 exist=1.0 unres=0.0 quotes=2 cost=$0.3368
2020-012 baseline  cites= 10 exist=1.0 unres=0.0 quotes=2 cost=$0.3427
2020-012 quota     cites= 11 exist=0.9091 unres=0.0 quotes=3 cost=$0.3492
2020-012 temporal  cites= 11 exist=0.8182 unres=0.0 quotes=0 cost=$0.3544
2020-012 stakes    cites=  8 exist=1.0 unres=0.0 quotes=2 cost=$0.3600
2020-012 combo     cites= 12 exist=1.0 unres=0.0 quotes=0 cost=$0.3666
{
  "stakes": {
    "drafts": 12,
    "abstained": 0,
    "citations_total": 107,
    "cite_verdicts": {
      "exists": 105,
      "not_found": 2
    },
    "existence_rate_pooled": 0.981,
    "quote_verdicts": {
      "accurate": 16,
      "near_miss": 5,
      "inaccurate": 8,
      "unverifiable": 8
    },
    "pin_verdicts": {
      "no_pin": 40,
      "in_range": 62,
      "out_of_range": 3,
      "case_unknown": 2
    },
    "temporal": {}
  },
  "quota": {
    "drafts": 12,
    "abstained": 0,
    "citations_total": 143,
    "cite_verdicts": {
      "exists": 136,
      "not_found": 7
    },
    "existence_rate_pooled": 0.951,
    "quote_verdicts": {
      "inaccurate": 9,
      "accurate": 10,
      "near_miss": 6,
      "unverifiable": 4
    },
    "pin_verdicts": {
      "no_pin": 45,
      "in_range": 90,
      "case_unknown": 6,
      "out_of_range": 2
    },
    "temporal": {}
  },
  "baseline": {
    "drafts": 12,
    "abstained": 0,
    "citations_total": 128,
    "cite_verdicts": {
      "exists": 125,
      "not_found": 3
    },
    "existence_rate_pooled": 0.977,
    "quote_verdicts": {
      "near_miss": 5,
      "accurate": 12,
      "inaccurate": 4,
      "unverifiable": 3
    },
    "pin_verdicts": {
      "in_range": 60,
      "no_pin": 65,
      "out_of_range": 3
    },
    "temporal": {}
  },
  "temporal": {
    "drafts": 12,
    "abstained": 0,
    "citations_total": 117,
    "cite_verdicts": {
      "exists": 110,
      "not_found": 7
    },
    "existence_rate_pooled": 0.94,
    "quote_verdicts": {
      "accurate": 6,
      "inaccurate": 4,
      "near_miss": 5,
      "unverifiable": 1
    },
    "pin_verdicts": {
      "no_pin": 68,
      "in_range": 43,
      "out_of_range": 3,
      "case_unknown": 3
    },
    "temporal": {
      "checked": 117,
      "violated": 6
    }
  },
  "combo": {
    "drafts": 12,
    "abstained": 0,
    "citations_total": 197,
    "cite_verdicts": {
      "exists": 184,
      "not_found": 13
    },
    "existence_rate_pooled": 0.934,
    "quote_verdicts": {
      "accurate": 6,
      "inaccurate": 6,
      "near_miss": 4,
      "unverifiable": 3
    },
    "pin_verdicts": {
      "no_pin": 160,
      "in_range": 33,
      "in_range_unbounded": 2,
      "out_of_range": 1,
      "case_unknown": 1
    },
    "temporal": {
      "checked": 197,
      "violated": 14
    }
  }
}
total cost $0.3666
1992-109 baseline  cites= 23 exist=0.913 unres=0.0 quotes=3 cost=$0.0005
1992-109 quota     cites= 24 exist=0.9167 unres=0.0 quotes=3 cost=$0.0011
1992-109 temporal  cites= 11 exist=0.9091 unres=0.0 quotes=9 cost=$0.0016
1992-109 stakes    cites= 18 exist=0.8889 unres=0.0 quotes=3 cost=$0.0022
1992-109 combo     cites= 12 exist=0.9167 unres=0.0 quotes=6 cost=$0.0027
2015-055 baseline  cites=  6 exist=1.0 unres=0.0 quotes=5 cost=$0.0032
2015-055 quota     cites= 10 exist=0.875 unres=0.2 quotes=10 cost=$0.0037
2015-055 temporal  cites= 13 exist=0.6154 unres=0.0 quotes=8 cost=$0.0043
2015-055 stakes    cites= 11 exist=0.9091 unres=0.0 quotes=2 cost=$0.0048
2015-055 combo     cites=  8 exist=0.875 unres=0.0 quotes=9 cost=$0.0053
1997-033 baseline  cites=  7 exist=1.0 unres=0.0 quotes=4 cost=$0.0057
1997-033 quota     cites=  7 exist=0.7143 unres=0.0 quotes=5 cost=$0.0061
1997-033 temporal  cites=  6 exist=0.8333 unres=0.0 quotes=6 cost=$0.0066
1997-033 stakes    cites=  7 exist=1.0 unres=0.0 quotes=6 cost=$0.0070
1997-033 combo     cites=  6 exist=0.8333 unres=0.0 quotes=4 cost=$0.0074
2012-031 baseline  cites=  4 exist=0.75 unres=0.0 quotes=1 cost=$0.0079
2012-031 quota     cites=  7 exist=0.8571 unres=0.0 quotes=7 cost=$0.0084
2012-031 temporal  cites=  5 exist=0.8 unres=0.0 quotes=3 cost=$0.0089
2012-031 stakes    cites=  7 exist=0.8571 unres=0.0 quotes=4 cost=$0.0095
2012-031 combo     cites=  4 exist=0.5 unres=0.0 quotes=4 cost=$0.0100
1992-086 baseline  cites=  5 exist=1.0 unres=0.0 quotes=3 cost=$0.0105
1992-086 quota     cites=  9 exist=1.0 unres=0.0 quotes=3 cost=$0.0110
1992-086 temporal  cites=  6 exist=1.0 unres=0.0 quotes=3 cost=$0.0115
1992-086 stakes    cites=  6 exist=1.0 unres=0.0 quotes=5 cost=$0.0120
1992-086 combo     cites=  5 exist=1.0 unres=0.0 quotes=7 cost=$0.0125
1997-100 baseline  cites=  6 exist=1.0 unres=0.0 quotes=3 cost=$0.0130
1997-100 quota     cites= 10 exist=1.0 unres=0.0 quotes=6 cost=$0.0136
1997-100 temporal  cites=  6 exist=1.0 unres=0.0 quotes=9 cost=$0.0141
1997-100 stakes    cites=  6 exist=1.0 unres=0.0 quotes=8 cost=$0.0146
1997-100 combo     cites= 11 exist=1.0 unres=0.0 quotes=8 cost=$0.0152
2019-024 baseline  cites=  3 exist=1.0 unres=0.0 quotes=6 cost=$0.0157
2019-024 quota     cites=  6 exist=0.75 unres=0.3333 quotes=3 cost=$0.0162
2019-024 temporal  cites=  3 exist=0.0 unres=0.0 quotes=0 cost=$0.0168
2019-024 stakes    cites=  4 exist=1.0 unres=0.0 quotes=6 cost=$0.0178
2019-024 combo     cites=  8 exist=0.625 unres=0.0 quotes=5 cost=$0.0183
1997-044 baseline  cites=  9 exist=0.7778 unres=0.0 quotes=5 cost=$0.0189
1997-044 quota     cites=  8 exist=0.875 unres=0.0 quotes=9 cost=$0.0199
1997-044 temporal  cites=  2 exist=0.0 unres=0.0 quotes=0 cost=$0.0215
1997-044 stakes    cites=  9 exist=0.7778 unres=0.0 quotes=3 cost=$0.0226
1997-044 combo     cites=  1 exist=0.0 unres=0.0 quotes=0 cost=$0.0236
2020-060 baseline  cites=  7 exist=0.8571 unres=0.0 quotes=6 cost=$0.0247
2020-060 quota     cites=  8 exist=0.625 unres=0.0 quotes=11 cost=$0.0253
2020-060 temporal  cites=  4 exist=0.25 unres=0.0 quotes=2 cost=$0.0264
2020-060 stakes    cites=  8 exist=0.5 unres=0.0 quotes=5 cost=$0.0275
2020-060 combo     cites=  5 exist=0.4 unres=0.0 quotes=6 cost=$0.0281
2015-066 baseline  cites= 19 exist=1.0 unres=0.0 quotes=5 cost=$0.0292
2015-066 quota     cites= 26 exist=1.0 unres=0.0 quotes=7 cost=$0.0303
2015-066 temporal  cites=  5 exist=0.8 unres=0.0 quotes=4 cost=$0.0308
2015-066 stakes    cites= 10 exist=1.0 unres=0.0 quotes=8 cost=$0.0319
2015-066 combo     cites=  7 exist=0.1429 unres=0.0 quotes=2 cost=$0.0330
2018-070 baseline  cites=  5 exist=1.0 unres=0.0 quotes=5 cost=$0.0346
2018-070 quota     cites=  7 exist=0.8571 unres=0.0 quotes=7 cost=$0.0358
2018-070 temporal  cites=  3 exist=0.6667 unres=0.0 quotes=2 cost=$0.0369
2018-070 stakes    cites= 15 exist=0.9333 unres=0.0 quotes=4 cost=$0.0380
2018-070 combo     cites=  6 exist=1.0 unres=0.0 quotes=6 cost=$0.0391
2020-012 baseline  cites=  5 exist=1.0 unres=0.0 quotes=5 cost=$0.0394
2020-012 quota     cites= 11 exist=1.0 unres=0.0 quotes=11 cost=$0.0402
2020-012 temporal  cites=  2 exist=1.0 unres=0.0 quotes=4 cost=$0.0408
2020-012 stakes    cites=  6 exist=1.0 unres=0.0 quotes=5 cost=$0.0418
2020-012 combo     cites=  5 exist=0.8 unres=0.0 quotes=4 cost=$0.0422
{
  "baseline": {
    "drafts": 12,
    "abstained": 0,
    "citations_total": 99,
    "cite_verdicts": {
      "exists": 93,
      "not_found": 6
    },
    "existence_rate_pooled": 0.939,
    "quote_verdicts": {
      "near_miss": 18,
      "inaccurate": 9,
      "unverifiable": 17,
      "accurate": 7
    },
    "pin_verdicts": {
      "in_range": 53,
      "no_pin": 39,
      "case_unknown": 3,
      "out_of_range": 4
    },
    "temporal": {}
  },
  "stakes": {
    "drafts": 12,
    "abstained": 0,
    "citations_total": 107,
    "cite_verdicts": {
      "exists": 96,
      "not_found": 11
    },
    "existence_rate_pooled": 0.897,
    "quote_verdicts": {
      "inaccurate": 17,
      "near_miss": 17,
      "accurate": 13,
      "unverifiable": 12
    },
    "pin_verdicts": {
      "in_range": 55,
      "no_pin": 40,
      "out_of_range": 3,
      "case_unknown": 9
    },
    "temporal": {}
  },
  "quota": {
    "drafts": 12,
    "abstained": 0,
    "citations_total": 133,
    "cite_verdicts": {
      "exists": 117,
      "not_found": 12,
      "unresolvable": 4
    },
    "existence_rate_pooled": 0.907,
    "quote_verdicts": {
      "near_miss": 16,
      "inaccurate": 31,
      "accurate": 10,
      "unverifiable": 25
    },
    "pin_verdicts": {
      "in_range": 69,
      "no_pin": 46,
      "out_of_range": 5,
      "case_unknown": 11
    },
    "temporal": {}
  },
  "temporal": {
    "drafts": 12,
    "abstained": 0,
    "citations_total": 66,
    "cite_verdicts": {
      "exists": 48,
      "not_found": 18
    },
    "existence_rate_pooled": 0.727,
    "quote_verdicts": {
      "near_miss": 15,
      "unverifiable": 10,
      "accurate": 2,
      "inaccurate": 23
    },
    "pin_verdicts": {
      "in_range": 22,
      "no_pin": 40,
      "case_unknown": 4
    },
    "temporal": {
      "checked": 66,
      "violated": 12
    }
  },
  "combo": {
    "drafts": 12,
    "abstained": 0,
    "citations_total": 78,
    "cite_verdicts": {
      "not_found": 19,
      "exists": 59
    },
    "existence_rate_pooled": 0.756,
    "quote_verdicts": {
      "near_miss": 15,
      "inaccurate": 29,
      "unverifiable": 16,
      "accurate": 1
    },
    "pin_verdicts": {
      "case_unknown": 14,
      "in_range": 32,
      "no_pin": 29,
      "in_range_unbounded": 3
    },
    "temporal": {
      "checked": 78,
      "violated": 13
    }
  }
}
total cost $0.0422
2019-024 baseline  cites=  3 exist=1.0 unres=0.0 quotes=6 cost=$0.0162
2019-024 quota     cites=  6 exist=0.75 unres=0.3333 quotes=3 cost=$0.0162
2019-024 temporal  cites=  5 exist=0.2 unres=0.0 quotes=0 cost=$0.0173
2019-024 stakes    cites=  5 exist=0.8 unres=0.0 quotes=4 cost=$0.0194
2019-024 combo     cites=  8 exist=0.625 unres=0.0 quotes=5 cost=$0.0194
1997-044 baseline  cites=  9 exist=0.7778 unres=0.0 quotes=5 cost=$0.0194
1997-044 quota     cites= 12 exist=0.8333 unres=0.0 quotes=4 cost=$0.0205
1997-044 temporal  cites=  2 exist=0.0 unres=0.0 quotes=0 cost=$0.0210
1997-044 stakes    cites=  9 exist=0.8889 unres=0.0 quotes=4 cost=$0.0220
1997-044 combo     cites=  4 exist=0.25 unres=0.0 quotes=1 cost=$0.0231
2020-060 baseline  cites=  6 exist=0.5 unres=0.0 quotes=1 cost=$0.0242
2020-060 quota     cites=  6 exist=0.6667 unres=0.0 quotes=6 cost=$0.0259
2020-060 temporal  cites=  2 exist=0.5 unres=0.0 quotes=2 cost=$0.0270
2020-060 stakes    cites=  6 exist=0.6667 unres=0.0 quotes=8 cost=$0.0286
2020-060 combo     cites=  5 exist=0.4 unres=0.0 quotes=6 cost=$0.0286
2015-066 baseline  cites= 19 exist=1.0 unres=0.0 quotes=4 cost=$0.0297
2015-066 quota     cites= 23 exist=1.0 unres=0.0 quotes=5 cost=$0.0313
2015-066 temporal  cites=  5 exist=0.8 unres=0.0 quotes=4 cost=$0.0313
2015-066 stakes    cites=  7 exist=1.0 unres=0.0 quotes=2 cost=$0.0324
2015-066 combo     cites= 11 exist=0.9091 unres=0.0 quotes=11 cost=$0.0335
2018-070 baseline  cites=  6 exist=1.0 unres=0.0 quotes=5 cost=$0.0341
2018-070 quota     cites=  6 exist=0.8333 unres=0.0 quotes=6 cost=$0.0352
2018-070 temporal  cites=  3 exist=1.0 unres=0.0 quotes=3 cost=$0.0363
2018-070 stakes    cites= 15 exist=0.9333 unres=0.0 quotes=2 cost=$0.0374
2018-070 combo     cites=  3 exist=0.6667 unres=0.0 quotes=4 cost=$0.0391
2020-012 baseline  cites=  8 exist=1.0 unres=0.0 quotes=0 cost=$0.0398
2020-012 quota     cites= 11 exist=0.9091 unres=0.0 quotes=15 cost=$0.0405
2020-012 temporal  cites=  4 exist=1.0 unres=0.0 quotes=4 cost=$0.0411
2020-012 stakes    cites=  5 exist=1.0 unres=0.0 quotes=5 cost=$0.0415
2020-012 combo     cites= 37 exist=1.0 unres=0.0 quotes=0 cost=$0.0425
{
  "quota": {
    "drafts": 6,
    "abstained": 0,
    "citations_total": 64,
    "cite_verdicts": {
      "exists": 55,
      "not_found": 7,
      "unresolvable": 2
    },
    "existence_rate_pooled": 0.887,
    "quote_verdicts": {
      "unverifiable": 17,
      "accurate": 3,
      "inaccurate": 12,
      "near_miss": 7
    },
    "pin_verdicts": {
      "out_of_range": 3,
      "case_unknown": 9,
      "no_pin": 26,
      "in_range": 26
    },
    "temporal": {}
  },
  "baseline": {
    "drafts": 6,
    "abstained": 0,
    "citations_total": 51,
    "cite_verdicts": {
      "exists": 46,
      "not_found": 5
    },
    "existence_rate_pooled": 0.902,
    "quote_verdicts": {
      "unverifiable": 10,
      "inaccurate": 8,
      "near_miss": 2,
      "accurate": 1
    },
    "pin_verdicts": {
      "out_of_range": 3,
      "in_range": 22,
      "no_pin": 23,
      "case_unknown": 3
    },
    "temporal": {}
  },
  "stakes": {
    "drafts": 6,
    "abstained": 0,
    "citations_total": 47,
    "cite_verdicts": {
      "not_found": 5,
      "exists": 42
    },
    "existence_rate_pooled": 0.894,
    "quote_verdicts": {
      "unverifiable": 11,
      "inaccurate": 7,
      "near_miss": 6,
      "accurate": 1
    },
    "pin_verdicts": {
      "case_unknown": 4,
      "no_pin": 21,
      "out_of_range": 1,
      "in_range": 21
    },
    "temporal": {}
  },
  "combo": {
    "drafts": 6,
    "abstained": 0,
    "citations_total": 68,
    "cite_verdicts": {
      "exists": 57,
      "not_found": 11
    },
    "existence_rate_pooled": 0.838,
    "quote_verdicts": {
      "inaccurate": 12,
      "unverifiable": 9,
      "accurate": 3,
      "near_miss": 3
    },
    "pin_verdicts": {
      "no_pin": 14,
      "in_range": 48,
      "case_unknown": 6
    },
    "temporal": {
      "checked": 68,
      "violated": 8
    }
  },
  "temporal": {
    "drafts": 6,
    "abstained": 0,
    "citations_total": 21,
    "cite_verdicts": {
      "not_found": 8,
      "exists": 13
    },
    "existence_rate_pooled": 0.619,
    "quote_verdicts": {
      "inaccurate": 8,
      "near_miss": 4,
      "unverifiable": 1
    },
    "pin_verdicts": {
      "no_pin": 13,
      "case_unknown": 3,
      "in_range": 5
    },
    "temporal": {
      "checked": 21,
      "violated": 3
    }
  }
}
total cost $0.0425
1992-109 baseline  cites=  9 exist=1.0 unres=0.0 quotes=4 cost=$0.0383
1992-109 quota     cites=  9 exist=1.0 unres=0.0 quotes=4 cost=$0.0759
1992-109 temporal  cites=  8 exist=1.0 unres=0.0 quotes=6 cost=$0.1197
1992-109 stakes    cites= 10 exist=1.0 unres=0.0 quotes=7 cost=$0.1580
1992-109 combo     cites=  8 exist=1.0 unres=0.0 quotes=5 cost=$0.2415
2015-055 baseline  cites=  8 exist=1.0 unres=0.0 quotes=11 cost=$0.2949
2015-055 quota     cites= 11 exist=1.0 unres=0.0 quotes=9 cost=$0.3453
2015-055 temporal  cites=  7 exist=1.0 unres=0.0 quotes=2 cost=$0.4221
2015-055 stakes    cites=  5 exist=1.0 unres=0.0 quotes=12 cost=$0.4826
2015-055 combo     cites=  9 exist=1.0 unres=0.0 quotes=6 cost=$0.5711
1997-033 baseline  cites=  7 exist=1.0 unres=0.0 quotes=6 cost=$0.6014
1997-033 quota     cites= 11 exist=1.0 unres=0.0 quotes=14 cost=$0.6435
1997-033 temporal  cites=  8 exist=1.0 unres=0.0 quotes=7 cost=$0.7072
1997-033 stakes    cites=  8 exist=1.0 unres=0.0 quotes=6 cost=$0.7375
1997-033 combo     cites=  8 exist=1.0 unres=0.0 quotes=6 cost=$0.8420
2012-031 baseline  cites=  6 exist=1.0 unres=0.0 quotes=8 cost=$0.8798
2012-031 quota     cites= 10 exist=1.0 unres=0.0 quotes=15 cost=$0.9266
2012-031 temporal  cites=  7 exist=1.0 unres=0.0 quotes=9 cost=$0.9933
2012-031 stakes    cites=  7 exist=1.0 unres=0.0 quotes=10 cost=$1.0403
2012-031 combo     cites= 10 exist=1.0 unres=0.0 quotes=6 cost=$1.1438
1992-086 baseline  cites=  4 exist=1.0 unres=0.0 quotes=3 cost=$1.2448
1992-086 quota     cites=  8 exist=1.0 unres=0.0 quotes=8 cost=$1.3240
1992-086 temporal  cites=  9 exist=1.0 unres=0.0 quotes=6 cost=$1.4329
1992-086 stakes    cites=  4 exist=1.0 unres=0.0 quotes=3 cost=$1.4700
1992-086 combo     cites=  9 exist=1.0 unres=0.0 quotes=5 cost=$1.6730
1997-100 baseline  cites=  9 exist=1.0 unres=0.0 quotes=8 cost=$1.7098
1997-100 quota     cites=  8 exist=1.0 unres=0.0 quotes=5 cost=$1.7489
1997-100 temporal  cites=  7 exist=1.0 unres=0.0 quotes=5 cost=$1.9353
1997-100 stakes    cites=  9 exist=1.0 unres=0.0 quotes=6 cost=$2.0111
1997-100 combo     cites=  9 exist=1.0 unres=0.0 quotes=4 cost=$2.1343
2019-024 baseline  cites=  5 exist=1.0 unres=0.0 quotes=7 cost=$2.1343
2019-024 quota     cites=  9 exist=1.0 unres=0.0 quotes=7 cost=$2.1343
2019-024 temporal  cites=  9 exist=1.0 unres=0.0 quotes=4 cost=$2.1343
2019-024 stakes    cites=  6 exist=1.0 unres=0.0 quotes=11 cost=$2.1343
2019-024 combo     cites=  8 exist=1.0 unres=0.0 quotes=8 cost=$2.1343
1997-044 baseline  cites=  4 exist=1.0 unres=0.0 quotes=7 cost=$2.1343
1997-044 quota     cites=  9 exist=1.0 unres=0.0 quotes=16 cost=$2.1343
1997-044 temporal  cites=  6 exist=1.0 unres=0.0 quotes=5 cost=$2.2033
1997-044 stakes    cites=  6 exist=1.0 unres=0.0 quotes=6 cost=$2.3418
1997-044 combo     cites=  9 exist=1.0 unres=0.0 quotes=8 cost=$2.4448
2020-060 baseline  cites=  8 exist=1.0 unres=0.0 quotes=10 cost=$2.4840
2020-060 quota     cites= 10 exist=1.0 unres=0.0 quotes=10 cost=$2.6637
2020-060 temporal  cites=  9 exist=1.0 unres=0.0 quotes=9 cost=$2.7899
2020-060 stakes    cites=  5 exist=1.0 unres=0.0 quotes=5 cost=$2.9383
empty completion draft:2020-060:combo (attempt 1)
2020-060 combo     cites=  7 exist=1.0 unres=0.0 quotes=2 cost=$3.5184
2015-066 baseline  cites=  8 exist=1.0 unres=0.0 quotes=6 cost=$3.5184
2015-066 quota     cites= 12 exist=1.0 unres=0.0 quotes=10 cost=$3.5184
2015-066 temporal  cites=  8 exist=1.0 unres=0.0 quotes=10 cost=$3.6700
2015-066 stakes    cites=  9 exist=1.0 unres=0.0 quotes=9 cost=$3.7099
2015-066 combo     cites= 11 exist=1.0 unres=0.0 quotes=8 cost=$3.8562
2018-070 baseline  cites=  4 exist=1.0 unres=0.0 quotes=9 cost=$3.9852
2018-070 quota     cites=  7 exist=1.0 unres=0.0 quotes=8 cost=$4.0703
2018-070 temporal  cites=  5 exist=1.0 unres=0.0 quotes=4 cost=$4.2061
2018-070 stakes    cites=  4 exist=1.0 unres=0.0 quotes=4 cost=$4.2642
2018-070 combo     cites=  9 exist=1.0 unres=0.0 quotes=6 cost=$4.4411
2020-012 baseline  cites=  9 exist=1.0 unres=0.0 quotes=4 cost=$4.5659
2020-012 quota     cites= 11 exist=1.0 unres=0.0 quotes=7 cost=$4.6333
2020-012 temporal  cites=  4 exist=1.0 unres=0.0 quotes=3 cost=$4.7926
2020-012 stakes    cites=  9 exist=1.0 unres=0.0 quotes=5 cost=$4.8196
2020-012 combo     cites= 10 exist=1.0 unres=0.0 quotes=2 cost=$4.9574
{
  "stakes": {
    "drafts": 12,
    "abstained": 0,
    "citations_total": 82,
    "cite_verdicts": {
      "exists": 82
    },
    "existence_rate_pooled": 1.0,
    "quote_verdicts": {
      "accurate": 24,
      "inaccurate": 28,
      "near_miss": 22,
      "unverifiable": 10
    },
    "pin_verdicts": {
      "no_pin": 48,
      "in_range": 34
    },
    "temporal": {}
  },
  "temporal": {
    "drafts": 12,
    "abstained": 0,
    "citations_total": 87,
    "cite_verdicts": {
      "exists": 87
    },
    "existence_rate_pooled": 1.0,
    "quote_verdicts": {
      "accurate": 28,
      "inaccurate": 26,
      "near_miss": 13,
      "unverifiable": 3
    },
    "pin_verdicts": {
      "no_pin": 53,
      "in_range": 34
    },
    "temporal": {
      "checked": 87,
      "violated": 1
    }
  },
  "combo": {
    "drafts": 12,
    "abstained": 0,
    "citations_total": 107,
    "cite_verdicts": {
      "exists": 107
    },
    "existence_rate_pooled": 1.0,
    "quote_verdicts": {
      "inaccurate": 26,
      "accurate": 28,
      "near_miss": 7,
      "unverifiable": 5
    },
    "pin_verdicts": {
      "no_pin": 71,
      "in_range": 36
    },
    "temporal": {
      "checked": 107,
      "violated": 0
    }
  },
  "quota": {
    "drafts": 12,
    "abstained": 0,
    "citations_total": 115,
    "cite_verdicts": {
      "exists": 115
    },
    "existence_rate_pooled": 1.0,
    "quote_verdicts": {
      "inaccurate": 58,
      "accurate": 27,
      "near_miss": 21,
      "unverifiable": 7
    },
    "pin_verdicts": {
      "in_range": 59,
      "no_pin": 56
    },
    "temporal": {}
  },
  "baseline": {
    "drafts": 12,
    "abstained": 0,
    "citations_total": 81,
    "cite_verdicts": {
      "exists": 81
    },
    "existence_rate_pooled": 1.0,
    "quote_verdicts": {
      "inaccurate": 43,
      "near_miss": 13,
      "accurate": 21,
      "unverifiable": 6
    },
    "pin_verdicts": {
      "out_of_range": 3,
      "in_range": 36,
      "no_pin": 42
    },
    "temporal": {}
  }
}
total cost $4.9574
2019-024 baseline  cites=  5 exist=1.0 unres=0.0 quotes=7 cost=$1.0780
2019-024 quota     cites=  9 exist=1.0 unres=0.0 quotes=7 cost=$1.2105
2019-024 temporal  cites=  9 exist=1.0 unres=0.0 quotes=4 cost=$1.2838
2019-024 stakes    cites=  6 exist=1.0 unres=0.0 quotes=11 cost=$1.3629
empty completion draft:2019-024:combo (attempt 1)
2019-024 combo     cites=  8 exist=1.0 unres=0.0 quotes=8 cost=$1.8692
1997-044 baseline  cites=  4 exist=1.0 unres=0.0 quotes=7 cost=$1.9709
1997-044 quota     cites=  9 exist=1.0 unres=0.0 quotes=16 cost=$2.0765
1997-044 temporal  cites=  5 exist=1.0 unres=0.0 quotes=2 cost=$2.3418
1997-044 stakes    cites=  6 exist=1.0 unres=0.0 quotes=6 cost=$2.3418
1997-044 combo     cites= 10 exist=1.0 unres=0.0 quotes=3 cost=$2.6121
2020-060 baseline  cites=  8 exist=1.0 unres=0.0 quotes=10 cost=$2.6121
2020-060 quota     cites=  9 exist=1.0 unres=0.0 quotes=6 cost=$2.7233
2020-060 temporal  cites=  9 exist=1.0 unres=0.0 quotes=4 cost=$2.8762
2020-060 stakes    cites=  7 exist=1.0 unres=0.0 quotes=5 cost=$3.0027
2020-060 combo     cites=  2 exist=1.0 unres=0.0 quotes=1 cost=$3.2767
2015-066 baseline  cites=  8 exist=1.0 unres=0.0 quotes=6 cost=$3.3367
2015-066 quota     cites= 12 exist=1.0 unres=0.0 quotes=10 cost=$3.3814
2015-066 temporal  cites=  6 exist=1.0 unres=0.0 quotes=9 cost=$3.6103
2015-066 stakes    cites=  9 exist=1.0 unres=0.0 quotes=3 cost=$3.7699
2015-066 combo     cites= 12 exist=1.0 unres=0.0 quotes=6 cost=$3.9438
2018-070 baseline  cites=  3 exist=1.0 unres=0.0 quotes=8 cost=$4.0237
2018-070 quota     cites=  7 exist=1.0 unres=0.0 quotes=9 cost=$4.1509
2018-070 temporal  cites=  3 exist=1.0 unres=0.0 quotes=4 cost=$4.3427
2018-070 stakes    cites=  4 exist=1.0 unres=0.0 quotes=4 cost=$4.3427
2018-070 combo     cites=  8 exist=1.0 unres=0.0 quotes=6 cost=$4.5378
2020-012 baseline  cites=  9 exist=1.0 unres=0.0 quotes=5 cost=$4.5945
2020-012 quota     cites=  9 exist=1.0 unres=0.0 quotes=3 cost=$4.6923
2020-012 temporal  cites= 10 exist=1.0 unres=0.0 quotes=4 cost=$4.7175
2020-012 stakes    cites=  9 exist=1.0 unres=0.0 quotes=5 cost=$4.8770
empty completion draft:2020-012:combo (attempt 1)
2020-012 combo     cites= 10 exist=1.0 unres=0.0 quotes=2 cost=$5.0835
{
  "stakes": {
    "drafts": 6,
    "abstained": 0,
    "citations_total": 41,
    "cite_verdicts": {
      "exists": 41
    },
    "existence_rate_pooled": 1.0,
    "quote_verdicts": {
      "inaccurate": 12,
      "near_miss": 9,
      "unverifiable": 10,
      "accurate": 3
    },
    "pin_verdicts": {
      "in_range": 24,
      "no_pin": 15,
      "out_of_range": 2
    },
    "temporal": {}
  },
  "temporal": {
    "drafts": 6,
    "abstained": 0,
    "citations_total": 42,
    "cite_verdicts": {
      "exists": 42
    },
    "existence_rate_pooled": 1.0,
    "quote_verdicts": {
      "near_miss": 1,
      "accurate": 10,
      "inaccurate": 14,
      "unverifiable": 2
    },
    "pin_verdicts": {
      "in_range": 19,
      "no_pin": 23
    },
    "temporal": {
      "checked": 42,
      "violated": 1
    }
  },
  "quota": {
    "drafts": 6,
    "abstained": 0,
    "citations_total": 55,
    "cite_verdicts": {
      "exists": 55
    },
    "existence_rate_pooled": 1.0,
    "quote_verdicts": {
      "near_miss": 8,
      "unverifiable": 6,
      "accurate": 8,
      "inaccurate": 29
    },
    "pin_verdicts": {
      "in_range": 39,
      "no_pin": 14,
      "out_of_range": 2
    },
    "temporal": {}
  },
  "baseline": {
    "drafts": 6,
    "abstained": 0,
    "citations_total": 37,
    "cite_verdicts": {
      "exists": 37
    },
    "existence_rate_pooled": 1.0,
    "quote_verdicts": {
      "inaccurate": 23,
      "accurate": 13,
      "unverifiable": 4,
      "near_miss": 3
    },
    "pin_verdicts": {
      "in_range": 20,
      "no_pin": 15,
      "out_of_range": 2
    },
    "temporal": {}
  },
  "combo": {
    "drafts": 6,
    "abstained": 0,
    "citations_total": 50,
    "cite_verdicts": {
      "exists": 50
    },
    "existence_rate_pooled": 1.0,
    "quote_verdicts": {
      "inaccurate": 9,
      "unverifiable": 3,
      "accurate": 11,
      "near_miss": 3
    },
    "pin_verdicts": {
      "in_range": 13,
      "no_pin": 37
    },
    "temporal": {
      "checked": 50,
      "violated": 0
    }
  }
}
total cost $5.0835
2019-024 baseline  cites=  7 exist=1.0 unres=0.0 quotes=7 cost=$0.0164
2019-024 quota     cites= 10 exist=1.0 unres=0.0 quotes=4 cost=$0.0190
2019-024 temporal  cites=  7 exist=1.0 unres=0.0 quotes=4 cost=$0.0199
2019-024 stakes    cites=  9 exist=1.0 unres=0.0 quotes=7 cost=$0.0222
2019-024 combo     cites=  8 exist=1.0 unres=0.0 quotes=8 cost=$0.0248
1997-044 baseline  cites=  7 exist=1.0 unres=0.1429 quotes=6 cost=$0.0259
1997-044 quota     cites=  9 exist=1.0 unres=0.0 quotes=4 cost=$0.0274
1997-044 temporal  cites=  7 exist=0.8571 unres=0.0 quotes=7 cost=$0.0334
1997-044 stakes    cites=  5 exist=1.0 unres=0.0 quotes=2 cost=$0.0375
1997-044 combo     cites= 11 exist=0.9091 unres=0.0 quotes=8 cost=$0.0390
2020-060 baseline  cites=  4 exist=1.0 unres=0.0 quotes=5 cost=$0.0400
empty completion draft:2020-060:quota (attempt 1)
2020-060 quota     cites=  9 exist=1.0 unres=0.0 quotes=3 cost=$0.1771
2020-060 temporal  cites=  9 exist=0.8889 unres=0.0 quotes=2 cost=$0.1771
2020-060 stakes    cites=  6 exist=1.0 unres=0.0 quotes=5 cost=$0.1771
2020-060 combo     cites= 11 exist=1.0 unres=0.0 quotes=9 cost=$0.1771
2015-066 baseline  cites= 10 exist=1.0 unres=0.0 quotes=5 cost=$0.1771
2015-066 quota     cites= 16 exist=1.0 unres=0.0 quotes=9 cost=$0.1771
2015-066 temporal  cites=  6 exist=1.0 unres=0.0 quotes=6 cost=$0.1771
2015-066 stakes    cites=  9 exist=1.0 unres=0.0 quotes=5 cost=$0.1771
2015-066 combo     cites=  9 exist=1.0 unres=0.0 quotes=1 cost=$0.1771
2018-070 baseline  cites=  7 exist=1.0 unres=0.0 quotes=9 cost=$0.1771
2018-070 quota     cites=  8 exist=1.0 unres=0.0 quotes=4 cost=$0.1771
2018-070 temporal  cites=  3 exist=1.0 unres=0.0 quotes=4 cost=$0.1771
2018-070 stakes    cites=  5 exist=1.0 unres=0.2 quotes=6 cost=$0.1789
2018-070 combo     cites= 11 exist=1.0 unres=0.0 quotes=8 cost=$0.1820
2020-012 baseline  cites= 11 exist=1.0 unres=0.0 quotes=2 cost=$0.1831
2020-012 quota     cites= 11 exist=1.0 unres=0.0 quotes=1 cost=$0.1855
2020-012 temporal  cites=  7 exist=0.8571 unres=0.0 quotes=5 cost=$0.1860
2020-012 stakes    cites=  9 exist=1.0 unres=0.0 quotes=4 cost=$0.1863
2020-012 combo     cites= 11 exist=0.8182 unres=0.0 quotes=5 cost=$0.1922
{
  "stakes": {
    "drafts": 6,
    "abstained": 0,
    "citations_total": 43,
    "cite_verdicts": {
      "exists": 42,
      "unresolvable": 1
    },
    "existence_rate_pooled": 1.0,
    "quote_verdicts": {
      "unverifiable": 9,
      "inaccurate": 7,
      "near_miss": 5,
      "accurate": 8
    },
    "pin_verdicts": {
      "no_pin": 10,
      "in_range": 29,
      "out_of_range": 3,
      "case_unknown": 1
    },
    "temporal": {}
  },
  "baseline": {
    "drafts": 6,
    "abstained": 0,
    "citations_total": 46,
    "cite_verdicts": {
      "exists": 45,
      "unresolvable": 1
    },
    "existence_rate_pooled": 1.0,
    "quote_verdicts": {
      "accurate": 10,
      "inaccurate": 5,
      "unverifiable": 8,
      "near_miss": 11
    },
    "pin_verdicts": {
      "in_range": 28,
      "no_pin": 16,
      "out_of_range": 2
    },
    "temporal": {}
  },
  "quota": {
    "drafts": 6,
    "abstained": 0,
    "citations_total": 63,
    "cite_verdicts": {
      "exists": 63
    },
    "existence_rate_pooled": 1.0,
    "quote_verdicts": {
      "unverifiable": 7,
      "inaccurate": 5,
      "accurate": 8,
      "near_miss": 5
    },
    "pin_verdicts": {
      "out_of_range": 4,
      "no_pin": 14,
      "in_range": 45
    },
    "temporal": {}
  },
  "temporal": {
    "drafts": 6,
    "abstained": 0,
    "citations_total": 39,
    "cite_verdicts": {
      "exists": 36,
      "not_found": 3
    },
    "existence_rate_pooled": 0.923,
    "quote_verdicts": {
      "inaccurate": 12,
      "near_miss": 4,
      "unverifiable": 7,
      "accurate": 5
    },
    "pin_verdicts": {
      "in_range": 31,
      "case_unknown": 3,
      "no_pin": 5
    },
    "temporal": {
      "checked": 39,
      "violated": 3
    }
  },
  "combo": {
    "drafts": 6,
    "abstained": 0,
    "citations_total": 61,
    "cite_verdicts": {
      "exists": 58,
      "not_found": 3
    },
    "existence_rate_pooled": 0.951,
    "quote_verdicts": {
      "unverifiable": 14,
      "inaccurate": 14,
      "accurate": 2,
      "near_miss": 9
    },
    "pin_verdicts": {
      "in_range": 36,
      "out_of_range": 7,
      "case_unknown": 3,
      "no_pin": 15
    },
    "temporal": {
      "checked": 61,
      "violated": 0
    }
  }
}
total cost $0.1922
1992-109 baseline  cites=  7 exist=1.0 unres=0.0 quotes=4 cost=$0.0017
1992-109 quota     cites= 10 exist=1.0 unres=0.0 quotes=3 cost=$0.0030
1992-109 temporal  cites=  4 exist=1.0 unres=0.0 quotes=2 cost=$0.0038
1992-109 stakes    cites=  6 exist=1.0 unres=0.0 quotes=4 cost=$0.0073
1992-109 combo     cites=  9 exist=1.0 unres=0.0 quotes=9 cost=$0.0089
2015-055 baseline  cites=  8 exist=1.0 unres=0.0 quotes=8 cost=$0.0094
2015-055 quota     cites=  7 exist=1.0 unres=0.1429 quotes=1 cost=$0.0109
2015-055 temporal  cites=  4 exist=1.0 unres=0.0 quotes=7 cost=$0.0115
2015-055 stakes    cites= 10 exist=1.0 unres=0.0 quotes=14 cost=$0.0120
2015-055 combo     cites=  9 exist=1.0 unres=0.0 quotes=9 cost=$0.0129
1997-033 baseline  cites=  8 exist=1.0 unres=0.0 quotes=7 cost=$0.0138
1997-033 quota     cites= 14 exist=0.9286 unres=0.0 quotes=10 cost=$0.0152
1997-033 temporal  cites= 11 exist=0.9091 unres=0.0 quotes=4 cost=$0.0168
1997-033 stakes    cites=  6 exist=1.0 unres=0.0 quotes=7 cost=$0.0194
1997-033 combo     cites=  9 exist=0.8889 unres=0.0 quotes=7 cost=$0.0214
2012-031 baseline  cites=  6 exist=1.0 unres=0.0 quotes=5 cost=$0.0234
2012-031 quota     cites= 12 exist=1.0 unres=0.0 quotes=9 cost=$0.0253
2012-031 temporal  cites=  6 exist=0.8333 unres=0.0 quotes=5 cost=$0.0281
2012-031 stakes    cites=  7 exist=1.0 unres=0.0 quotes=6 cost=$0.0293
2012-031 combo     cites=  9 exist=1.0 unres=0.0 quotes=4 cost=$0.0307
1992-086 baseline  cites=  6 exist=1.0 unres=0.0 quotes=5 cost=$0.0319
1992-086 quota     cites=  8 exist=1.0 unres=0.0 quotes=9 cost=$0.0329
1992-086 temporal  cites=  8 exist=1.0 unres=0.0 quotes=10 cost=$0.0342
1992-086 stakes    cites=  6 exist=1.0 unres=0.0 quotes=4 cost=$0.0348
1992-086 combo     cites= 13 exist=1.0 unres=0.0 quotes=14 cost=$0.0364
1997-100 baseline  cites=  9 exist=0.8889 unres=0.0 quotes=8 cost=$0.0369
1997-100 quota     cites= 11 exist=1.0 unres=0.0 quotes=6 cost=$0.0405
1997-100 temporal  cites=  6 exist=1.0 unres=0.0 quotes=3 cost=$0.0420
1997-100 stakes    cites=  7 exist=1.0 unres=0.0 quotes=7 cost=$0.0423
1997-100 combo     cites= 11 exist=1.0 unres=0.0 quotes=15 cost=$0.0430
2019-024 baseline  cites=  7 exist=1.0 unres=0.0 quotes=7 cost=$0.0430
2019-024 quota     cites= 10 exist=1.0 unres=0.0 quotes=4 cost=$0.0430
2019-024 temporal  cites=  7 exist=1.0 unres=0.0 quotes=4 cost=$0.0430
2019-024 stakes    cites=  9 exist=1.0 unres=0.0 quotes=7 cost=$0.0430
2019-024 combo     cites=  8 exist=1.0 unres=0.0 quotes=8 cost=$0.0430
1997-044 baseline  cites=  7 exist=1.0 unres=0.1429 quotes=6 cost=$0.0430
1997-044 quota     cites=  9 exist=1.0 unres=0.0 quotes=4 cost=$0.0430
1997-044 temporal  cites=  7 exist=0.8571 unres=0.0 quotes=7 cost=$0.0430
1997-044 stakes    cites=  5 exist=1.0 unres=0.0 quotes=2 cost=$0.0430
1997-044 combo     cites= 11 exist=0.9091 unres=0.0 quotes=8 cost=$0.0430
2020-060 baseline  cites=  4 exist=1.0 unres=0.0 quotes=5 cost=$0.0430
2020-060 quota     cites=  9 exist=1.0 unres=0.0 quotes=3 cost=$0.0443
2020-060 temporal  cites=  9 exist=0.8889 unres=0.0 quotes=2 cost=$0.0452
2020-060 stakes    cites=  6 exist=1.0 unres=0.0 quotes=5 cost=$0.0464
empty completion draft:2020-060:combo (attempt 1)
2020-060 combo     cites= 11 exist=1.0 unres=0.0 quotes=9 cost=$0.0521
2015-066 baseline  cites= 10 exist=1.0 unres=0.0 quotes=5 cost=$0.0534
2015-066 quota     cites= 16 exist=1.0 unres=0.0 quotes=9 cost=$0.0547
2015-066 temporal  cites=  6 exist=1.0 unres=0.0 quotes=6 cost=$0.0562
2015-066 stakes    cites=  9 exist=1.0 unres=0.0 quotes=5 cost=$0.0616
2015-066 combo     cites=  9 exist=1.0 unres=0.0 quotes=1 cost=$0.0646
2018-070 baseline  cites=  7 exist=1.0 unres=0.0 quotes=9 cost=$0.0653
2018-070 quota     cites=  8 exist=1.0 unres=0.0 quotes=4 cost=$0.0677
2018-070 temporal  cites=  3 exist=1.0 unres=0.0 quotes=4 cost=$0.0688
2018-070 stakes    cites=  4 exist=1.0 unres=0.0 quotes=5 cost=$0.1794
2018-070 combo     cites=  8 exist=1.0 unres=0.0 quotes=7 cost=$0.1841
2020-012 baseline  cites= 11 exist=1.0 unres=0.0 quotes=2 cost=$0.1841
2020-012 quota     cites= 10 exist=1.0 unres=0.0 quotes=8 cost=$0.1850
2020-012 temporal  cites= 11 exist=1.0 unres=0.0 quotes=1 cost=$0.1913
2020-012 stakes    cites=  9 exist=1.0 unres=0.0 quotes=4 cost=$0.1913
2020-012 combo     cites= 10 exist=1.0 unres=0.0 quotes=6 cost=$0.1929
{
  "stakes": {
    "drafts": 12,
    "abstained": 0,
    "citations_total": 84,
    "cite_verdicts": {
      "exists": 84
    },
    "existence_rate_pooled": 1.0,
    "quote_verdicts": {
      "accurate": 17,
      "near_miss": 18,
      "inaccurate": 19,
      "unverifiable": 16
    },
    "pin_verdicts": {
      "in_range": 64,
      "no_pin": 17,
      "out_of_range": 3
    },
    "temporal": {}
  },
  "quota": {
    "drafts": 12,
    "abstained": 0,
    "citations_total": 124,
    "cite_verdicts": {
      "exists": 122,
      "unresolvable": 1,
      "not_found": 1
    },
    "existence_rate_pooled": 0.992,
    "quote_verdicts": {
      "near_miss": 15,
      "accurate": 18,
      "inaccurate": 16,
      "unverifiable": 21
    },
    "pin_verdicts": {
      "in_range": 93,
      "no_pin": 24,
      "out_of_range": 5,
      "case_unknown": 1
    },
    "temporal": {}
  },
  "combo": {
    "drafts": 12,
    "abstained": 0,
    "citations_total": 117,
    "cite_verdicts": {
      "exists": 115,
      "not_found": 2
    },
    "existence_rate_pooled": 0.983,
    "quote_verdicts": {
      "accurate": 20,
      "inaccurate": 30,
      "near_miss": 33,
      "unverifiable": 14
    },
    "pin_verdicts": {
      "no_pin": 35,
      "in_range": 71,
      "case_unknown": 2,
      "out_of_range": 8,
      "in_range_unbounded": 1
    },
    "temporal": {
      "checked": 117,
      "violated": 4
    }
  },
  "temporal": {
    "drafts": 12,
    "abstained": 0,
    "citations_total": 82,
    "cite_verdicts": {
      "exists": 78,
      "not_found": 4
    },
    "existence_rate_pooled": 0.951,
    "quote_verdicts": {
      "accurate": 15,
      "inaccurate": 24,
      "near_miss": 11,
      "unverifiable": 5
    },
    "pin_verdicts": {
      "in_range": 57,
      "no_pin": 20,
      "out_of_range": 1,
      "case_unknown": 4
    },
    "temporal": {
      "checked": 82,
      "violated": 7
    }
  },
  "baseline": {
    "drafts": 12,
    "abstained": 0,
    "citations_total": 90,
    "cite_verdicts": {
      "exists": 88,
      "not_found": 1,
      "unresolvable": 1
    },
    "existence_rate_pooled": 0.989,
    "quote_verdicts": {
      "accurate": 29,
      "near_miss": 18,
      "inaccurate": 12,
      "unverifiable": 12
    },
    "pin_verdicts": {
      "in_range": 60,
      "no_pin": 26,
      "out_of_range": 3,
      "case_unknown": 1
    },
    "temporal": {}
  }
}
total cost $0.1929
2015-066 baseline  cites= 35 exist=1.0 unres=0.0 quotes=1 cost=$0.3666
2015-066 quota     cites= 12 exist=1.0 unres=0.0 quotes=2 cost=$0.3666
2015-066 temporal  cites= 16 exist=1.0 unres=0.0 quotes=2 cost=$0.3666
2015-066 stakes    cites= 13 exist=1.0 unres=0.0 quotes=3 cost=$0.3666
2015-066 combo     cites= 21 exist=1.0 unres=0.0 quotes=1 cost=$0.3666
2015-038 baseline  cites=  7 exist=1.0 unres=0.0 quotes=2 cost=$0.4034
2015-038 quota     cites= 15 exist=1.0 unres=0.0 quotes=5 cost=$0.4213
2015-038 temporal  cites=  7 exist=1.0 unres=0.0 quotes=0 cost=$0.4377
2015-038 stakes    cites= 10 exist=1.0 unres=0.0 quotes=2 cost=$0.4646
2015-038 combo     cites= 11 exist=0.9091 unres=0.0 quotes=0 cost=$0.4847
2020-058 baseline  cites= 12 exist=1.0 unres=0.0 quotes=2 cost=$0.5181
2020-058 quota     cites= 10 exist=1.0 unres=0.0 quotes=7 cost=$0.5325
2020-058 temporal  cites= 13 exist=0.8462 unres=0.0 quotes=4 cost=$0.5512
2020-058 stakes    cites= 10 exist=1.0 unres=0.0 quotes=8 cost=$0.5737
2020-058 combo     cites= 17 exist=1.0 unres=0.0 quotes=4 cost=$0.5963
2020-005 baseline  cites=  8 exist=1.0 unres=0.0 quotes=8 cost=$0.6232
2020-005 quota     cites= 13 exist=0.9167 unres=0.0769 quotes=5 cost=$0.6517
2020-005 temporal  cites= 13 exist=1.0 unres=0.0 quotes=3 cost=$0.6777
2020-005 stakes    cites=  6 exist=1.0 unres=0.0 quotes=4 cost=$0.6946
2020-005 combo     cites= 15 exist=1.0 unres=0.0 quotes=4 cost=$0.7157
2018-070 baseline  cites=  7 exist=1.0 unres=0.0 quotes=5 cost=$0.7157
2018-070 quota     cites= 11 exist=0.9091 unres=0.0 quotes=2 cost=$0.7157
2018-070 temporal  cites=  7 exist=0.8571 unres=0.0 quotes=2 cost=$0.7157
2018-070 stakes    cites=  9 exist=0.8889 unres=0.0 quotes=0 cost=$0.7157
2018-070 combo     cites= 10 exist=1.0 unres=0.0 quotes=2 cost=$0.7157
2016-067 baseline  cites= 13 exist=0.9231 unres=0.0 quotes=6 cost=$0.7430
2016-067 quota     cites=  7 exist=1.0 unres=0.0 quotes=4 cost=$0.7685
2016-067 temporal  cites= 11 exist=0.8182 unres=0.0 quotes=3 cost=$0.7997
2016-067 stakes    cites=  6 exist=1.0 unres=0.0 quotes=5 cost=$0.8202
2016-067 combo     cites= 18 exist=0.8333 unres=0.0 quotes=4 cost=$0.8421
1999-033 baseline  cites= 12 exist=1.0 unres=0.0 quotes=4 cost=$0.8648
1999-033 quota     cites= 11 exist=0.9091 unres=0.0 quotes=3 cost=$0.8948
1999-033 temporal  cites=  9 exist=1.0 unres=0.0 quotes=2 cost=$0.9216
1999-033 stakes    cites= 12 exist=1.0 unres=0.0 quotes=3 cost=$0.9380
1999-033 combo     cites= 15 exist=1.0 unres=0.0 quotes=3 cost=$0.9621
1990-114 baseline  cites= 16 exist=1.0 unres=0.0 quotes=5 cost=$0.9830
1990-114 quota     cites= 21 exist=1.0 unres=0.0 quotes=4 cost=$1.0081
1990-114 temporal  cites= 14 exist=1.0 unres=0.0 quotes=0 cost=$1.0358
1990-114 stakes    cites= 14 exist=1.0 unres=0.0 quotes=2 cost=$1.0471
1990-114 combo     cites= 25 exist=0.96 unres=0.0 quotes=1 cost=$1.0696
2020-012 baseline  cites= 10 exist=1.0 unres=0.0 quotes=2 cost=$1.0696
2020-012 quota     cites= 11 exist=0.9091 unres=0.0 quotes=3 cost=$1.0696
2020-012 temporal  cites= 11 exist=0.8182 unres=0.0 quotes=0 cost=$1.0696
2020-012 stakes    cites=  8 exist=1.0 unres=0.0 quotes=2 cost=$1.0696
2020-012 combo     cites= 12 exist=1.0 unres=0.0 quotes=0 cost=$1.0696
2020-067 baseline  cites= 10 exist=0.8889 unres=0.1 quotes=2 cost=$1.0894
2020-067 quota     cites= 12 exist=0.9167 unres=0.0 quotes=4 cost=$1.1129
2020-067 temporal  cites= 15 exist=0.8 unres=0.0 quotes=7 cost=$1.1401
2020-067 stakes    cites= 11 exist=0.9 unres=0.0909 quotes=2 cost=$1.1673
2020-067 combo     cites= 13 exist=1.0 unres=0.0 quotes=3 cost=$1.1910
2016-063 baseline  cites=  7 exist=1.0 unres=0.0 quotes=2 cost=$1.2224
2016-063 quota     cites=  8 exist=1.0 unres=0.0 quotes=1 cost=$1.2399
2016-063 temporal  cites= 14 exist=1.0 unres=0.0 quotes=1 cost=$1.2845
2016-063 stakes    cites= 10 exist=1.0 unres=0.0 quotes=4 cost=$1.3046
2016-063 combo     cites= 14 exist=0.8571 unres=0.0 quotes=0 cost=$1.3267
1994-059 baseline  cites=  7 exist=1.0 unres=0.0 quotes=0 cost=$1.3599
1994-059 quota     cites=  8 exist=0.875 unres=0.0 quotes=1 cost=$1.3851
1994-059 temporal  cites=  8 exist=1.0 unres=0.0 quotes=2 cost=$1.4113
1994-059 stakes    cites=  9 exist=1.0 unres=0.0 quotes=3 cost=$1.4346
1994-059 combo     cites= 13 exist=0.9231 unres=0.0 quotes=1 cost=$1.4564
{
  "combo": {
    "drafts": 12,
    "abstained": 0,
    "citations_total": 184,
    "cite_verdicts": {
      "exists": 176,
      "not_found": 8
    },
    "existence_rate_pooled": 0.957,
    "quote_verdicts": {
      "near_miss": 4,
      "unverifiable": 4,
      "inaccurate": 9,
      "accurate": 6
    },
    "pin_verdicts": {
      "no_pin": 129,
      "in_range": 44,
      "case_unknown": 4,
      "out_of_range": 7
    },
    "temporal": {
      "checked": 184,
      "violated": 8
    }
  },
  "quota": {
    "drafts": 12,
    "abstained": 0,
    "citations_total": 139,
    "cite_verdicts": {
      "exists": 132,
      "not_found": 6,
      "unresolvable": 1
    },
    "existence_rate_pooled": 0.957,
    "quote_verdicts": {
      "inaccurate": 8,
      "near_miss": 4,
      "accurate": 14,
      "unverifiable": 15
    },
    "pin_verdicts": {
      "in_range": 75,
      "no_pin": 59,
      "case_unknown": 2,
      "out_of_range": 2
    },
    "temporal": {}
  },
  "baseline": {
    "drafts": 12,
    "abstained": 0,
    "citations_total": 144,
    "cite_verdicts": {
      "exists": 141,
      "not_found": 2,
      "unresolvable": 1
    },
    "existence_rate_pooled": 0.986,
    "quote_verdicts": {
      "inaccurate": 7,
      "accurate": 18,
      "near_miss": 5,
      "unverifiable": 9
    },
    "pin_verdicts": {
      "in_range": 90,
      "no_pin": 48,
      "case_unknown": 2,
      "out_of_range": 3
    },
    "temporal": {}
  },
  "temporal": {
    "drafts": 12,
    "abstained": 0,
    "citations_total": 138,
    "cite_verdicts": {
      "exists": 128,
      "not_found": 10
    },
    "existence_rate_pooled": 0.928,
    "quote_verdicts": {
      "accurate": 4,
      "inaccurate": 11,
      "unverifiable": 4,
      "near_miss": 7
    },
    "pin_verdicts": {
      "no_pin": 76,
      "in_range": 54,
      "case_unknown": 7,
      "out_of_range": 1
    },
    "temporal": {
      "checked": 138,
      "violated": 12
    }
  },
  "stakes": {
    "drafts": 12,
    "abstained": 0,
    "citations_total": 118,
    "cite_verdicts": {
      "exists": 115,
      "not_found": 2,
      "unresolvable": 1
    },
    "existence_rate_pooled": 0.983,
    "quote_verdicts": {
      "inaccurate": 4,
      "accurate": 9,
      "unverifiable": 22,
      "near_miss": 3
    },
    "pin_verdicts": {
      "no_pin": 48,
      "in_range": 66,
      "case_unknown": 1,
      "out_of_range": 2
    },
    "temporal": {}
  }
}
total cost $1.4564
2012-031 baseline  cites=  8 exist=1.0 unres=0.0 quotes=1 cost=$0.3666
2012-031 quota     cites=  9 exist=1.0 unres=0.0 quotes=0 cost=$0.3666
2012-031 temporal  cites=  9 exist=0.8889 unres=0.0 quotes=1 cost=$0.3666
2012-031 stakes    cites=  5 exist=1.0 unres=0.0 quotes=1 cost=$0.3666
2012-031 combo     cites= 19 exist=0.7895 unres=0.0 quotes=1 cost=$0.3666
2011-010 baseline  cites=  8 exist=0.875 unres=0.0 quotes=5 cost=$0.3939
2011-010 quota     cites=  9 exist=1.0 unres=0.0 quotes=3 cost=$0.4155
2011-010 temporal  cites= 10 exist=0.9 unres=0.0 quotes=0 cost=$0.4431
2011-010 stakes    cites=  8 exist=1.0 unres=0.0 quotes=4 cost=$0.4591
2011-010 combo     cites= 12 exist=1.0 unres=0.0 quotes=0 cost=$0.4794
2005-074 baseline  cites=  5 exist=1.0 unres=0.0 quotes=2 cost=$0.5001
2005-074 quota     cites=  7 exist=1.0 unres=0.0 quotes=4 cost=$0.5396
2005-074 temporal  cites=  9 exist=1.0 unres=0.0 quotes=1 cost=$0.5624
2005-074 stakes    cites=  4 exist=1.0 unres=0.0 quotes=2 cost=$0.5904
2005-074 combo     cites= 11 exist=1.0 unres=0.0 quotes=4 cost=$0.6081
2001-013 baseline  cites= 10 exist=0.8 unres=0.0 quotes=0 cost=$0.6375
2001-013 quota     cites= 14 exist=0.9286 unres=0.0 quotes=4 cost=$0.6659
2001-013 temporal  cites= 10 exist=0.8 unres=0.0 quotes=3 cost=$0.6890
2001-013 stakes    cites=  7 exist=1.0 unres=0.0 quotes=4 cost=$0.7105
2001-013 combo     cites= 16 exist=0.75 unres=0.0 quotes=2 cost=$0.7335
1992-086 baseline  cites=  7 exist=1.0 unres=0.0 quotes=1 cost=$0.7335
1992-086 quota     cites= 12 exist=1.0 unres=0.0 quotes=2 cost=$0.7335
1992-086 temporal  cites= 10 exist=1.0 unres=0.0 quotes=2 cost=$0.7335
1992-086 stakes    cites=  6 exist=1.0 unres=0.0 quotes=1 cost=$0.7335
1992-086 combo     cites= 20 exist=1.0 unres=0.0 quotes=0 cost=$0.7335
2010-046 baseline  cites=  5 exist=1.0 unres=0.0 quotes=4 cost=$0.7623
2010-046 quota     cites=  8 exist=1.0 unres=0.0 quotes=1 cost=$0.7892
2010-046 temporal  cites=  6 exist=1.0 unres=0.0 quotes=2 cost=$0.8101
2010-046 stakes    cites= 10 exist=1.0 unres=0.0 quotes=3 cost=$0.8305
2010-046 combo     cites= 19 exist=1.0 unres=0.0 quotes=1 cost=$0.8519
2012-006 baseline  cites= 13 exist=1.0 unres=0.0 quotes=2 cost=$0.8800
2012-006 quota     cites= 22 exist=1.0 unres=0.0 quotes=0 cost=$0.9103
2012-006 temporal  cites=  6 exist=1.0 unres=0.0 quotes=1 cost=$0.9320
2012-006 stakes    cites= 12 exist=1.0 unres=0.0 quotes=3 cost=$0.9497
2012-006 combo     cites= 13 exist=1.0 unres=0.0 quotes=0 cost=$0.9737
1998-026 baseline  cites=  5 exist=1.0 unres=0.0 quotes=1 cost=$1.0012
1998-026 quota     cites= 10 exist=0.9 unres=0.0 quotes=3 cost=$1.0316
1998-026 temporal  cites=  9 exist=1.0 unres=0.0 quotes=5 cost=$1.0588
1998-026 stakes    cites=  9 exist=1.0 unres=0.0 quotes=0 cost=$1.0800
1998-026 combo     cites= 14 exist=1.0 unres=0.0 quotes=0 cost=$1.1074
1997-100 baseline  cites= 17 exist=0.8824 unres=0.0 quotes=3 cost=$1.1074
1997-100 quota     cites= 18 exist=1.0 unres=0.0 quotes=4 cost=$1.1074
1997-100 temporal  cites=  9 exist=0.8889 unres=0.0 quotes=1 cost=$1.1074
1997-100 stakes    cites= 12 exist=1.0 unres=0.0 quotes=6 cost=$1.1074
1997-100 combo     cites= 11 exist=1.0 unres=0.0 quotes=3 cost=$1.1074
2000-071 baseline  cites= 12 exist=1.0 unres=0.0 quotes=5 cost=$1.1274
2000-071 quota     cites=  9 exist=1.0 unres=0.0 quotes=6 cost=$1.1611
2000-071 temporal  cites= 10 exist=1.0 unres=0.0 quotes=1 cost=$1.1851
2000-071 stakes    cites=  5 exist=1.0 unres=0.0 quotes=4 cost=$1.2078
2000-071 combo     cites= 16 exist=1.0 unres=0.0625 quotes=1 cost=$1.2336
2012-029 baseline  cites=  8 exist=1.0 unres=0.0 quotes=5 cost=$1.2612
2012-029 quota     cites= 21 exist=1.0 unres=0.0476 quotes=2 cost=$1.2917
2012-029 temporal  cites=  8 exist=1.0 unres=0.0 quotes=2 cost=$1.3170
2012-029 stakes    cites=  4 exist=1.0 unres=0.0 quotes=1 cost=$1.3170
2012-029 combo     cites= 14 exist=0.9286 unres=0.0 quotes=1 cost=$1.3446
1999-051 baseline  cites=  8 exist=1.0 unres=0.0 quotes=1 cost=$1.3726
1999-051 quota     cites=  9 exist=1.0 unres=0.0 quotes=2 cost=$1.4061
1999-051 temporal  cites= 14 exist=0.9286 unres=0.0 quotes=1 cost=$1.4222
1999-051 stakes    cites=  8 exist=1.0 unres=0.0 quotes=6 cost=$1.4450
1999-051 combo     cites= 13 exist=0.9231 unres=0.0 quotes=1 cost=$1.4616
{
  "quota": {
    "drafts": 12,
    "abstained": 0,
    "citations_total": 148,
    "cite_verdicts": {
      "exists": 145,
      "not_found": 2,
      "unresolvable": 1
    },
    "existence_rate_pooled": 0.986,
    "quote_verdicts": {
      "inaccurate": 7,
      "near_miss": 8,
      "accurate": 14,
      "unverifiable": 2
    },
    "pin_verdicts": {
      "in_range": 74,
      "no_pin": 71,
      "out_of_range": 3
    },
    "temporal": {}
  },
  "temporal": {
    "drafts": 12,
    "abstained": 0,
    "citations_total": 110,
    "cite_verdicts": {
      "exists": 104,
      "not_found": 6
    },
    "existence_rate_pooled": 0.945,
    "quote_verdicts": {
      "near_miss": 3,
      "inaccurate": 9,
      "unverifiable": 2,
      "accurate": 6
    },
    "pin_verdicts": {
      "in_range": 67,
      "case_unknown": 2,
      "no_pin": 40,
      "out_of_range": 1
    },
    "temporal": {
      "checked": 110,
      "violated": 6
    }
  },
  "combo": {
    "drafts": 12,
    "abstained": 0,
    "citations_total": 178,
    "cite_verdicts": {
      "exists": 167,
      "not_found": 10,
      "unresolvable": 1
    },
    "existence_rate_pooled": 0.944,
    "quote_verdicts": {
      "inaccurate": 8,
      "near_miss": 2,
      "accurate": 4
    },
    "pin_verdicts": {
      "no_pin": 102,
      "in_range": 67,
      "out_of_range": 3,
      "case_unknown": 5
    },
    "temporal": {
      "checked": 177,
      "violated": 19
    }
  },
  "baseline": {
    "drafts": 12,
    "abstained": 0,
    "citations_total": 106,
    "cite_verdicts": {
      "exists": 101,
      "not_found": 5
    },
    "existence_rate_pooled": 0.953,
    "quote_verdicts": {
      "near_miss": 11,
      "accurate": 11,
      "inaccurate": 6,
      "unverifiable": 2
    },
    "pin_verdicts": {
      "in_range": 64,
      "no_pin": 40,
      "case_unknown": 1,
      "out_of_range": 1
    },
    "temporal": {}
  },
  "stakes": {
    "drafts": 12,
    "abstained": 0,
    "citations_total": 90,
    "cite_verdicts": {
      "exists": 90
    },
    "existence_rate_pooled": 1.0,
    "quote_verdicts": {
      "accurate": 12,
      "inaccurate": 12,
      "unverifiable": 2,
      "near_miss": 9
    },
    "pin_verdicts": {
      "in_range": 59,
      "no_pin": 31
    },
    "temporal": {}
  }
}
total cost $1.4616
2019-024 baseline  cites=  7 exist=1.0 unres=0.0 quotes=2 cost=$0.3666
2019-024 quota     cites= 12 exist=0.6667 unres=0.0 quotes=1 cost=$0.3666
2019-024 temporal  cites= 10 exist=0.8 unres=0.0 quotes=3 cost=$0.3666
2019-024 stakes    cites= 11 exist=1.0 unres=0.0 quotes=5 cost=$0.3666
2019-024 combo     cites= 15 exist=0.7333 unres=0.0 quotes=4 cost=$0.3666
2011-027 baseline  cites=  9 exist=1.0 unres=0.0 quotes=5 cost=$0.3939
2011-027 quota     cites= 17 exist=1.0 unres=0.0 quotes=4 cost=$0.4089
2011-027 temporal  cites=  9 exist=1.0 unres=0.0 quotes=5 cost=$0.4335
2011-027 stakes    cites= 15 exist=1.0 unres=0.0 quotes=7 cost=$0.4591
2011-027 combo     cites= 10 exist=1.0 unres=0.0 quotes=4 cost=$0.4748
2016-001 baseline  cites=  8 exist=1.0 unres=0.0 quotes=2 cost=$0.5181
2016-001 quota     cites=  8 exist=1.0 unres=0.0 quotes=0 cost=$0.5567
2016-001 temporal  cites= 10 exist=1.0 unres=0.0 quotes=3 cost=$0.5794
2016-001 stakes    cites=  7 exist=1.0 unres=0.0 quotes=3 cost=$0.6022
2016-001 combo     cites= 13 exist=0.9231 unres=0.0 quotes=1 cost=$0.6293
2010-065 baseline  cites= 12 exist=1.0 unres=0.0 quotes=4 cost=$0.6603
2010-065 quota     cites= 20 exist=0.95 unres=0.0 quotes=2 cost=$0.6839
2010-065 temporal  cites= 10 exist=1.0 unres=0.0 quotes=4 cost=$0.7048
2010-065 stakes    cites= 12 exist=1.0 unres=0.0 quotes=1 cost=$0.7274
2010-065 combo     cites=  9 exist=1.0 unres=0.0 quotes=2 cost=$0.7543
1997-044 baseline  cites=  5 exist=1.0 unres=0.0 quotes=2 cost=$0.7543
1997-044 quota     cites=  8 exist=1.0 unres=0.0 quotes=3 cost=$0.7543
1997-044 temporal  cites=  5 exist=1.0 unres=0.0 quotes=1 cost=$0.7543
1997-044 stakes    cites=  4 exist=1.0 unres=0.0 quotes=2 cost=$0.7543
1997-044 combo     cites= 14 exist=0.7143 unres=0.0 quotes=2 cost=$0.7543
2001-070 baseline  cites= 10 exist=1.0 unres=0.0 quotes=2 cost=$0.7834
2001-070 quota     cites=  9 exist=1.0 unres=0.0 quotes=4 cost=$0.8052
2001-070 temporal  cites=  9 exist=1.0 unres=0.0 quotes=2 cost=$0.8252
2001-070 stakes    cites=  9 exist=1.0 unres=0.0 quotes=1 cost=$0.8471
2001-070 combo     cites= 20 exist=1.0 unres=0.0 quotes=3 cost=$0.8711
2000-087 baseline  cites=  7 exist=1.0 unres=0.0 quotes=3 cost=$0.9045
2000-087 quota     cites= 17 exist=1.0 unres=0.0 quotes=2 cost=$0.9272
2000-087 temporal  cites= 13 exist=1.0 unres=0.0 quotes=2 cost=$0.9559
2000-087 stakes    cites=  1 exist=1.0 unres=0.0 quotes=0 cost=$0.9621
2000-087 combo     cites= 17 exist=1.0 unres=0.0 quotes=1 cost=$0.9953
2013-068 baseline  cites= 10 exist=0.9 unres=0.0 quotes=0 cost=$1.0265
2013-068 quota     cites= 17 exist=0.9412 unres=0.0 quotes=1 cost=$1.0538
2013-068 temporal  cites=  8 exist=1.0 unres=0.0 quotes=1 cost=$1.0754
2013-068 stakes    cites= 15 exist=0.9333 unres=0.0 quotes=1 cost=$1.0956
2013-068 combo     cites= 13 exist=1.0 unres=0.0 quotes=1 cost=$1.1187
2020-060 baseline  cites= 10 exist=0.9 unres=0.0 quotes=0 cost=$1.1187
2020-060 quota     cites= 14 exist=0.9286 unres=0.0 quotes=1 cost=$1.1187
2020-060 temporal  cites= 11 exist=1.0 unres=0.0 quotes=1 cost=$1.1187
2020-060 stakes    cites=  6 exist=0.8333 unres=0.0 quotes=3 cost=$1.1187
2020-060 combo     cites= 19 exist=0.9474 unres=0.0 quotes=0 cost=$1.1187
2003-043 baseline  cites=  9 exist=0.8889 unres=0.0 quotes=4 cost=$1.1542
2003-043 quota     cites= 10 exist=0.8 unres=0.0 quotes=2 cost=$1.1729
2003-043 temporal  cites=  9 exist=0.7778 unres=0.0 quotes=3 cost=$1.2017
2003-043 stakes    cites=  5 exist=1.0 unres=0.0 quotes=1 cost=$1.2277
2003-043 combo     cites= 14 exist=1.0 unres=0.0 quotes=3 cost=$1.2466
2010-026 baseline  cites=  6 exist=1.0 unres=0.0 quotes=4 cost=$1.2795
2010-026 quota     cites= 10 exist=1.0 unres=0.0 quotes=7 cost=$1.3116
2010-026 temporal  cites=  5 exist=1.0 unres=0.0 quotes=4 cost=$1.3217
2010-026 stakes    cites=  5 exist=1.0 unres=0.0 quotes=4 cost=$1.3384
2010-026 combo     cites= 16 exist=0.625 unres=0.0 quotes=2 cost=$1.3658
2015-007 baseline  cites= 16 exist=1.0 unres=0.0 quotes=3 cost=$1.3944
2015-007 quota     cites= 16 exist=0.875 unres=0.0 quotes=2 cost=$1.4173
2015-007 temporal  cites=  7 exist=1.0 unres=0.0 quotes=0 cost=$1.4397
2015-007 stakes    cites= 13 exist=1.0 unres=0.0 quotes=2 cost=$1.4731
2015-007 combo     cites= 13 exist=1.0 unres=0.0 quotes=1 cost=$1.4782
{
  "quota": {
    "drafts": 12,
    "abstained": 0,
    "citations_total": 158,
    "cite_verdicts": {
      "not_found": 11,
      "exists": 147
    },
    "existence_rate_pooled": 0.93,
    "quote_verdicts": {
      "unverifiable": 5,
      "inaccurate": 6,
      "near_miss": 5,
      "accurate": 13
    },
    "pin_verdicts": {
      "case_unknown": 8,
      "in_range": 100,
      "no_pin": 47,
      "out_of_range": 3
    },
    "temporal": {}
  },
  "baseline": {
    "drafts": 12,
    "abstained": 0,
    "citations_total": 109,
    "cite_verdicts": {
      "exists": 106,
      "not_found": 3
    },
    "existence_rate_pooled": 0.972,
    "quote_verdicts": {
      "unverifiable": 10,
      "near_miss": 6,
      "inaccurate": 7,
      "accurate": 8
    },
    "pin_verdicts": {
      "no_pin": 36,
      "in_range": 69,
      "out_of_range": 2,
      "case_unknown": 2
    },
    "temporal": {}
  },
  "combo": {
    "drafts": 12,
    "abstained": 0,
    "citations_total": 173,
    "cite_verdicts": {
      "exists": 157,
      "not_found": 16
    },
    "existence_rate_pooled": 0.908,
    "quote_verdicts": {
      "inaccurate": 9,
      "near_miss": 9,
      "unverifiable": 4,
      "accurate": 2
    },
    "pin_verdicts": {
      "no_pin": 81,
      "in_range": 78,
      "out_of_range": 6,
      "in_range_unbounded": 1,
      "case_unknown": 7
    },
    "temporal": {
      "checked": 173,
      "violated": 17
    }
  },
  "temporal": {
    "drafts": 12,
    "abstained": 0,
    "citations_total": 106,
    "cite_verdicts": {
      "not_found": 4,
      "exists": 102
    },
    "existence_rate_pooled": 0.962,
    "quote_verdicts": {
      "near_miss": 9,
      "inaccurate": 6,
      "accurate": 7,
      "unverifiable": 7
    },
    "pin_verdicts": {
      "case_unknown": 3,
      "in_range": 66,
      "out_of_range": 5,
      "no_pin": 32
    },
    "temporal": {
      "checked": 106,
      "violated": 8
    }
  },
  "stakes": {
    "drafts": 12,
    "abstained": 0,
    "citations_total": 103,
    "cite_verdicts": {
      "exists": 101,
      "not_found": 2
    },
    "existence_rate_pooled": 0.981,
    "quote_verdicts": {
      "inaccurate": 5,
      "unverifiable": 13,
      "near_miss": 5,
      "accurate": 7
    },
    "pin_verdicts": {
      "in_range": 92,
      "out_of_range": 1,
      "no_pin": 8,
      "case_unknown": 2
    },
    "temporal": {}
  }
}
total cost $1.4782
1992-109 baseline  cites=  9 exist=1.0 unres=0.0 quotes=0 cost=$0.3666
1992-109 quota     cites= 16 exist=1.0 unres=0.0 quotes=4 cost=$0.3666
1992-109 temporal  cites= 11 exist=1.0 unres=0.0 quotes=1 cost=$0.3666
1992-109 stakes    cites= 19 exist=1.0 unres=0.0 quotes=4 cost=$0.3666
1992-109 combo     cites= 17 exist=1.0 unres=0.0 quotes=1 cost=$0.3666
2009-045 baseline  cites=  4 exist=1.0 unres=0.0 quotes=3 cost=$0.3749
2009-045 quota     cites= 17 exist=1.0 unres=0.0 quotes=5 cost=$0.4287
2009-045 temporal  cites=  7 exist=0.8571 unres=0.0 quotes=1 cost=$0.4483
2009-045 stakes    cites=  3 exist=1.0 unres=0.0 quotes=2 cost=$0.4700
2009-045 combo     cites= 16 exist=0.875 unres=0.0 quotes=0 cost=$0.4904
1997-046 baseline  cites=  9 exist=1.0 unres=0.0 quotes=5 cost=$0.5264
1997-046 quota     cites=  9 exist=1.0 unres=0.0 quotes=2 cost=$0.5458
1997-046 temporal  cites= 13 exist=1.0 unres=0.0 quotes=4 cost=$0.5681
1997-046 stakes    cites=  8 exist=1.0 unres=0.0 quotes=3 cost=$0.5849
1997-046 combo     cites= 20 exist=1.0 unres=0.0 quotes=2 cost=$0.6145
2020-032 baseline  cites=  9 exist=1.0 unres=0.1111 quotes=2 cost=$0.6460
2020-032 quota     cites= 18 exist=1.0 unres=0.0 quotes=1 cost=$0.6721
2020-032 temporal  cites=  8 exist=1.0 unres=0.0 quotes=7 cost=$0.6998
2020-032 stakes    cites= 12 exist=0.9167 unres=0.0 quotes=4 cost=$0.7219
2020-032 combo     cites= 19 exist=1.0 unres=0.0 quotes=1 cost=$0.7490
2015-055 baseline  cites=  8 exist=1.0 unres=0.0 quotes=4 cost=$0.7490
2015-055 quota     cites=  8 exist=1.0 unres=0.0 quotes=5 cost=$0.7490
2015-055 temporal  cites= 10 exist=1.0 unres=0.0 quotes=0 cost=$0.7490
2015-055 stakes    cites=  8 exist=1.0 unres=0.0 quotes=7 cost=$0.7490
2015-055 combo     cites= 22 exist=1.0 unres=0.0 quotes=0 cost=$0.7490
2013-058 baseline  cites=  3 exist=1.0 unres=0.0 quotes=0 cost=$0.7752
2013-058 quota     cites= 12 exist=1.0 unres=0.0 quotes=4 cost=$0.7946
2013-058 temporal  cites=  9 exist=0.7778 unres=0.0 quotes=2 cost=$0.8147
2013-058 stakes    cites=  6 exist=1.0 unres=0.0 quotes=2 cost=$0.8360
2013-058 combo     cites= 14 exist=0.9286 unres=0.0 quotes=0 cost=$0.8567
2014-024 baseline  cites= 10 exist=1.0 unres=0.0 quotes=4 cost=$0.8887
2014-024 quota     cites= 12 exist=1.0 unres=0.0 quotes=3 cost=$0.9161
2014-024 temporal  cites=  8 exist=1.0 unres=0.0 quotes=3 cost=$0.9435
2014-024 stakes    cites=  9 exist=1.0 unres=0.0 quotes=4 cost=$0.9674
2014-024 combo     cites= 14 exist=1.0 unres=0.0 quotes=1 cost=$0.9885
1990-075 baseline  cites= 12 exist=1.0 unres=0.0 quotes=8 cost=$1.0173
1990-075 quota     cites= 12 exist=1.0 unres=0.0 quotes=2 cost=$1.0417
1990-075 temporal  cites= 11 exist=1.0 unres=0.0 quotes=1 cost=$1.0642
1990-075 stakes    cites= 13 exist=1.0 unres=0.0 quotes=3 cost=$1.1020
1990-075 combo     cites=  8 exist=1.0 unres=0.0 quotes=2 cost=$1.1339
1997-033 baseline  cites=  5 exist=1.0 unres=0.0 quotes=3 cost=$1.1339
1997-033 quota     cites= 12 exist=1.0 unres=0.0 quotes=2 cost=$1.1339
1997-033 temporal  cites=  8 exist=1.0 unres=0.0 quotes=2 cost=$1.1339
1997-033 stakes    cites=  6 exist=1.0 unres=0.0 quotes=3 cost=$1.1339
1997-033 combo     cites= 17 exist=1.0 unres=0.0 quotes=5 cost=$1.1339
1998-085 baseline  cites=  9 exist=1.0 unres=0.0 quotes=5 cost=$1.1542
1998-085 quota     cites= 16 exist=0.9375 unres=0.0 quotes=4 cost=$1.1793
1998-085 temporal  cites=  8 exist=0.5 unres=0.0 quotes=4 cost=$1.1966
1998-085 stakes    cites=  6 exist=1.0 unres=0.0 quotes=2 cost=$1.2224
1998-085 combo     cites= 17 exist=1.0 unres=0.0 quotes=1 cost=$1.2520
1997-021 baseline  cites= 10 exist=0.8 unres=0.0 quotes=2 cost=$1.2706
1997-021 quota     cites= 15 exist=0.7333 unres=0.0 quotes=1 cost=$1.2982
1997-021 temporal  cites=  9 exist=0.8889 unres=0.0 quotes=1 cost=$1.3326
1997-021 stakes    cites= 17 exist=0.8235 unres=0.0 quotes=1 cost=$1.3516
1997-021 combo     cites= 22 exist=0.9545 unres=0.0 quotes=1 cost=$1.3797
2005-087 baseline  cites=  8 exist=1.0 unres=0.0 quotes=0 cost=$1.4002
2005-087 quota     cites= 10 exist=1.0 unres=0.0 quotes=1 cost=$1.4286
2005-087 temporal  cites=  7 exist=1.0 unres=0.0 quotes=0 cost=$1.4501
2005-087 stakes    cites=  6 exist=1.0 unres=0.0 quotes=6 cost=$1.4731
2005-087 combo     cites= 23 exist=0.9565 unres=0.0 quotes=2 cost=$1.4848
{
  "temporal": {
    "drafts": 12,
    "abstained": 0,
    "citations_total": 109,
    "cite_verdicts": {
      "exists": 101,
      "not_found": 8
    },
    "existence_rate_pooled": 0.927,
    "quote_verdicts": {
      "accurate": 14,
      "near_miss": 4,
      "inaccurate": 7,
      "unverifiable": 1
    },
    "pin_verdicts": {
      "no_pin": 44,
      "in_range": 58,
      "out_of_range": 1,
      "case_unknown": 6
    },
    "temporal": {
      "checked": 109,
      "violated": 13
    }
  },
  "baseline": {
    "drafts": 12,
    "abstained": 0,
    "citations_total": 96,
    "cite_verdicts": {
      "exists": 93,
      "unresolvable": 1,
      "not_found": 2
    },
    "existence_rate_pooled": 0.979,
    "quote_verdicts": {
      "inaccurate": 9,
      "accurate": 19,
      "near_miss": 7,
      "unverifiable": 1
    },
    "pin_verdicts": {
      "in_range": 61,
      "no_pin": 32,
      "case_unknown": 1,
      "out_of_range": 1
    },
    "temporal": {}
  },
  "combo": {
    "drafts": 12,
    "abstained": 0,
    "citations_total": 209,
    "cite_verdicts": {
      "exists": 204,
      "not_found": 5
    },
    "existence_rate_pooled": 0.976,
    "quote_verdicts": {
      "accurate": 3,
      "inaccurate": 9,
      "near_miss": 3,
      "unverifiable": 1
    },
    "pin_verdicts": {
      "no_pin": 126,
      "in_range": 81,
      "out_of_range": 1,
      "in_range_unbounded": 1
    },
    "temporal": {
      "checked": 209,
      "violated": 22
    }
  },
  "stakes": {
    "drafts": 12,
    "abstained": 0,
    "citations_total": 113,
    "cite_verdicts": {
      "exists": 109,
      "not_found": 4
    },
    "existence_rate_pooled": 0.965,
    "quote_verdicts": {
      "accurate": 15,
      "near_miss": 13,
      "inaccurate": 13
    },
    "pin_verdicts": {
      "no_pin": 42,
      "in_range": 68,
      "out_of_range": 2,
      "case_unknown": 1
    },
    "temporal": {}
  },
  "quota": {
    "drafts": 12,
    "abstained": 0,
    "citations_total": 157,
    "cite_verdicts": {
      "exists": 152,
      "not_found": 5
    },
    "existence_rate_pooled": 0.968,
    "quote_verdicts": {
      "inaccurate": 11,
      "accurate": 13,
      "unverifiable": 1,
      "near_miss": 9
    },
    "pin_verdicts": {
      "no_pin": 40,
      "in_range": 110,
      "out_of_range": 5,
      "case_unknown": 2
    },
    "temporal": {}
  }
}
total cost $1.4848
2012-031 baseline  cites=  6 exist=1.0 unres=0.0 quotes=5 cost=$0.0065
2012-031 quota     cites= 10 exist=1.0 unres=0.0 quotes=13 cost=$0.0097
2012-031 temporal  cites=  3 exist=1.0 unres=0.0 quotes=3 cost=$0.0123
2012-031 stakes    cites=  9 exist=0.8889 unres=0.0 quotes=7 cost=$0.0168
2012-031 combo     cites=  8 exist=1.0 unres=0.0 quotes=9 cost=$0.0193
2011-010 baseline  cites=  7 exist=0.8571 unres=0.0 quotes=6 cost=$0.0245
2011-010 quota     cites=  8 exist=1.0 unres=0.0 quotes=7 cost=$0.0301
2011-010 temporal  cites=  9 exist=0.8889 unres=0.0 quotes=8 cost=$0.0346
2011-010 stakes    cites=  8 exist=0.875 unres=0.0 quotes=8 cost=$0.0384
2011-010 combo     cites=  8 exist=0.875 unres=0.0 quotes=4 cost=$0.0425
2005-074 baseline  cites=  8 exist=0.75 unres=0.0 quotes=8 cost=$0.0467
2005-074 quota     cites=  7 exist=0.7143 unres=0.0 quotes=4 cost=$0.0524
2005-074 temporal  cites=  5 exist=1.0 unres=0.0 quotes=8 cost=$0.0566
2005-074 stakes    cites= 10 exist=0.9 unres=0.0 quotes=4 cost=$0.0602
2005-074 combo     cites=  7 exist=0.8571 unres=0.0 quotes=6 cost=$0.0645
2001-013 baseline  cites=  8 exist=0.75 unres=0.0 quotes=5 cost=$0.0688
2001-013 quota     cites= 11 exist=1.0 unres=0.0 quotes=8 cost=$0.0746
2001-013 temporal  cites=  3 exist=0.0 unres=0.0 quotes=0 cost=$0.0784
2001-013 stakes    cites=  7 exist=0.4286 unres=0.0 quotes=4 cost=$0.0831
2001-013 combo     cites= 11 exist=0.2727 unres=0.0 quotes=5 cost=$0.0868
1992-086 baseline  cites=  7 exist=1.0 unres=0.0 quotes=4 cost=$0.0906
1992-086 quota     cites=  8 exist=1.0 unres=0.0 quotes=5 cost=$0.0939
1992-086 temporal  cites= 10 exist=0.9 unres=0.0 quotes=9 cost=$0.0987
1992-086 stakes    cites=  7 exist=1.0 unres=0.0 quotes=0 cost=$0.1011
1992-086 combo     cites=  8 exist=1.0 unres=0.0 quotes=13 cost=$0.1043
2010-046 baseline  cites=  5 exist=1.0 unres=0.0 quotes=2 cost=$0.1099
2010-046 quota     cites=  4 exist=1.0 unres=0.0 quotes=7 cost=$0.1150
2010-046 temporal  cites=  9 exist=0.8889 unres=0.0 quotes=4 cost=$0.1181
2010-046 stakes    cites=  8 exist=0.75 unres=0.0 quotes=7 cost=$0.1218
2010-046 combo     cites= 10 exist=1.0 unres=0.0 quotes=6 cost=$0.1258
2012-006 baseline  cites=  7 exist=0.8571 unres=0.0 quotes=6 cost=$0.1301
2012-006 quota     cites=  7 exist=0.7143 unres=0.0 quotes=4 cost=$0.1332
2012-006 temporal  cites=  5 exist=1.0 unres=0.0 quotes=3 cost=$0.1361
2012-006 stakes    cites= 12 exist=0.9167 unres=0.0 quotes=1 cost=$0.1397
2012-006 combo     cites= 14 exist=0.9286 unres=0.0 quotes=5 cost=$0.1438
1998-026 baseline  cites=  6 exist=1.0 unres=0.0 quotes=1 cost=$0.1453
1998-026 quota     cites= 10 exist=0.9 unres=0.0 quotes=3 cost=$0.1496
1998-026 temporal  cites=  5 exist=0.6 unres=0.0 quotes=0 cost=$0.1535
1998-026 stakes    cites= 11 exist=1.0 unres=0.0 quotes=2 cost=$0.1567
1998-026 combo     cites=  8 exist=0.875 unres=0.0 quotes=0 cost=$0.1588
1997-100 baseline  cites= 10 exist=1.0 unres=0.0 quotes=3 cost=$0.1659
1997-100 quota     cites= 11 exist=1.0 unres=0.0 quotes=0 cost=$0.1699
1997-100 temporal  cites=  9 exist=1.0 unres=0.0 quotes=5 cost=$0.1729
1997-100 stakes    cites=  9 exist=1.0 unres=0.0 quotes=5 cost=$0.1778
1997-100 combo     cites= 11 exist=1.0 unres=0.0 quotes=1 cost=$0.1817
2000-071 baseline  cites=  4 exist=1.0 unres=0.0 quotes=3 cost=$0.1857
2000-071 quota     cites= 10 exist=1.0 unres=0.0 quotes=7 cost=$0.1898
2000-071 temporal  cites=  8 exist=1.0 unres=0.0 quotes=7 cost=$0.1940
2000-071 stakes    cites=  8 exist=1.0 unres=0.0 quotes=10 cost=$0.1990
2000-071 combo     cites=  9 exist=0.6667 unres=0.0 quotes=4 cost=$0.2034
2012-029 baseline  cites=  8 exist=0.875 unres=0.0 quotes=0 cost=$0.2066
2012-029 quota     cites= 10 exist=0.9 unres=0.0 quotes=2 cost=$0.2108
2012-029 temporal  cites= 10 exist=0.8 unres=0.0 quotes=7 cost=$0.2166
2012-029 stakes    cites=  6 exist=1.0 unres=0.0 quotes=0 cost=$0.2201
2012-029 combo     cites= 10 exist=0.8 unres=0.0 quotes=6 cost=$0.2247
1999-051 baseline  cites=  6 exist=1.0 unres=0.0 quotes=7 cost=$0.2283
1999-051 quota     cites= 10 exist=0.9 unres=0.0 quotes=9 cost=$0.2323
1999-051 temporal  cites=  4 exist=1.0 unres=0.0 quotes=2 cost=$0.2347
1999-051 stakes    cites=  7 exist=0.8571 unres=0.0 quotes=1 cost=$0.2377
1999-051 combo     cites=  9 exist=0.8889 unres=0.0 quotes=4 cost=$0.2408
{
  "temporal": {
    "drafts": 12,
    "abstained": 0,
    "citations_total": 80,
    "cite_verdicts": {
      "exists": 70,
      "not_found": 10
    },
    "existence_rate_pooled": 0.875,
    "quote_verdicts": {
      "near_miss": 20,
      "inaccurate": 25,
      "accurate": 5,
      "unverifiable": 6
    },
    "pin_verdicts": {
      "in_range": 46,
      "no_pin": 23,
      "case_unknown": 8,
      "out_of_range": 2,
      "in_range_unbounded": 1
    },
    "temporal": {
      "checked": 80,
      "violated": 21
    }
  },
  "quota": {
    "drafts": 12,
    "abstained": 0,
    "citations_total": 106,
    "cite_verdicts": {
      "exists": 99,
      "not_found": 7
    },
    "existence_rate_pooled": 0.934,
    "quote_verdicts": {
      "accurate": 9,
      "near_miss": 29,
      "inaccurate": 25,
      "unverifiable": 6
    },
    "pin_verdicts": {
      "in_range": 69,
      "no_pin": 32,
      "out_of_range": 1,
      "case_unknown": 4
    },
    "temporal": {}
  },
  "combo": {
    "drafts": 12,
    "abstained": 0,
    "citations_total": 113,
    "cite_verdicts": {
      "exists": 95,
      "not_found": 18
    },
    "existence_rate_pooled": 0.841,
    "quote_verdicts": {
      "near_miss": 18,
      "unverifiable": 10,
      "accurate": 4,
      "inaccurate": 31
    },
    "pin_verdicts": {
      "in_range": 51,
      "out_of_range": 4,
      "no_pin": 50,
      "case_unknown": 8
    },
    "temporal": {
      "checked": 113,
      "violated": 26
    }
  },
  "baseline": {
    "drafts": 12,
    "abstained": 0,
    "citations_total": 82,
    "cite_verdicts": {
      "exists": 75,
      "not_found": 7
    },
    "existence_rate_pooled": 0.915,
    "quote_verdicts": {
      "accurate": 10,
      "near_miss": 24,
      "unverifiable": 4,
      "inaccurate": 12
    },
    "pin_verdicts": {
      "in_range": 57,
      "no_pin": 18,
      "case_unknown": 7
    },
    "temporal": {}
  },
  "stakes": {
    "drafts": 12,
    "abstained": 0,
    "citations_total": 102,
    "cite_verdicts": {
      "exists": 91,
      "not_found": 11
    },
    "existence_rate_pooled": 0.892,
    "quote_verdicts": {
      "unverifiable": 6,
      "near_miss": 19,
      "inaccurate": 13,
      "accurate": 11
    },
    "pin_verdicts": {
      "in_range": 67,
      "case_unknown": 10,
      "no_pin": 24,
      "out_of_range": 1
    },
    "temporal": {}
  }
}
total cost $0.2408
1992-109 baseline  cites= 15 exist=1.0 unres=0.0 quotes=1 cost=$0.0049
1992-109 quota     cites= 14 exist=1.0 unres=0.0 quotes=6 cost=$0.0075
1992-109 temporal  cites=  7 exist=1.0 unres=0.0 quotes=3 cost=$0.0117
1992-109 stakes    cites= 13 exist=1.0 unres=0.0 quotes=4 cost=$0.0148
1992-109 combo     cites= 10 exist=1.0 unres=0.0 quotes=1 cost=$0.0186
2009-045 baseline  cites=  7 exist=1.0 unres=0.0 quotes=2 cost=$0.0227
2009-045 quota     cites= 10 exist=1.0 unres=0.0 quotes=6 cost=$0.0254
2009-045 temporal  cites=  8 exist=1.0 unres=0.0 quotes=0 cost=$0.0310
2009-045 stakes    cites= 11 exist=1.0 unres=0.0 quotes=2 cost=$0.0354
2009-045 combo     cites=  6 exist=0.3333 unres=0.0 quotes=0 cost=$0.0396
1997-046 baseline  cites=  7 exist=0.8571 unres=0.0 quotes=1 cost=$0.0440
1997-046 quota     cites= 11 exist=0.9091 unres=0.0 quotes=6 cost=$0.0476
1997-046 temporal  cites=  9 exist=1.0 unres=0.0 quotes=2 cost=$0.0513
1997-046 stakes    cites=  8 exist=1.0 unres=0.0 quotes=7 cost=$0.0558
1997-046 combo     cites= 10 exist=0.9 unres=0.0 quotes=11 cost=$0.0593
2020-032 baseline  cites=  8 exist=1.0 unres=0.0 quotes=7 cost=$0.0636
2020-032 quota     cites= 10 exist=1.0 unres=0.0 quotes=4 cost=$0.0664
2020-032 temporal  cites=  8 exist=0.875 unres=0.0 quotes=1 cost=$0.0695
2020-032 stakes    cites= 10 exist=1.0 unres=0.0 quotes=3 cost=$0.0735
2020-032 combo     cites= 10 exist=0.9 unres=0.0 quotes=11 cost=$0.0777
2015-055 baseline  cites=  9 exist=0.8889 unres=0.0 quotes=8 cost=$0.0831
2015-055 quota     cites= 12 exist=0.9167 unres=0.0 quotes=4 cost=$0.0859
2015-055 temporal  cites=  6 exist=0.8333 unres=0.0 quotes=1 cost=$0.0892
2015-055 stakes    cites= 14 exist=0.9286 unres=0.0 quotes=11 cost=$0.0949
2015-055 combo     cites=  6 exist=0.6667 unres=0.0 quotes=1 cost=$0.0963
2013-058 baseline  cites=  7 exist=1.0 unres=0.0 quotes=3 cost=$0.1025
2013-058 quota     cites=  9 exist=1.0 unres=0.0 quotes=8 cost=$0.1064
2013-058 temporal  cites=  5 exist=0.6 unres=0.0 quotes=3 cost=$0.1108
2013-058 stakes    cites=  4 exist=1.0 unres=0.0 quotes=1 cost=$0.1140
2013-058 combo     cites= 10 exist=0.8 unres=0.0 quotes=3 cost=$0.1190
2014-024 baseline  cites=  9 exist=1.0 unres=0.0 quotes=10 cost=$0.1234
2014-024 quota     cites= 13 exist=0.8462 unres=0.0 quotes=6 cost=$0.1269
2014-024 temporal  cites= 15 exist=1.0 unres=0.0 quotes=12 cost=$0.1341
2014-024 stakes    cites=  8 exist=1.0 unres=0.0 quotes=5 cost=$0.1382
2014-024 combo     cites= 13 exist=1.0 unres=0.0 quotes=9 cost=$0.1427
1990-075 baseline  cites= 10 exist=0.9 unres=0.0 quotes=8 cost=$0.1469
1990-075 quota     cites= 13 exist=0.8462 unres=0.0 quotes=4 cost=$0.1505
1990-075 temporal  cites= 10 exist=1.0 unres=0.0 quotes=5 cost=$0.1544
1990-075 stakes    cites= 14 exist=0.8571 unres=0.0 quotes=10 cost=$0.1608
1990-075 combo     cites= 12 exist=1.0 unres=0.0 quotes=6 cost=$0.1669
1997-033 baseline  cites=  7 exist=0.8571 unres=0.0 quotes=16 cost=$0.1711
1997-033 quota     cites=  8 exist=0.875 unres=0.0 quotes=4 cost=$0.1751
1997-033 temporal  cites=  5 exist=0.8 unres=0.0 quotes=9 cost=$0.1786
1997-033 stakes    cites=  5 exist=1.0 unres=0.0 quotes=4 cost=$0.1826
1997-033 combo     cites= 11 exist=0.8182 unres=0.0 quotes=10 cost=$0.1867
1998-085 baseline  cites= 12 exist=0.75 unres=0.0 quotes=6 cost=$0.1914
1998-085 quota     cites=  7 exist=0.7143 unres=0.0 quotes=4 cost=$0.1974
1998-085 temporal  cites=  4 exist=0.75 unres=0.0 quotes=5 cost=$0.2006
1998-085 stakes    cites=  8 exist=0.625 unres=0.0 quotes=7 cost=$0.2050
1998-085 combo     cites=  5 exist=1.0 unres=0.0 quotes=6 cost=$0.2091
1997-021 baseline  cites= 10 exist=0.7 unres=0.0 quotes=4 cost=$0.2139
1997-021 quota     cites= 14 exist=0.7143 unres=0.0 quotes=4 cost=$0.2176
1997-021 temporal  cites= 11 exist=0.8182 unres=0.0 quotes=2 cost=$0.2209
1997-021 stakes    cites= 11 exist=0.5455 unres=0.0 quotes=5 cost=$0.2256
1997-021 combo     cites= 12 exist=0.8333 unres=0.0 quotes=9 cost=$0.2292
2005-087 baseline  cites=  5 exist=1.0 unres=0.0 quotes=0 cost=$0.2331
2005-087 quota     cites= 13 exist=0.8462 unres=0.0 quotes=14 cost=$0.2370
2005-087 temporal  cites=  6 exist=0.8333 unres=0.0 quotes=3 cost=$0.2400
2005-087 stakes    cites=  8 exist=0.875 unres=0.0 quotes=9 cost=$0.2441
2005-087 combo     cites=  9 exist=0.7778 unres=0.0 quotes=7 cost=$0.2456
{
  "baseline": {
    "drafts": 12,
    "abstained": 0,
    "citations_total": 106,
    "cite_verdicts": {
      "exists": 96,
      "not_found": 10
    },
    "existence_rate_pooled": 0.906,
    "quote_verdicts": {
      "inaccurate": 22,
      "accurate": 26,
      "unverifiable": 3,
      "near_miss": 15
    },
    "pin_verdicts": {
      "in_range": 71,
      "no_pin": 24,
      "case_unknown": 9,
      "out_of_range": 2
    },
    "temporal": {}
  },
  "combo": {
    "drafts": 12,
    "abstained": 0,
    "citations_total": 114,
    "cite_verdicts": {
      "exists": 98,
      "not_found": 16
    },
    "existence_rate_pooled": 0.86,
    "quote_verdicts": {
      "near_miss": 12,
      "accurate": 13,
      "inaccurate": 35,
      "unverifiable": 14
    },
    "pin_verdicts": {
      "in_range": 56,
      "no_pin": 43,
      "case_unknown": 8,
      "out_of_range": 6,
      "in_range_unbounded": 1
    },
    "temporal": {
      "checked": 114,
      "violated": 27
    }
  },
  "quota": {
    "drafts": 12,
    "abstained": 0,
    "citations_total": 134,
    "cite_verdicts": {
      "exists": 119,
      "not_found": 15
    },
    "existence_rate_pooled": 0.888,
    "quote_verdicts": {
      "inaccurate": 22,
      "unverifiable": 13,
      "accurate": 16,
      "near_miss": 19
    },
    "pin_verdicts": {
      "in_range": 80,
      "no_pin": 32,
      "out_of_range": 7,
      "case_unknown": 15
    },
    "temporal": {}
  },
  "temporal": {
    "drafts": 12,
    "abstained": 0,
    "citations_total": 94,
    "cite_verdicts": {
      "exists": 85,
      "not_found": 9
    },
    "existence_rate_pooled": 0.904,
    "quote_verdicts": {
      "accurate": 9,
      "near_miss": 10,
      "inaccurate": 21,
      "unverifiable": 6
    },
    "pin_verdicts": {
      "in_range": 58,
      "no_pin": 23,
      "case_unknown": 7,
      "out_of_range": 4,
      "in_range_unbounded": 2
    },
    "temporal": {
      "checked": 94,
      "violated": 21
    }
  },
  "stakes": {
    "drafts": 12,
    "abstained": 0,
    "citations_total": 114,
    "cite_verdicts": {
      "exists": 102,
      "not_found": 12
    },
    "existence_rate_pooled": 0.895,
    "quote_verdicts": {
      "accurate": 13,
      "near_miss": 20,
      "inaccurate": 30,
      "unverifiable": 5
    },
    "pin_verdicts": {
      "in_range": 78,
      "out_of_range": 8,
      "no_pin": 17,
      "in_range_unbounded": 1,
      "case_unknown": 10
    },
    "temporal": {}
  }
}
total cost $0.2456
2019-024 baseline  cites=  7 exist=0.7143 unres=0.0 quotes=1 cost=$0.0031
2019-024 quota     cites= 11 exist=0.8182 unres=0.0 quotes=9 cost=$0.0109
2019-024 temporal  cites=  8 exist=0.875 unres=0.0 quotes=4 cost=$0.0139
2019-024 stakes    cites=  6 exist=0.6667 unres=0.0 quotes=4 cost=$0.0157
2019-024 combo     cites= 11 exist=0.8182 unres=0.0 quotes=6 cost=$0.0202
2011-027 baseline  cites= 14 exist=0.8571 unres=0.0 quotes=4 cost=$0.0272
2011-027 quota     cites= 15 exist=1.0 unres=0.0 quotes=5 cost=$0.0322
2011-027 temporal  cites=  9 exist=0.8889 unres=0.0 quotes=6 cost=$0.0365
2011-027 stakes    cites= 12 exist=0.6667 unres=0.0 quotes=4 cost=$0.0405
2011-027 combo     cites= 11 exist=1.0 unres=0.0 quotes=2 cost=$0.0450
2016-001 baseline  cites=  6 exist=0.8333 unres=0.0 quotes=4 cost=$0.0506
2016-001 quota     cites=  8 exist=0.75 unres=0.0 quotes=7 cost=$0.0550
2016-001 temporal  cites=  4 exist=1.0 unres=0.0 quotes=3 cost=$0.0584
2016-001 stakes    cites=  8 exist=0.875 unres=0.0 quotes=7 cost=$0.0621
2016-001 combo     cites=  7 exist=0.7143 unres=0.0 quotes=3 cost=$0.0674
2010-065 baseline  cites= 18 exist=0.9444 unres=0.0 quotes=10 cost=$0.0727
2010-065 quota     cites= 13 exist=1.0 unres=0.0 quotes=5 cost=$0.0770
2010-065 temporal  cites=  4 exist=1.0 unres=0.0 quotes=1 cost=$0.0803
2010-065 stakes    cites= 12 exist=1.0 unres=0.0 quotes=3 cost=$0.0850
2010-065 combo     cites=  8 exist=0.875 unres=0.0 quotes=6 cost=$0.0892
1997-044 baseline  cites=  8 exist=1.0 unres=0.0 quotes=5 cost=$0.0921
1997-044 quota     cites=  9 exist=0.8889 unres=0.0 quotes=3 cost=$0.0958
1997-044 temporal  cites= 10 exist=0.9 unres=0.0 quotes=10 cost=$0.0995
1997-044 stakes    cites= 12 exist=0.9167 unres=0.0 quotes=16 cost=$0.1053
1997-044 combo     cites= 10 exist=0.6 unres=0.0 quotes=12 cost=$0.1081
2001-070 baseline  cites=  7 exist=0.8571 unres=0.0 quotes=8 cost=$0.1121
2001-070 quota     cites=  8 exist=1.0 unres=0.0 quotes=11 cost=$0.1174
2001-070 temporal  cites=  7 exist=1.0 unres=0.0 quotes=9 cost=$0.1198
2001-070 stakes    cites=  7 exist=1.0 unres=0.0 quotes=4 cost=$0.1242
2001-070 combo     cites= 10 exist=1.0 unres=0.0 quotes=4 cost=$0.1287
2000-087 baseline  cites=  3 exist=1.0 unres=0.0 quotes=1 cost=$0.1324
2000-087 quota     cites=  8 exist=1.0 unres=0.0 quotes=9 cost=$0.1373
2000-087 temporal  cites=  4 exist=1.0 unres=0.0 quotes=1 cost=$0.1406
2000-087 stakes    cites=  3 exist=1.0 unres=0.0 quotes=0 cost=$0.1445
2000-087 combo     cites= 11 exist=0.6364 unres=0.0 quotes=4 cost=$0.1490
2013-068 baseline  cites=  9 exist=1.0 unres=0.0 quotes=0 cost=$0.1529
2013-068 quota     cites= 14 exist=1.0 unres=0.0 quotes=5 cost=$0.1579
2013-068 temporal  cites=  8 exist=1.0 unres=0.0 quotes=1 cost=$0.1623
2013-068 stakes    cites=  9 exist=1.0 unres=0.0 quotes=1 cost=$0.1679
2013-068 combo     cites=  8 exist=1.0 unres=0.0 quotes=6 cost=$0.1722
2020-060 baseline  cites=  7 exist=0.7143 unres=0.0 quotes=1 cost=$0.1769
2020-060 quota     cites=  7 exist=0.5714 unres=0.0 quotes=3 cost=$0.1807
2020-060 temporal  cites=  5 exist=1.0 unres=0.0 quotes=1 cost=$0.1843
2020-060 stakes    cites=  9 exist=0.5556 unres=0.0 quotes=7 cost=$0.1877
2020-060 combo     cites= 13 exist=0.7692 unres=0.0 quotes=4 cost=$0.1931
2003-043 baseline  cites=  4 exist=0.75 unres=0.0 quotes=3 cost=$0.1955
2003-043 quota     cites=  7 exist=1.0 unres=0.0 quotes=0 cost=$0.1981
2003-043 temporal  cites=  5 exist=0.8 unres=0.0 quotes=1 cost=$0.2014
2003-043 stakes    cites=  4 exist=1.0 unres=0.0 quotes=4 cost=$0.2041
2003-043 combo     cites=  7 exist=0.7143 unres=0.0 quotes=3 cost=$0.2082
2010-026 baseline  cites=  5 exist=0.8 unres=0.0 quotes=8 cost=$0.2123
2010-026 quota     cites=  8 exist=0.875 unres=0.0 quotes=8 cost=$0.2155
2010-026 temporal  cites=  3 exist=1.0 unres=0.0 quotes=2 cost=$0.2193
2010-026 stakes    cites=  7 exist=0.8571 unres=0.0 quotes=6 cost=$0.2219
2010-026 combo     cites=  3 exist=0.6667 unres=0.0 quotes=4 cost=$0.2263
2015-007 baseline  cites=  9 exist=1.0 unres=0.0 quotes=0 cost=$0.2307
2015-007 quota     cites= 19 exist=0.8947 unres=0.0 quotes=5 cost=$0.2361
2015-007 temporal  cites=  4 exist=1.0 unres=0.0 quotes=5 cost=$0.2395
2015-007 stakes    cites=  7 exist=1.0 unres=0.0 quotes=2 cost=$0.2433
2015-007 combo     cites=  9 exist=0.8889 unres=0.0 quotes=8 cost=$0.2467
{
  "combo": {
    "drafts": 12,
    "abstained": 0,
    "citations_total": 108,
    "cite_verdicts": {
      "exists": 88,
      "not_found": 20
    },
    "existence_rate_pooled": 0.815,
    "quote_verdicts": {
      "unverifiable": 16,
      "inaccurate": 27,
      "near_miss": 11,
      "accurate": 8
    },
    "pin_verdicts": {
      "no_pin": 42,
      "in_range": 49,
      "case_unknown": 13,
      "out_of_range": 4
    },
    "temporal": {
      "checked": 108,
      "violated": 31
    }
  },
  "baseline": {
    "drafts": 12,
    "abstained": 0,
    "citations_total": 97,
    "cite_verdicts": {
      "not_found": 11,
      "exists": 86
    },
    "existence_rate_pooled": 0.887,
    "quote_verdicts": {
      "unverifiable": 13,
      "inaccurate": 14,
      "near_miss": 8,
      "accurate": 10
    },
    "pin_verdicts": {
      "case_unknown": 9,
      "no_pin": 34,
      "in_range": 51,
      "out_of_range": 3
    },
    "temporal": {}
  },
  "quota": {
    "drafts": 12,
    "abstained": 0,
    "citations_total": 127,
    "cite_verdicts": {
      "not_found": 11,
      "exists": 116
    },
    "existence_rate_pooled": 0.913,
    "quote_verdicts": {
      "inaccurate": 18,
      "near_miss": 23,
      "accurate": 11,
      "unverifiable": 18
    },
    "pin_verdicts": {
      "case_unknown": 9,
      "out_of_range": 4,
      "in_range": 70,
      "no_pin": 43,
      "in_range_unbounded": 1
    },
    "temporal": {}
  },
  "temporal": {
    "drafts": 12,
    "abstained": 0,
    "citations_total": 71,
    "cite_verdicts": {
      "exists": 67,
      "not_found": 4
    },
    "existence_rate_pooled": 0.944,
    "quote_verdicts": {
      "accurate": 5,
      "near_miss": 16,
      "inaccurate": 11,
      "unverifiable": 12
    },
    "pin_verdicts": {
      "in_range": 28,
      "no_pin": 38,
      "out_of_range": 4,
      "case_unknown": 1
    },
    "temporal": {
      "checked": 71,
      "violated": 20
    }
  },
  "stakes": {
    "drafts": 12,
    "abstained": 0,
    "citations_total": 96,
    "cite_verdicts": {
      "not_found": 13,
      "exists": 83
    },
    "existence_rate_pooled": 0.865,
    "quote_verdicts": {
      "inaccurate": 20,
      "unverifiable": 18,
      "near_miss": 13,
      "accurate": 7
    },
    "pin_verdicts": {
      "case_unknown": 12,
      "in_range": 56,
      "no_pin": 26,
      "out_of_range": 2
    },
    "temporal": {}
  }
}
total cost $0.2467
2015-066 baseline  cites=  7 exist=1.0 unres=0.0 quotes=1 cost=$0.0016
2015-066 quota     cites= 10 exist=1.0 unres=0.0 quotes=2 cost=$0.0097
2015-066 temporal  cites=  7 exist=1.0 unres=0.0 quotes=7 cost=$0.0132
2015-066 stakes    cites=  8 exist=1.0 unres=0.0 quotes=3 cost=$0.0180
2015-066 combo     cites=  6 exist=1.0 unres=0.0 quotes=3 cost=$0.0211
2015-038 baseline  cites= 15 exist=0.8 unres=0.0 quotes=10 cost=$0.0291
2015-038 quota     cites= 13 exist=0.7692 unres=0.0 quotes=6 cost=$0.0335
2015-038 temporal  cites=  9 exist=0.6667 unres=0.0 quotes=6 cost=$0.0374
2015-038 stakes    cites= 12 exist=0.8333 unres=0.0 quotes=4 cost=$0.0415
2015-038 combo     cites= 13 exist=1.0 unres=0.0 quotes=14 cost=$0.0490
2020-058 baseline  cites=  9 exist=1.0 unres=0.0 quotes=9 cost=$0.0542
2020-058 quota     cites=  9 exist=1.0 unres=0.1111 quotes=5 cost=$0.0576
2020-058 temporal  cites=  5 exist=0.8 unres=0.0 quotes=3 cost=$0.0612
2020-058 stakes    cites=  8 exist=0.8571 unres=0.125 quotes=2 cost=$0.0655
2020-058 combo     cites=  8 exist=1.0 unres=0.0 quotes=7 cost=$0.0708
2020-005 baseline  cites=  8 exist=1.0 unres=0.0 quotes=8 cost=$0.0762
2020-005 quota     cites= 10 exist=1.0 unres=0.0 quotes=8 cost=$0.0794
2020-005 temporal  cites=  7 exist=1.0 unres=0.0 quotes=8 cost=$0.0839
2020-005 stakes    cites= 12 exist=1.0 unres=0.0 quotes=5 cost=$0.0876
2020-005 combo     cites= 13 exist=0.8462 unres=0.0 quotes=7 cost=$0.0930
2018-070 baseline  cites=  9 exist=0.75 unres=0.1111 quotes=5 cost=$0.0980
2018-070 quota     cites=  7 exist=0.8571 unres=0.0 quotes=4 cost=$0.1011
2018-070 temporal  cites=  2 exist=1.0 unres=0.0 quotes=2 cost=$0.1034
2018-070 stakes    cites=  8 exist=0.875 unres=0.0 quotes=7 cost=$0.1073
2018-070 combo     cites=  7 exist=1.0 unres=0.0 quotes=10 cost=$0.1131
2016-067 baseline  cites=  5 exist=0.6 unres=0.0 quotes=1 cost=$0.1174
2016-067 quota     cites=  6 exist=0.8333 unres=0.0 quotes=1 cost=$0.1209
2016-067 temporal  cites=  5 exist=0.8 unres=0.0 quotes=1 cost=$0.1250
2016-067 stakes    cites=  5 exist=0.8 unres=0.0 quotes=5 cost=$0.1278
2016-067 combo     cites=  5 exist=0.8 unres=0.0 quotes=1 cost=$0.1310
1999-033 baseline  cites=  6 exist=1.0 unres=0.0 quotes=7 cost=$0.1355
1999-033 quota     cites=  8 exist=1.0 unres=0.0 quotes=6 cost=$0.1390
1999-033 temporal  cites=  6 exist=1.0 unres=0.0 quotes=1 cost=$0.1416
1999-033 stakes    cites=  9 exist=1.0 unres=0.0 quotes=7 cost=$0.1479
1999-033 combo     cites= 12 exist=1.0 unres=0.0 quotes=10 cost=$0.1513
1990-114 baseline  cites= 10 exist=1.0 unres=0.0 quotes=7 cost=$0.1561
1990-114 quota     cites= 17 exist=1.0 unres=0.0 quotes=11 cost=$0.1641
1990-114 temporal  cites= 16 exist=0.8125 unres=0.0 quotes=15 cost=$0.1689
1990-114 stakes    cites= 16 exist=1.0 unres=0.0 quotes=13 cost=$0.1742
1990-114 combo     cites= 14 exist=0.9286 unres=0.0 quotes=9 cost=$0.1795
2020-012 baseline  cites= 12 exist=0.8333 unres=0.0 quotes=5 cost=$0.1837
2020-012 quota     cites= 13 exist=1.0 unres=0.0 quotes=8 cost=$0.1887
2020-012 temporal  cites=  5 exist=1.0 unres=0.0 quotes=7 cost=$0.1931
2020-012 stakes    cites=  7 exist=1.0 unres=0.0 quotes=4 cost=$0.1963
2020-012 combo     cites=  6 exist=0.8333 unres=0.0 quotes=5 cost=$0.1998
2020-067 baseline  cites=  4 exist=0.75 unres=0.0 quotes=3 cost=$0.2026
2020-067 quota     cites=  7 exist=0.7143 unres=0.0 quotes=2 cost=$0.2074
2020-067 temporal  cites=  9 exist=1.0 unres=0.0 quotes=5 cost=$0.2098
2020-067 stakes    cites=  7 exist=0.8571 unres=0.0 quotes=0 cost=$0.2146
2020-067 combo     cites= 13 exist=0.9231 unres=0.0 quotes=17 cost=$0.2186
2016-063 baseline  cites=  4 exist=0.5 unres=0.0 quotes=2 cost=$0.2238
2016-063 quota     cites=  4 exist=0.75 unres=0.0 quotes=0 cost=$0.2272
2016-063 temporal  cites=  9 exist=1.0 unres=0.0 quotes=2 cost=$0.2315
2016-063 stakes    cites=  7 exist=0.7143 unres=0.0 quotes=0 cost=$0.2341
2016-063 combo     cites= 12 exist=1.0 unres=0.0 quotes=6 cost=$0.2386
1994-059 baseline  cites=  4 exist=1.0 unres=0.0 quotes=5 cost=$0.2423
1994-059 quota     cites= 11 exist=1.0 unres=0.0 quotes=11 cost=$0.2456
1994-059 temporal  cites= 13 exist=0.7692 unres=0.0 quotes=3 cost=$0.2476
1994-059 stakes    cites=  5 exist=1.0 unres=0.0 quotes=3 cost=$0.2484
1994-059 combo     cites=  7 exist=0.7143 unres=0.0 quotes=1 cost=$0.2493
{
  "combo": {
    "drafts": 12,
    "abstained": 0,
    "citations_total": 116,
    "cite_verdicts": {
      "exists": 108,
      "not_found": 8
    },
    "existence_rate_pooled": 0.931,
    "quote_verdicts": {
      "accurate": 8,
      "near_miss": 23,
      "inaccurate": 46,
      "unverifiable": 13
    },
    "pin_verdicts": {
      "in_range": 60,
      "no_pin": 45,
      "out_of_range": 6,
      "case_unknown": 5
    },
    "temporal": {
      "checked": 116,
      "violated": 34
    }
  },
  "baseline": {
    "drafts": 12,
    "abstained": 0,
    "citations_total": 93,
    "cite_verdicts": {
      "exists": 80,
      "not_found": 12,
      "unresolvable": 1
    },
    "existence_rate_pooled": 0.87,
    "quote_verdicts": {
      "inaccurate": 25,
      "near_miss": 14,
      "unverifiable": 12,
      "accurate": 12
    },
    "pin_verdicts": {
      "in_range": 61,
      "no_pin": 20,
      "case_unknown": 10,
      "out_of_range": 2
    },
    "temporal": {}
  },
  "quota": {
    "drafts": 12,
    "abstained": 0,
    "citations_total": 115,
    "cite_verdicts": {
      "exists": 106,
      "not_found": 8,
      "unresolvable": 1
    },
    "existence_rate_pooled": 0.93,
    "quote_verdicts": {
      "accurate": 10,
      "inaccurate": 21,
      "near_miss": 20,
      "unverifiable": 13
    },
    "pin_verdicts": {
      "in_range": 86,
      "no_pin": 20,
      "case_unknown": 8,
      "out_of_range": 1
    },
    "temporal": {}
  },
  "temporal": {
    "drafts": 12,
    "abstained": 0,
    "citations_total": 93,
    "cite_verdicts": {
      "exists": 82,
      "not_found": 11
    },
    "existence_rate_pooled": 0.882,
    "quote_verdicts": {
      "accurate": 8,
      "inaccurate": 22,
      "near_miss": 17,
      "unverifiable": 13
    },
    "pin_verdicts": {
      "in_range": 61,
      "no_pin": 16,
      "case_unknown": 11,
      "out_of_range": 5
    },
    "temporal": {
      "checked": 93,
      "violated": 27
    }
  },
  "stakes": {
    "drafts": 12,
    "abstained": 0,
    "citations_total": 104,
    "cite_verdicts": {
      "exists": 95,
      "not_found": 8,
      "unresolvable": 1
    },
    "existence_rate_pooled": 0.922,
    "quote_verdicts": {
      "accurate": 9,
      "inaccurate": 22,
      "unverifiable": 10,
      "near_miss": 12
    },
    "pin_verdicts": {
      "in_range": 66,
      "no_pin": 32,
      "case_unknown": 4,
      "out_of_range": 2
    },
    "temporal": {}
  }
}
total cost $0.2493
1992-109 baseline  cites=  3 exist=1.0 unres=0.0 quotes=0 cost=$0.0016
1992-109 quota     cites= 10 exist=1.0 unres=0.0 quotes=5 cost=$0.0086
1992-109 temporal  cites=  2 exist=1.0 unres=0.0 quotes=2 cost=$0.0178
1992-109 stakes    cites=  6 exist=1.0 unres=0.0 quotes=1 cost=$0.0245
1992-109 combo     cites= 15 exist=1.0 unres=0.0 quotes=2 cost=$0.0293
2009-045 baseline  cites=  7 exist=1.0 unres=0.0 quotes=3 cost=$0.0402
2009-045 quota     cites= 11 exist=1.0 unres=0.0 quotes=3 cost=$0.0486
2009-045 temporal  cites=  2 exist=1.0 unres=0.0 quotes=1 cost=$0.0519
2009-045 stakes    cites=  7 exist=1.0 unres=0.0 quotes=3 cost=$0.0601
2009-045 combo     cites= 15 exist=0.8 unres=0.0 quotes=12 cost=$0.0699
1997-046 baseline  cites=  3 exist=1.0 unres=0.0 quotes=2 cost=$0.0779
1997-046 quota     cites=  7 exist=1.0 unres=0.0 quotes=1 cost=$0.0910
1997-046 temporal  cites=  3 exist=1.0 unres=0.0 quotes=0 cost=$0.0958
1997-046 stakes    cites=  3 exist=1.0 unres=0.0 quotes=1 cost=$0.1045
1997-046 combo     cites=  9 exist=1.0 unres=0.0 quotes=5 cost=$0.1138
2020-032 baseline  cites=  8 exist=1.0 unres=0.125 quotes=5 cost=$0.1177
2020-032 quota     cites=  9 exist=1.0 unres=0.0 quotes=0 cost=$0.1242
2020-032 temporal  cites=  2 exist=0.5 unres=0.0 quotes=2 cost=$0.1269
2020-032 stakes    cites=  6 exist=1.0 unres=0.0 quotes=2 cost=$0.1299
2020-032 combo     cites= 12 exist=0.75 unres=0.0 quotes=0 cost=$0.1344
2015-055 baseline  cites=  7 exist=1.0 unres=0.0 quotes=1 cost=$0.1418
2015-055 quota     cites= 14 exist=0.9286 unres=0.0 quotes=3 cost=$0.1480
2015-055 temporal  cites=  5 exist=1.0 unres=0.0 quotes=1 cost=$0.1548
2015-055 stakes    cites=  6 exist=0.8333 unres=0.0 quotes=2 cost=$0.1598
2015-055 combo     cites=  6 exist=1.0 unres=0.0 quotes=5 cost=$0.1658
2013-058 baseline  cites=  3 exist=1.0 unres=0.0 quotes=2 cost=$0.1685
2013-058 quota     cites=  9 exist=0.8889 unres=0.0 quotes=3 cost=$0.1730
2013-058 temporal  cites=  2 exist=1.0 unres=0.0 quotes=1 cost=$0.1755
2013-058 stakes    cites=  3 exist=0.6667 unres=0.0 quotes=0 cost=$0.1816
2013-058 combo     cites=  8 exist=1.0 unres=0.0 quotes=7 cost=$0.1849
2014-024 baseline  cites=  3 exist=1.0 unres=0.0 quotes=1 cost=$0.1862
2014-024 quota     cites=  8 exist=1.0 unres=0.0 quotes=9 cost=$0.1940
2014-024 temporal  cites=  3 exist=1.0 unres=0.0 quotes=2 cost=$0.1989
2014-024 stakes    cites=  4 exist=1.0 unres=0.0 quotes=4 cost=$0.2003
2014-024 combo     cites=  9 exist=1.0 unres=0.0 quotes=4 cost=$0.2167
1990-075 baseline  cites=  4 exist=1.0 unres=0.0 quotes=1 cost=$0.2245
1990-075 quota     cites=  8 exist=1.0 unres=0.0 quotes=1 cost=$0.2334
1990-075 temporal  cites=  4 exist=1.0 unres=0.0 quotes=1 cost=$0.2378
1990-075 stakes    cites=  4 exist=1.0 unres=0.0 quotes=1 cost=$0.2428
1990-075 combo     cites=  8 exist=1.0 unres=0.0 quotes=1 cost=$0.2465
1997-033 baseline  cites=  3 exist=1.0 unres=0.0 quotes=1 cost=$0.2500
1997-033 quota     cites=  8 exist=1.0 unres=0.0 quotes=1 cost=$0.2560
1997-033 temporal  cites=  3 exist=1.0 unres=0.0 quotes=2 cost=$0.2607
1997-033 stakes    cites=  4 exist=1.0 unres=0.0 quotes=1 cost=$0.2645
1997-033 combo     cites= 13 exist=1.0 unres=0.0 quotes=1 cost=$0.2696
1998-085 baseline  cites=  4 exist=1.0 unres=0.0 quotes=2 cost=$0.2721
1998-085 quota     cites=  9 exist=1.0 unres=0.0 quotes=1 cost=$0.2779
1998-085 temporal  cites=  2 exist=1.0 unres=0.0 quotes=3 cost=$0.2840
1998-085 stakes    cites=  2 exist=1.0 unres=0.0 quotes=2 cost=$0.2854
1998-085 combo     cites= 19 exist=0.6316 unres=0.0 quotes=9 cost=$0.3040
1997-021 baseline  cites=  5 exist=0.8 unres=0.0 quotes=2 cost=$0.3070
1997-021 quota     cites= 12 exist=0.5833 unres=0.0 quotes=1 cost=$0.3156
1997-021 temporal  cites=  5 exist=0.4 unres=0.0 quotes=0 cost=$0.3175
1997-021 stakes    cites=  9 exist=0.6667 unres=0.0 quotes=1 cost=$0.3195
1997-021 combo     cites= 10 exist=0.6667 unres=0.1 quotes=3 cost=$0.3248
2005-087 baseline  cites=  4 exist=0.75 unres=0.0 quotes=0 cost=$0.3270
2005-087 quota     cites=  9 exist=1.0 unres=0.0 quotes=1 cost=$0.3281
2005-087 temporal  cites=  4 exist=1.0 unres=0.0 quotes=0 cost=$0.3300
2005-087 stakes    cites=  5 exist=0.8 unres=0.0 quotes=0 cost=$0.3342
2005-087 combo     cites= 12 exist=0.9167 unres=0.0 quotes=3 cost=$0.3382
{
  "stakes": {
    "drafts": 12,
    "abstained": 0,
    "citations_total": 59,
    "cite_verdicts": {
      "exists": 53,
      "not_found": 6
    },
    "existence_rate_pooled": 0.898,
    "quote_verdicts": {
      "inaccurate": 3,
      "near_miss": 7,
      "accurate": 4,
      "unverifiable": 4
    },
    "pin_verdicts": {
      "in_range": 36,
      "out_of_range": 5,
      "no_pin": 14,
      "case_unknown": 4
    },
    "temporal": {}
  },
  "temporal": {
    "drafts": 12,
    "abstained": 0,
    "citations_total": 37,
    "cite_verdicts": {
      "exists": 33,
      "not_found": 4
    },
    "existence_rate_pooled": 0.892,
    "quote_verdicts": {
      "near_miss": 2,
      "accurate": 5,
      "inaccurate": 8
    },
    "pin_verdicts": {
      "no_pin": 23,
      "in_range": 11,
      "case_unknown": 3
    },
    "temporal": {
      "checked": 37,
      "violated": 2
    }
  },
  "combo": {
    "drafts": 12,
    "abstained": 0,
    "citations_total": 136,
    "cite_verdicts": {
      "exists": 118,
      "not_found": 17,
      "unresolvable": 1
    },
    "existence_rate_pooled": 0.874,
    "quote_verdicts": {
      "accurate": 5,
      "inaccurate": 32,
      "near_miss": 7,
      "unverifiable": 8
    },
    "pin_verdicts": {
      "no_pin": 76,
      "in_range": 50,
      "case_unknown": 5,
      "out_of_range": 5
    },
    "temporal": {
      "checked": 136,
      "violated": 13
    }
  },
  "baseline": {
    "drafts": 12,
    "abstained": 0,
    "citations_total": 54,
    "cite_verdicts": {
      "exists": 51,
      "unresolvable": 1,
      "not_found": 2
    },
    "existence_rate_pooled": 0.962,
    "quote_verdicts": {
      "near_miss": 5,
      "inaccurate": 10,
      "accurate": 5
    },
    "pin_verdicts": {
      "no_pin": 15,
      "in_range": 32,
      "case_unknown": 3,
      "out_of_range": 4
    },
    "temporal": {}
  },
  "quota": {
    "drafts": 12,
    "abstained": 0,
    "citations_total": 114,
    "cite_verdicts": {
      "exists": 107,
      "not_found": 7
    },
    "existence_rate_pooled": 0.939,
    "quote_verdicts": {
      "inaccurate": 17,
      "near_miss": 4,
      "accurate": 5,
      "unverifiable": 3
    },
    "pin_verdicts": {
      "no_pin": 31,
      "in_range": 77,
      "out_of_range": 3,
      "case_unknown": 3
    },
    "temporal": {}
  }
}
total cost $0.3382
1992-109 baseline  cites= 10 exist=1.0 unres=0.0 quotes=4 cost=$0.0087
1992-109 quota     cites=  9 exist=1.0 unres=0.0 quotes=7 cost=$0.0460
1992-109 temporal  cites=  4 exist=1.0 unres=0.0 quotes=3 cost=$0.0860
1992-109 stakes    cites=  5 exist=1.0 unres=0.0 quotes=3 cost=$0.1144
1992-109 combo     cites=  8 exist=1.0 unres=0.0 quotes=2 cost=$0.1382
2009-045 baseline  cites= 10 exist=1.0 unres=0.0 quotes=5 cost=$0.1668
2009-045 quota     cites= 12 exist=1.0 unres=0.0 quotes=6 cost=$0.2005
2009-045 temporal  cites=  3 exist=1.0 unres=0.0 quotes=4 cost=$0.2393
2009-045 stakes    cites=  8 exist=1.0 unres=0.0 quotes=3 cost=$0.2584
2009-045 combo     cites=  8 exist=1.0 unres=0.0 quotes=6 cost=$0.3216
1997-046 baseline  cites=  3 exist=1.0 unres=0.0 quotes=1 cost=$0.3496
1997-046 quota     cites=  7 exist=1.0 unres=0.0 quotes=6 cost=$0.3773
1997-046 temporal  cites=  7 exist=1.0 unres=0.0 quotes=4 cost=$0.4180
1997-046 stakes    cites=  4 exist=1.0 unres=0.0 quotes=3 cost=$0.4554
1997-046 combo     cites=  9 exist=1.0 unres=0.0 quotes=1 cost=$0.4907
2020-032 baseline  cites=  8 exist=1.0 unres=0.0 quotes=7 cost=$0.5293
2020-032 quota     cites= 10 exist=1.0 unres=0.0 quotes=2 cost=$0.5683
2020-032 temporal  cites=  5 exist=1.0 unres=0.0 quotes=5 cost=$0.5931
2020-032 stakes    cites=  7 exist=1.0 unres=0.0 quotes=5 cost=$0.6304
2020-032 combo     cites= 10 exist=1.0 unres=0.0 quotes=0 cost=$0.6706
2015-055 baseline  cites=  5 exist=1.0 unres=0.0 quotes=5 cost=$0.6884
2015-055 quota     cites=  9 exist=1.0 unres=0.0 quotes=5 cost=$0.7188
2015-055 temporal  cites=  5 exist=1.0 unres=0.0 quotes=6 cost=$0.7517
2015-055 stakes    cites=  6 exist=1.0 unres=0.0 quotes=7 cost=$0.7690
2015-055 combo     cites= 10 exist=1.0 unres=0.0 quotes=4 cost=$0.8354
2013-058 baseline  cites=  2 exist=1.0 unres=0.0 quotes=1 cost=$0.8524
2013-058 quota     cites=  9 exist=1.0 unres=0.0 quotes=4 cost=$0.8790
2013-058 temporal  cites=  5 exist=1.0 unres=0.0 quotes=4 cost=$0.9135
2013-058 stakes    cites=  2 exist=1.0 unres=0.0 quotes=2 cost=$0.9446
2013-058 combo     cites=  9 exist=1.0 unres=0.0 quotes=2 cost=$0.9797
2014-024 baseline  cites=  7 exist=1.0 unres=0.0 quotes=6 cost=$1.0121
2014-024 quota     cites= 11 exist=1.0 unres=0.0 quotes=3 cost=$1.0502
2014-024 temporal  cites=  7 exist=1.0 unres=0.0 quotes=5 cost=$1.0882
2014-024 stakes    cites=  6 exist=1.0 unres=0.0 quotes=6 cost=$1.1266
2014-024 combo     cites= 10 exist=1.0 unres=0.0 quotes=10 cost=$1.1892
1990-075 baseline  cites=  6 exist=1.0 unres=0.0 quotes=3 cost=$1.1976
1990-075 quota     cites=  9 exist=1.0 unres=0.0 quotes=6 cost=$1.2357
1990-075 temporal  cites=  6 exist=1.0 unres=0.0 quotes=5 cost=$1.2739
1990-075 stakes    cites=  5 exist=1.0 unres=0.0 quotes=1 cost=$1.3100
1990-075 combo     cites=  8 exist=1.0 unres=0.0 quotes=6 cost=$1.3440
1997-033 baseline  cites=  6 exist=1.0 unres=0.0 quotes=7 cost=$1.3742
1997-033 quota     cites= 10 exist=1.0 unres=0.0 quotes=7 cost=$1.4057
1997-033 temporal  cites=  7 exist=1.0 unres=0.0 quotes=3 cost=$1.4288
1997-033 stakes    cites=  4 exist=1.0 unres=0.0 quotes=1 cost=$1.4657
1997-033 combo     cites= 10 exist=1.0 unres=0.0 quotes=11 cost=$1.4986
1998-085 baseline  cites=  7 exist=0.8571 unres=0.0 quotes=5 cost=$1.5349
1998-085 quota     cites=  9 exist=1.0 unres=0.0 quotes=2 cost=$1.5633
1998-085 temporal  cites=  4 exist=1.0 unres=0.0 quotes=5 cost=$1.6050
1998-085 stakes    cites=  4 exist=1.0 unres=0.0 quotes=4 cost=$1.6363
1998-085 combo     cites=  7 exist=1.0 unres=0.0 quotes=8 cost=$1.6832
1997-021 baseline  cites=  9 exist=0.7778 unres=0.0 quotes=5 cost=$1.7179
1997-021 quota     cites= 12 exist=0.75 unres=0.0 quotes=2 cost=$1.7460
1997-021 temporal  cites=  3 exist=1.0 unres=0.0 quotes=0 cost=$1.7844
1997-021 stakes    cites=  7 exist=0.7143 unres=0.0 quotes=4 cost=$1.8242
1997-021 combo     cites= 10 exist=1.0 unres=0.0 quotes=0 cost=$1.8541
2005-087 baseline  cites=  6 exist=1.0 unres=0.0 quotes=3 cost=$1.8876
2005-087 quota     cites= 10 exist=1.0 unres=0.0 quotes=0 cost=$1.9097
2005-087 temporal  cites=  3 exist=1.0 unres=0.0 quotes=3 cost=$1.9543
2005-087 stakes    cites=  5 exist=1.0 unres=0.0 quotes=2 cost=$1.9811
2005-087 combo     cites= 13 exist=1.0 unres=0.0 quotes=3 cost=$2.0105
{
  "stakes": {
    "drafts": 12,
    "abstained": 0,
    "citations_total": 63,
    "cite_verdicts": {
      "exists": 61,
      "not_found": 2
    },
    "existence_rate_pooled": 0.968,
    "quote_verdicts": {
      "near_miss": 11,
      "accurate": 20,
      "inaccurate": 10
    },
    "pin_verdicts": {
      "in_range": 46,
      "out_of_range": 2,
      "no_pin": 13,
      "case_unknown": 2
    },
    "temporal": {}
  },
  "quota": {
    "drafts": 12,
    "abstained": 0,
    "citations_total": 117,
    "cite_verdicts": {
      "exists": 114,
      "not_found": 3
    },
    "existence_rate_pooled": 0.974,
    "quote_verdicts": {
      "accurate": 17,
      "near_miss": 17,
      "inaccurate": 13,
      "unverifiable": 3
    },
    "pin_verdicts": {
      "in_range": 89,
      "no_pin": 24,
      "out_of_range": 2,
      "case_unknown": 2
    },
    "temporal": {}
  },
  "temporal": {
    "drafts": 12,
    "abstained": 0,
    "citations_total": 59,
    "cite_verdicts": {
      "exists": 59
    },
    "existence_rate_pooled": 1.0,
    "quote_verdicts": {
      "accurate": 16,
      "near_miss": 14,
      "inaccurate": 17
    },
    "pin_verdicts": {
      "no_pin": 10,
      "in_range": 49
    },
    "temporal": {
      "checked": 59,
      "violated": 0
    }
  },
  "combo": {
    "drafts": 12,
    "abstained": 0,
    "citations_total": 112,
    "cite_verdicts": {
      "exists": 112
    },
    "existence_rate_pooled": 1.0,
    "quote_verdicts": {
      "near_miss": 18,
      "inaccurate": 23,
      "accurate": 12
    },
    "pin_verdicts": {
      "in_range": 106,
      "no_pin": 1,
      "out_of_range": 4,
      "in_range_unbounded": 1
    },
    "temporal": {
      "checked": 112,
      "violated": 0
    }
  },
  "baseline": {
    "drafts": 12,
    "abstained": 0,
    "citations_total": 79,
    "cite_verdicts": {
      "exists": 76,
      "not_found": 3
    },
    "existence_rate_pooled": 0.962,
    "quote_verdicts": {
      "accurate": 14,
      "inaccurate": 22,
      "near_miss": 16
    },
    "pin_verdicts": {
      "in_range": 58,
      "no_pin": 14,
      "out_of_range": 4,
      "case_unknown": 3
    },
    "temporal": {}
  }
}
total cost $2.0105
2019-024 baseline  cites=  3 exist=1.0 unres=0.0 quotes=2 cost=$0.0178
2019-024 quota     cites=  9 exist=1.0 unres=0.0 quotes=4 cost=$0.0768
2019-024 temporal  cites=  5 exist=1.0 unres=0.0 quotes=4 cost=$0.1239
2019-024 stakes    cites=  4 exist=1.0 unres=0.0 quotes=2 cost=$0.1708
2019-024 combo     cites=  8 exist=1.0 unres=0.0 quotes=9 cost=$0.2102
2011-027 baseline  cites=  4 exist=1.0 unres=0.0 quotes=1 cost=$0.2486
2011-027 quota     cites=  8 exist=1.0 unres=0.0 quotes=1 cost=$0.2894
2011-027 temporal  cites=  7 exist=1.0 unres=0.0 quotes=1 cost=$0.3319
2011-027 stakes    cites=  4 exist=1.0 unres=0.0 quotes=2 cost=$0.3686
2011-027 combo     cites= 10 exist=1.0 unres=0.0 quotes=1 cost=$0.4085
2016-001 baseline  cites=  4 exist=1.0 unres=0.0 quotes=3 cost=$0.4471
2016-001 quota     cites= 10 exist=1.0 unres=0.0 quotes=2 cost=$0.4755
2016-001 temporal  cites=  4 exist=1.0 unres=0.0 quotes=7 cost=$0.5000
2016-001 stakes    cites=  5 exist=1.0 unres=0.0 quotes=5 cost=$0.5386
2016-001 combo     cites=  9 exist=1.0 unres=0.0 quotes=7 cost=$0.5783
2010-065 baseline  cites=  5 exist=1.0 unres=0.0 quotes=2 cost=$0.6109
2010-065 quota     cites= 10 exist=1.0 unres=0.0 quotes=1 cost=$0.6403
2010-065 temporal  cites=  3 exist=1.0 unres=0.0 quotes=4 cost=$0.6602
2010-065 stakes    cites=  5 exist=1.0 unres=0.0 quotes=3 cost=$0.6974
2010-065 combo     cites=  8 exist=1.0 unres=0.0 quotes=7 cost=$0.7242
1997-044 baseline  cites=  3 exist=1.0 unres=0.0 quotes=3 cost=$0.7600
1997-044 quota     cites= 11 exist=1.0 unres=0.0 quotes=2 cost=$0.7977
1997-044 temporal  cites=  4 exist=1.0 unres=0.0 quotes=4 cost=$0.8243
1997-044 stakes    cites=  4 exist=1.0 unres=0.0 quotes=4 cost=$0.8563
1997-044 combo     cites=  9 exist=1.0 unres=0.0 quotes=16 cost=$0.9059
2001-070 baseline  cites=  6 exist=1.0 unres=0.0 quotes=5 cost=$0.9220
2001-070 quota     cites=  9 exist=1.0 unres=0.0 quotes=6 cost=$0.9536
2001-070 temporal  cites=  5 exist=1.0 unres=0.0 quotes=5 cost=$0.9932
2001-070 stakes    cites=  5 exist=1.0 unres=0.0 quotes=1 cost=$1.0207
2001-070 combo     cites=  8 exist=1.0 unres=0.0 quotes=1 cost=$1.0688
2000-087 baseline  cites=  4 exist=1.0 unres=0.0 quotes=7 cost=$1.1068
2000-087 quota     cites=  9 exist=1.0 unres=0.0 quotes=1 cost=$1.1360
2000-087 temporal  cites=  7 exist=1.0 unres=0.0 quotes=5 cost=$1.1638
2000-087 stakes    cites=  4 exist=1.0 unres=0.0 quotes=3 cost=$1.2163
2000-087 combo     cites=  9 exist=1.0 unres=0.0 quotes=0 cost=$1.2646
2013-068 baseline  cites= 12 exist=1.0 unres=0.0 quotes=12 cost=$1.3013
2013-068 quota     cites= 10 exist=1.0 unres=0.0 quotes=6 cost=$1.3343
2013-068 temporal  cites=  7 exist=1.0 unres=0.0 quotes=0 cost=$1.3677
2013-068 stakes    cites=  6 exist=1.0 unres=0.0 quotes=7 cost=$1.3879
2013-068 combo     cites= 10 exist=1.0 unres=0.0 quotes=7 cost=$1.4217
2020-060 baseline  cites=  4 exist=1.0 unres=0.0 quotes=2 cost=$1.4435
2020-060 quota     cites=  8 exist=1.0 unres=0.0 quotes=3 cost=$1.4754
2020-060 temporal  cites=  5 exist=1.0 unres=0.0 quotes=5 cost=$1.5097
2020-060 stakes    cites=  2 exist=1.0 unres=0.0 quotes=1 cost=$1.5445
2020-060 combo     cites= 11 exist=0.8182 unres=0.0 quotes=1 cost=$1.5912
2003-043 baseline  cites=  3 exist=1.0 unres=0.0 quotes=5 cost=$1.6133
2003-043 quota     cites=  7 exist=1.0 unres=0.0 quotes=2 cost=$1.6549
2003-043 temporal  cites=  2 exist=1.0 unres=0.0 quotes=0 cost=$1.6634
2003-043 stakes    cites=  3 exist=1.0 unres=0.0 quotes=2 cost=$1.7005
2003-043 combo     cites=  9 exist=1.0 unres=0.0 quotes=3 cost=$1.7363
2010-026 baseline  cites=  6 exist=1.0 unres=0.0 quotes=10 cost=$1.7601
2010-026 quota     cites= 12 exist=0.9167 unres=0.0 quotes=12 cost=$1.7944
2010-026 temporal  cites=  0 exist=None unres=None quotes=0 cost=$1.8444
2010-026 stakes    cites=  8 exist=1.0 unres=0.0 quotes=12 cost=$1.8636
2010-026 combo     cites=  8 exist=1.0 unres=0.0 quotes=2 cost=$1.9205
2015-007 baseline  cites=  7 exist=1.0 unres=0.0 quotes=3 cost=$1.9394
2015-007 quota     cites=  8 exist=1.0 unres=0.0 quotes=1 cost=$1.9770
2015-007 temporal  cites=  7 exist=1.0 unres=0.0 quotes=1 cost=$2.0057
2015-007 stakes    cites=  5 exist=1.0 unres=0.0 quotes=2 cost=$2.0329
2015-007 combo     cites= 11 exist=1.0 unres=0.0 quotes=4 cost=$2.0570
{
  "baseline": {
    "drafts": 12,
    "abstained": 0,
    "citations_total": 61,
    "cite_verdicts": {
      "exists": 61
    },
    "existence_rate_pooled": 1.0,
    "quote_verdicts": {
      "unverifiable": 16,
      "near_miss": 9,
      "inaccurate": 14,
      "accurate": 16
    },
    "pin_verdicts": {
      "no_pin": 14,
      "in_range": 47
    },
    "temporal": {}
  },
  "stakes": {
    "drafts": 12,
    "abstained": 0,
    "citations_total": 55,
    "cite_verdicts": {
      "exists": 55
    },
    "existence_rate_pooled": 1.0,
    "quote_verdicts": {
      "unverifiable": 21,
      "near_miss": 10,
      "accurate": 10,
      "inaccurate": 3
    },
    "pin_verdicts": {
      "no_pin": 22,
      "in_range": 33
    },
    "temporal": {}
  },
  "combo": {
    "drafts": 12,
    "abstained": 0,
    "citations_total": 110,
    "cite_verdicts": {
      "exists": 108,
      "not_found": 2
    },
    "existence_rate_pooled": 0.982,
    "quote_verdicts": {
      "near_miss": 15,
      "accurate": 14,
      "inaccurate": 15,
      "unverifiable": 14
    },
    "pin_verdicts": {
      "in_range": 103,
      "no_pin": 5,
      "out_of_range": 1,
      "case_unknown": 1
    },
    "temporal": {
      "checked": 110,
      "violated": 0
    }
  },
  "quota": {
    "drafts": 12,
    "abstained": 0,
    "citations_total": 111,
    "cite_verdicts": {
      "exists": 110,
      "not_found": 1
    },
    "existence_rate_pooled": 0.991,
    "quote_verdicts": {
      "unverifiable": 18,
      "inaccurate": 3,
      "near_miss": 9,
      "accurate": 11
    },
    "pin_verdicts": {
      "no_pin": 16,
      "in_range": 93,
      "out_of_range": 1,
      "case_unknown": 1
    },
    "temporal": {}
  },
  "temporal": {
    "drafts": 12,
    "abstained": 1,
    "citations_total": 56,
    "cite_verdicts": {
      "exists": 56
    },
    "existence_rate_pooled": 1.0,
    "quote_verdicts": {
      "inaccurate": 8,
      "unverifiable": 11,
      "accurate": 11,
      "near_miss": 6
    },
    "pin_verdicts": {
      "in_range": 51,
      "no_pin": 5
    },
    "temporal": {
      "checked": 56,
      "violated": 0
    }
  }
}
total cost $2.057
2015-066 baseline  cites= 11 exist=1.0 unres=0.0 quotes=6 cost=$0.0270
2015-066 quota     cites= 11 exist=1.0 unres=0.0 quotes=7 cost=$0.0560
2015-066 temporal  cites=  8 exist=1.0 unres=0.0 quotes=0 cost=$0.0959
2015-066 stakes    cites=  9 exist=1.0 unres=0.0 quotes=5 cost=$0.1281
2015-066 combo     cites= 12 exist=1.0 unres=0.0 quotes=7 cost=$0.1577
2015-038 baseline  cites=  3 exist=1.0 unres=0.0 quotes=6 cost=$0.1905
2015-038 quota     cites=  5 exist=1.0 unres=0.0 quotes=3 cost=$0.2296
2015-038 temporal  cites=  7 exist=1.0 unres=0.0 quotes=2 cost=$0.2797
2015-038 stakes    cites=  1 exist=1.0 unres=0.0 quotes=0 cost=$0.2984
2015-038 combo     cites= 10 exist=1.0 unres=0.0 quotes=1 cost=$0.3416
2020-058 baseline  cites=  6 exist=1.0 unres=0.0 quotes=2 cost=$0.3873
2020-058 quota     cites=  9 exist=0.8889 unres=0.0 quotes=2 cost=$0.4384
2020-058 temporal  cites=  8 exist=0.875 unres=0.0 quotes=1 cost=$0.4860
2020-058 stakes    cites=  5 exist=1.0 unres=0.0 quotes=5 cost=$0.5202
2020-058 combo     cites=  9 exist=1.0 unres=0.0 quotes=1 cost=$0.5588
2020-005 baseline  cites=  8 exist=1.0 unres=0.0 quotes=4 cost=$0.6021
2020-005 quota     cites= 10 exist=1.0 unres=0.0 quotes=1 cost=$0.6267
2020-005 temporal  cites=  5 exist=1.0 unres=0.0 quotes=2 cost=$0.6491
2020-005 stakes    cites=  7 exist=1.0 unres=0.0 quotes=7 cost=$0.6796
2020-005 combo     cites=  9 exist=1.0 unres=0.0 quotes=5 cost=$0.7091
2018-070 baseline  cites=  5 exist=1.0 unres=0.0 quotes=7 cost=$0.7421
2018-070 quota     cites=  9 exist=1.0 unres=0.0 quotes=6 cost=$0.7884
2018-070 temporal  cites=  3 exist=1.0 unres=0.0 quotes=7 cost=$0.8148
2018-070 stakes    cites=  2 exist=1.0 unres=0.0 quotes=5 cost=$0.8492
2018-070 combo     cites=  8 exist=1.0 unres=0.0 quotes=9 cost=$0.8714
2016-067 baseline  cites=  4 exist=1.0 unres=0.0 quotes=4 cost=$0.8961
2016-067 quota     cites=  8 exist=1.0 unres=0.0 quotes=4 cost=$0.9268
2016-067 temporal  cites=  5 exist=1.0 unres=0.0 quotes=3 cost=$0.9716
2016-067 stakes    cites=  3 exist=1.0 unres=0.0 quotes=4 cost=$0.9884
2016-067 combo     cites=  8 exist=1.0 unres=0.0 quotes=3 cost=$1.0308
1999-033 baseline  cites=  6 exist=1.0 unres=0.0 quotes=7 cost=$1.0591
1999-033 quota     cites=  9 exist=1.0 unres=0.0 quotes=2 cost=$1.0980
1999-033 temporal  cites=  6 exist=1.0 unres=0.0 quotes=5 cost=$1.1455
1999-033 stakes    cites=  5 exist=1.0 unres=0.0 quotes=4 cost=$1.1741
1999-033 combo     cites=  9 exist=1.0 unres=0.0 quotes=5 cost=$1.2075
1990-114 baseline  cites= 12 exist=1.0 unres=0.0 quotes=10 cost=$1.2448
1990-114 quota     cites= 13 exist=1.0 unres=0.0 quotes=3 cost=$1.2834
1990-114 temporal  cites=  4 exist=1.0 unres=0.0 quotes=2 cost=$1.3246
1990-114 stakes    cites= 15 exist=1.0 unres=0.0 quotes=6 cost=$1.3582
1990-114 combo     cites= 10 exist=1.0 unres=0.0 quotes=3 cost=$1.3981
2020-012 baseline  cites=  4 exist=1.0 unres=0.0 quotes=4 cost=$1.4163
2020-012 quota     cites= 13 exist=1.0 unres=0.0 quotes=4 cost=$1.4500
2020-012 temporal  cites=  1 exist=1.0 unres=0.0 quotes=1 cost=$1.4810
2020-012 stakes    cites=  4 exist=1.0 unres=0.0 quotes=4 cost=$1.5259
2020-012 combo     cites=  8 exist=1.0 unres=0.0 quotes=8 cost=$1.5702
2020-067 baseline  cites=  6 exist=1.0 unres=0.0 quotes=5 cost=$1.6004
2020-067 quota     cites=  8 exist=1.0 unres=0.0 quotes=5 cost=$1.6268
2020-067 temporal  cites=  5 exist=1.0 unres=0.0 quotes=4 cost=$1.6729
2020-067 stakes    cites=  4 exist=1.0 unres=0.0 quotes=3 cost=$1.7090
2020-067 combo     cites=  8 exist=1.0 unres=0.0 quotes=4 cost=$1.7512
2016-063 baseline  cites=  4 exist=0.75 unres=0.0 quotes=2 cost=$1.7742
2016-063 quota     cites=  9 exist=1.0 unres=0.0 quotes=5 cost=$1.8145
2016-063 temporal  cites=  4 exist=1.0 unres=0.0 quotes=2 cost=$1.8744
2016-063 stakes    cites=  2 exist=1.0 unres=0.0 quotes=3 cost=$1.8966
2016-063 combo     cites=  9 exist=1.0 unres=0.0 quotes=0 cost=$1.9309
1994-059 baseline  cites=  5 exist=1.0 unres=0.0 quotes=2 cost=$1.9623
1994-059 quota     cites= 10 exist=1.0 unres=0.0 quotes=7 cost=$1.9903
1994-059 temporal  cites=  3 exist=1.0 unres=0.0 quotes=4 cost=$2.0189
1994-059 stakes    cites=  5 exist=1.0 unres=0.0 quotes=5 cost=$2.0413
1994-059 combo     cites=  9 exist=1.0 unres=0.0 quotes=7 cost=$2.0663
{
  "combo": {
    "drafts": 12,
    "abstained": 0,
    "citations_total": 109,
    "cite_verdicts": {
      "exists": 109
    },
    "existence_rate_pooled": 1.0,
    "quote_verdicts": {
      "near_miss": 16,
      "inaccurate": 22,
      "accurate": 9,
      "unverifiable": 6
    },
    "pin_verdicts": {
      "in_range": 91,
      "out_of_range": 4,
      "no_pin": 14
    },
    "temporal": {
      "checked": 109,
      "violated": 0
    }
  },
  "quota": {
    "drafts": 12,
    "abstained": 0,
    "citations_total": 114,
    "cite_verdicts": {
      "exists": 113,
      "not_found": 1
    },
    "existence_rate_pooled": 0.991,
    "quote_verdicts": {
      "near_miss": 14,
      "accurate": 16,
      "inaccurate": 11,
      "unverifiable": 8
    },
    "pin_verdicts": {
      "no_pin": 23,
      "in_range": 88,
      "case_unknown": 1,
      "out_of_range": 2
    },
    "temporal": {}
  },
  "temporal": {
    "drafts": 12,
    "abstained": 0,
    "citations_total": 59,
    "cite_verdicts": {
      "exists": 58,
      "not_found": 1
    },
    "existence_rate_pooled": 0.983,
    "quote_verdicts": {
      "unverifiable": 9,
      "inaccurate": 9,
      "accurate": 10,
      "near_miss": 5
    },
    "pin_verdicts": {
      "in_range": 50,
      "case_unknown": 1,
      "no_pin": 8
    },
    "temporal": {
      "checked": 59,
      "violated": 0
    }
  },
  "stakes": {
    "drafts": 12,
    "abstained": 0,
    "citations_total": 62,
    "cite_verdicts": {
      "exists": 62
    },
    "existence_rate_pooled": 1.0,
    "quote_verdicts": {
      "near_miss": 12,
      "accurate": 18,
      "inaccurate": 8,
      "unverifiable": 13
    },
    "pin_verdicts": {
      "in_range": 36,
      "no_pin": 25,
      "out_of_range": 1
    },
    "temporal": {}
  },
  "baseline": {
    "drafts": 12,
    "abstained": 0,
    "citations_total": 74,
    "cite_verdicts": {
      "exists": 73,
      "not_found": 1
    },
    "existence_rate_pooled": 0.986,
    "quote_verdicts": {
      "near_miss": 17,
      "accurate": 15,
      "inaccurate": 13,
      "unverifiable": 14
    },
    "pin_verdicts": {
      "in_range": 52,
      "no_pin": 20,
      "out_of_range": 2
    },
    "temporal": {}
  }
}
total cost $2.0663
2012-031 baseline  cites=  4 exist=1.0 unres=0.0 quotes=5 cost=$0.0360
2012-031 quota     cites=  9 exist=1.0 unres=0.0 quotes=2 cost=$0.0658
2012-031 temporal  cites=  4 exist=1.0 unres=0.0 quotes=2 cost=$0.1055
2012-031 stakes    cites=  3 exist=1.0 unres=0.0 quotes=4 cost=$0.1475
2012-031 combo     cites= 11 exist=1.0 unres=0.0 quotes=1 cost=$0.1815
2011-010 baseline  cites=  6 exist=1.0 unres=0.0 quotes=5 cost=$0.2200
2011-010 quota     cites= 10 exist=1.0 unres=0.0 quotes=8 cost=$0.2699
2011-010 temporal  cites=  3 exist=1.0 unres=0.0 quotes=3 cost=$0.3095
2011-010 stakes    cites=  3 exist=1.0 unres=0.0 quotes=6 cost=$0.3595
2011-010 combo     cites=  9 exist=1.0 unres=0.0 quotes=5 cost=$0.3983
2005-074 baseline  cites=  4 exist=1.0 unres=0.0 quotes=5 cost=$0.4278
2005-074 quota     cites=  9 exist=1.0 unres=0.0 quotes=6 cost=$0.4662
2005-074 temporal  cites=  5 exist=1.0 unres=0.0 quotes=4 cost=$0.5101
2005-074 stakes    cites=  3 exist=1.0 unres=0.0 quotes=3 cost=$0.5483
2005-074 combo     cites= 10 exist=1.0 unres=0.0 quotes=2 cost=$0.5889
2001-013 baseline  cites=  2 exist=1.0 unres=0.0 quotes=2 cost=$0.6176
2001-013 quota     cites= 11 exist=1.0 unres=0.0 quotes=1 cost=$0.6565
2001-013 temporal  cites=  4 exist=1.0 unres=0.0 quotes=2 cost=$0.7043
2001-013 stakes    cites=  2 exist=1.0 unres=0.0 quotes=2 cost=$0.7325
2001-013 combo     cites=  9 exist=1.0 unres=0.0 quotes=2 cost=$0.7772
1992-086 baseline  cites=  4 exist=1.0 unres=0.0 quotes=4 cost=$0.8054
1992-086 quota     cites=  8 exist=1.0 unres=0.0 quotes=4 cost=$0.8400
1992-086 temporal  cites=  5 exist=1.0 unres=0.0 quotes=5 cost=$0.8607
1992-086 stakes    cites=  4 exist=1.0 unres=0.0 quotes=5 cost=$0.8877
1992-086 combo     cites= 10 exist=1.0 unres=0.0 quotes=4 cost=$0.9370
2010-046 baseline  cites=  5 exist=1.0 unres=0.0 quotes=6 cost=$0.9622
2010-046 quota     cites=  9 exist=1.0 unres=0.0 quotes=4 cost=$1.0034
2010-046 temporal  cites=  5 exist=1.0 unres=0.0 quotes=1 cost=$1.0408
2010-046 stakes    cites=  3 exist=1.0 unres=0.0 quotes=6 cost=$1.0779
2010-046 combo     cites= 10 exist=1.0 unres=0.0 quotes=2 cost=$1.1173
2012-006 baseline  cites=  5 exist=1.0 unres=0.0 quotes=1 cost=$1.1539
2012-006 quota     cites= 10 exist=1.0 unres=0.0 quotes=2 cost=$1.1840
2012-006 temporal  cites=  4 exist=0.75 unres=0.0 quotes=2 cost=$1.2260
2012-006 stakes    cites=  4 exist=1.0 unres=0.0 quotes=2 cost=$1.2544
2012-006 combo     cites= 10 exist=1.0 unres=0.0 quotes=10 cost=$1.2925
1998-026 baseline  cites=  4 exist=1.0 unres=0.0 quotes=2 cost=$1.3144
1998-026 quota     cites= 11 exist=1.0 unres=0.0 quotes=2 cost=$1.3493
1998-026 temporal  cites=  3 exist=1.0 unres=0.0 quotes=1 cost=$1.3794
1998-026 stakes    cites=  3 exist=1.0 unres=0.0 quotes=1 cost=$1.4111
1998-026 combo     cites= 10 exist=1.0 unres=0.0 quotes=8 cost=$1.4345
1997-100 baseline  cites=  9 exist=1.0 unres=0.0 quotes=4 cost=$1.4587
1997-100 quota     cites= 10 exist=1.0 unres=0.0 quotes=2 cost=$1.4907
1997-100 temporal  cites=  5 exist=1.0 unres=0.0 quotes=1 cost=$1.5197
1997-100 stakes    cites=  8 exist=1.0 unres=0.0 quotes=5 cost=$1.5537
1997-100 combo     cites=  9 exist=1.0 unres=0.0 quotes=9 cost=$1.5801
2000-071 baseline  cites=  6 exist=1.0 unres=0.0 quotes=3 cost=$1.6225
2000-071 quota     cites=  8 exist=1.0 unres=0.0 quotes=4 cost=$1.6450
2000-071 temporal  cites=  3 exist=1.0 unres=0.0 quotes=5 cost=$1.6920
2000-071 stakes    cites=  4 exist=1.0 unres=0.0 quotes=4 cost=$1.7268
2000-071 combo     cites=  9 exist=1.0 unres=0.0 quotes=2 cost=$1.7655
2012-029 baseline  cites=  8 exist=1.0 unres=0.0 quotes=8 cost=$1.8039
2012-029 quota     cites= 14 exist=0.9167 unres=0.1429 quotes=3 cost=$1.8444
2012-029 temporal  cites=  7 exist=1.0 unres=0.0 quotes=2 cost=$1.8842
2012-029 stakes    cites=  8 exist=0.875 unres=0.0 quotes=7 cost=$1.9059
2012-029 combo     cites= 10 exist=1.0 unres=0.0 quotes=0 cost=$1.9496
1999-051 baseline  cites=  2 exist=1.0 unres=0.0 quotes=4 cost=$1.9673
1999-051 quota     cites=  8 exist=1.0 unres=0.0 quotes=0 cost=$1.9961
1999-051 temporal  cites=  4 exist=1.0 unres=0.0 quotes=3 cost=$2.0245
1999-051 stakes    cites=  5 exist=1.0 unres=0.0 quotes=4 cost=$2.0466
1999-051 combo     cites=  8 exist=1.0 unres=0.0 quotes=2 cost=$2.0724
{
  "temporal": {
    "drafts": 12,
    "abstained": 0,
    "citations_total": 52,
    "cite_verdicts": {
      "exists": 51,
      "not_found": 1
    },
    "existence_rate_pooled": 0.981,
    "quote_verdicts": {
      "inaccurate": 15,
      "near_miss": 6,
      "accurate": 10
    },
    "pin_verdicts": {
      "in_range": 37,
      "no_pin": 14,
      "out_of_range": 1
    },
    "temporal": {
      "checked": 52,
      "violated": 0
    }
  },
  "baseline": {
    "drafts": 12,
    "abstained": 0,
    "citations_total": 59,
    "cite_verdicts": {
      "exists": 59
    },
    "existence_rate_pooled": 1.0,
    "quote_verdicts": {
      "near_miss": 16,
      "accurate": 23,
      "inaccurate": 6,
      "unverifiable": 4
    },
    "pin_verdicts": {
      "in_range": 50,
      "no_pin": 8,
      "out_of_range": 1
    },
    "temporal": {}
  },
  "quota": {
    "drafts": 12,
    "abstained": 0,
    "citations_total": 117,
    "cite_verdicts": {
      "exists": 114,
      "not_found": 1,
      "unresolvable": 2
    },
    "existence_rate_pooled": 0.991,
    "quote_verdicts": {
      "accurate": 19,
      "inaccurate": 6,
      "near_miss": 10,
      "unverifiable": 3
    },
    "pin_verdicts": {
      "in_range": 96,
      "no_pin": 15,
      "out_of_range": 3,
      "case_unknown": 3
    },
    "temporal": {}
  },
  "combo": {
    "drafts": 12,
    "abstained": 0,
    "citations_total": 115,
    "cite_verdicts": {
      "exists": 115
    },
    "existence_rate_pooled": 1.0,
    "quote_verdicts": {
      "near_miss": 20,
      "inaccurate": 20,
      "accurate": 7
    },
    "pin_verdicts": {
      "in_range": 112,
      "out_of_range": 1,
      "no_pin": 1,
      "in_range_unbounded": 1
    },
    "temporal": {
      "checked": 115,
      "violated": 1
    }
  },
  "stakes": {
    "drafts": 12,
    "abstained": 0,
    "citations_total": 50,
    "cite_verdicts": {
      "exists": 49,
      "not_found": 1
    },
    "existence_rate_pooled": 0.98,
    "quote_verdicts": {
      "near_miss": 14,
      "accurate": 21,
      "inaccurate": 12,
      "unverifiable": 2
    },
    "pin_verdicts": {
      "in_range": 38,
      "no_pin": 11,
      "case_unknown": 1
    },
    "temporal": {}
  }
}
total cost $2.0724
2012-031 baseline  cites=  3 exist=1.0 unres=0.0 quotes=2 cost=$0.0031
2012-031 quota     cites=  9 exist=1.0 unres=0.0 quotes=2 cost=$0.0141
2012-031 temporal  cites=  3 exist=0.6667 unres=0.0 quotes=0 cost=$0.0230
2012-031 stakes    cites=  4 exist=1.0 unres=0.0 quotes=2 cost=$0.0275
2012-031 combo     cites= 13 exist=0.6923 unres=0.0 quotes=2 cost=$0.0352
2011-010 baseline  cites=  4 exist=1.0 unres=0.0 quotes=4 cost=$0.0386
2011-010 quota     cites= 11 exist=1.0 unres=0.0 quotes=6 cost=$0.0505
2011-010 temporal  cites=  4 exist=1.0 unres=0.0 quotes=1 cost=$0.0570
2011-010 stakes    cites=  5 exist=1.0 unres=0.0 quotes=2 cost=$0.0651
2011-010 combo     cites= 13 exist=0.6154 unres=0.0 quotes=3 cost=$0.0681
2005-074 baseline  cites=  3 exist=0.6667 unres=0.0 quotes=1 cost=$0.0765
2005-074 quota     cites=  6 exist=0.8333 unres=0.0 quotes=2 cost=$0.0816
2005-074 temporal  cites=  2 exist=1.0 unres=0.0 quotes=2 cost=$0.0831
2005-074 stakes    cites=  4 exist=1.0 unres=0.0 quotes=1 cost=$0.0881
2005-074 combo     cites= 11 exist=1.0 unres=0.0 quotes=2 cost=$0.0993
2001-013 baseline  cites=  4 exist=1.0 unres=0.0 quotes=1 cost=$0.1057
2001-013 quota     cites= 12 exist=1.0 unres=0.0 quotes=0 cost=$0.1210
2001-013 temporal  cites=  4 exist=1.0 unres=0.0 quotes=1 cost=$0.1279
2001-013 stakes    cites=  4 exist=0.75 unres=0.0 quotes=1 cost=$0.1310
2001-013 combo     cites= 11 exist=0.9091 unres=0.0 quotes=0 cost=$0.1358
1992-086 baseline  cites=  4 exist=1.0 unres=0.0 quotes=0 cost=$0.1441
1992-086 quota     cites=  9 exist=1.0 unres=0.0 quotes=0 cost=$0.1497
1992-086 temporal  cites=  5 exist=1.0 unres=0.0 quotes=1 cost=$0.1582
1992-086 stakes    cites=  4 exist=1.0 unres=0.0 quotes=0 cost=$0.1673
1992-086 combo     cites= 12 exist=0.9167 unres=0.0 quotes=1 cost=$0.1717
2010-046 baseline  cites=  7 exist=1.0 unres=0.0 quotes=7 cost=$0.1789
2010-046 quota     cites= 16 exist=1.0 unres=0.0 quotes=1 cost=$0.1835
2010-046 temporal  cites=  4 exist=1.0 unres=0.0 quotes=0 cost=$0.1896
2010-046 stakes    cites=  8 exist=1.0 unres=0.0 quotes=7 cost=$0.1957
2010-046 combo     cites=  9 exist=1.0 unres=0.0 quotes=0 cost=$0.2072
2012-006 baseline  cites=  5 exist=1.0 unres=0.0 quotes=0 cost=$0.2104
2012-006 quota     cites= 10 exist=1.0 unres=0.0 quotes=0 cost=$0.2189
2012-006 temporal  cites=  4 exist=1.0 unres=0.0 quotes=1 cost=$0.2230
2012-006 stakes    cites=  3 exist=1.0 unres=0.0 quotes=1 cost=$0.2280
2012-006 combo     cites= 10 exist=1.0 unres=0.0 quotes=0 cost=$0.2364
1998-026 baseline  cites=  3 exist=0.6667 unres=0.0 quotes=2 cost=$0.2472
1998-026 quota     cites= 18 exist=0.8889 unres=0.0 quotes=0 cost=$0.2529
1998-026 temporal  cites=  3 exist=1.0 unres=0.0 quotes=0 cost=$0.2596
1998-026 stakes    cites=  4 exist=0.75 unres=0.0 quotes=3 cost=$0.2635
1998-026 combo     cites= 12 exist=0.9167 unres=0.0 quotes=2 cost=$0.2667
1997-100 baseline  cites=  8 exist=1.0 unres=0.0 quotes=1 cost=$0.2793
1997-100 quota     cites= 18 exist=1.0 unres=0.0 quotes=1 cost=$0.2908
1997-100 temporal  cites=  2 exist=1.0 unres=0.0 quotes=1 cost=$0.2927
1997-100 stakes    cites=  6 exist=1.0 unres=0.0 quotes=1 cost=$0.2964
1997-100 combo     cites=  8 exist=1.0 unres=0.0 quotes=0 cost=$0.3055
2000-071 baseline  cites=  4 exist=1.0 unres=0.0 quotes=5 cost=$0.3113
2000-071 quota     cites= 15 exist=1.0 unres=0.0 quotes=4 cost=$0.3211
2000-071 temporal  cites=  3 exist=1.0 unres=0.0 quotes=0 cost=$0.3294
2000-071 stakes    cites=  4 exist=1.0 unres=0.0 quotes=2 cost=$0.3323
2000-071 combo     cites= 10 exist=1.0 unres=0.0 quotes=0 cost=$0.3400
2012-029 baseline  cites=  6 exist=1.0 unres=0.0 quotes=0 cost=$0.3415
2012-029 quota     cites= 14 exist=1.0 unres=0.0 quotes=1 cost=$0.3438
2012-029 temporal  cites=  5 exist=1.0 unres=0.0 quotes=4 cost=$0.3467
2012-029 stakes    cites=  4 exist=1.0 unres=0.0 quotes=0 cost=$0.3503
2012-029 combo     cites=  6 exist=1.0 unres=0.0 quotes=3 cost=$0.3545
1999-051 baseline  cites=  4 exist=1.0 unres=0.0 quotes=1 cost=$0.3559
1999-051 quota     cites=  9 exist=1.0 unres=0.0 quotes=1 cost=$0.3603
1999-051 temporal  cites=  3 exist=1.0 unres=0.0 quotes=0 cost=$0.3612
1999-051 stakes    cites=  3 exist=1.0 unres=0.0 quotes=0 cost=$0.3667
1999-051 combo     cites= 10 exist=1.0 unres=0.0 quotes=0 cost=$0.3728
{
  "baseline": {
    "drafts": 12,
    "abstained": 0,
    "citations_total": 55,
    "cite_verdicts": {
      "exists": 53,
      "not_found": 2
    },
    "existence_rate_pooled": 0.964,
    "quote_verdicts": {
      "accurate": 2,
      "near_miss": 9,
      "inaccurate": 10,
      "unverifiable": 3
    },
    "pin_verdicts": {
      "no_pin": 16,
      "in_range": 34,
      "case_unknown": 2,
      "out_of_range": 3
    },
    "temporal": {}
  },
  "combo": {
    "drafts": 12,
    "abstained": 0,
    "citations_total": 125,
    "cite_verdicts": {
      "exists": 113,
      "not_found": 12
    },
    "existence_rate_pooled": 0.904,
    "quote_verdicts": {
      "near_miss": 2,
      "unverifiable": 2,
      "inaccurate": 8,
      "accurate": 1
    },
    "pin_verdicts": {
      "in_range": 42,
      "case_unknown": 5,
      "out_of_range": 1,
      "no_pin": 77
    },
    "temporal": {
      "checked": 125,
      "violated": 5
    }
  },
  "temporal": {
    "drafts": 12,
    "abstained": 0,
    "citations_total": 42,
    "cite_verdicts": {
      "not_found": 1,
      "exists": 41
    },
    "existence_rate_pooled": 0.976,
    "quote_verdicts": {
      "inaccurate": 4,
      "unverifiable": 1,
      "accurate": 3,
      "near_miss": 3
    },
    "pin_verdicts": {
      "no_pin": 35,
      "in_range": 7
    },
    "temporal": {
      "checked": 42,
      "violated": 5
    }
  },
  "stakes": {
    "drafts": 12,
    "abstained": 0,
    "citations_total": 53,
    "cite_verdicts": {
      "exists": 51,
      "not_found": 2
    },
    "existence_rate_pooled": 0.962,
    "quote_verdicts": {
      "accurate": 7,
      "near_miss": 8,
      "unverifiable": 1,
      "inaccurate": 4
    },
    "pin_verdicts": {
      "no_pin": 22,
      "in_range": 28,
      "out_of_range": 1,
      "case_unknown": 2
    },
    "temporal": {}
  },
  "quota": {
    "drafts": 12,
    "abstained": 0,
    "citations_total": 147,
    "cite_verdicts": {
      "exists": 144,
      "not_found": 3
    },
    "existence_rate_pooled": 0.98,
    "quote_verdicts": {
      "inaccurate": 8,
      "near_miss": 5,
      "unverifiable": 1,
      "accurate": 4
    },
    "pin_verdicts": {
      "in_range": 50,
      "no_pin": 94,
      "out_of_range": 3
    },
    "temporal": {}
  }
}
total cost $0.3728
2019-024 baseline  cites=  3 exist=1.0 unres=0.0 quotes=6 cost=$0.0425
2019-024 quota     cites=  6 exist=0.75 unres=0.3333 quotes=3 cost=$0.0425
2019-024 temporal  cites=  5 exist=0.2 unres=0.0 quotes=0 cost=$0.0425
2019-024 stakes    cites=  5 exist=0.8 unres=0.0 quotes=4 cost=$0.0425
2019-024 combo     cites=  8 exist=0.625 unres=0.0 quotes=5 cost=$0.0425
2011-027 baseline  cites= 11 exist=0.8182 unres=0.0 quotes=4 cost=$0.0431
2011-027 quota     cites= 16 exist=0.625 unres=0.0 quotes=6 cost=$0.0486
2011-027 temporal  cites=  8 exist=0.0 unres=0.0 quotes=0 cost=$0.0502
2011-027 stakes    cites=  4 exist=0.25 unres=0.0 quotes=2 cost=$0.0524
2011-027 combo     cites=  9 exist=0.2222 unres=0.0 quotes=0 cost=$0.0556
2016-001 baseline  cites=  8 exist=0.75 unres=0.0 quotes=8 cost=$0.0578
2016-001 quota     cites=  8 exist=0.25 unres=0.0 quotes=7 cost=$0.0599
2016-001 temporal  cites=  4 exist=0.25 unres=0.0 quotes=0 cost=$0.0620
2016-001 stakes    cites=  7 exist=0.7143 unres=0.0 quotes=9 cost=$0.0640
2016-001 combo     cites=  7 exist=0.0 unres=0.0 quotes=0 cost=$0.0645
2010-065 baseline  cites= 21 exist=1.0 unres=0.0 quotes=7 cost=$0.0659
2010-065 quota     cites= 11 exist=0.9091 unres=0.0 quotes=10 cost=$0.0665
2010-065 temporal  cites=  9 exist=1.0 unres=0.0 quotes=4 cost=$0.0670
2010-065 stakes    cites= 19 exist=0.9474 unres=0.0 quotes=4 cost=$0.0680
2010-065 combo     cites= 16 exist=0.9375 unres=0.0 quotes=10 cost=$0.0690
1997-044 baseline  cites=  9 exist=0.7778 unres=0.0 quotes=5 cost=$0.0690
1997-044 quota     cites= 12 exist=0.8333 unres=0.0 quotes=4 cost=$0.0690
1997-044 temporal  cites=  2 exist=0.0 unres=0.0 quotes=0 cost=$0.0690
1997-044 stakes    cites=  9 exist=0.7778 unres=0.0 quotes=3 cost=$0.0690
1997-044 combo     cites=  1 exist=0.0 unres=0.0 quotes=0 cost=$0.0690
2001-070 baseline  cites=  8 exist=1.0 unres=0.0 quotes=10 cost=$0.0729
2001-070 quota     cites=  9 exist=0.7778 unres=0.0 quotes=7 cost=$0.0743
2001-070 temporal  cites=  6 exist=0.5 unres=0.0 quotes=6 cost=$0.0768
2001-070 stakes    cites=  9 exist=1.0 unres=0.0 quotes=12 cost=$0.0778
2001-070 combo     cites=  9 exist=0.2222 unres=0.0 quotes=2 cost=$0.0798
2000-087 baseline  cites=  3 exist=1.0 unres=0.0 quotes=0 cost=$0.0813
2000-087 quota     cites= 16 exist=0.8125 unres=0.0 quotes=8 cost=$0.0833
2000-087 temporal  cites=  7 exist=0.8571 unres=0.0 quotes=5 cost=$0.0843
2000-087 stakes    cites=  4 exist=1.0 unres=0.0 quotes=2 cost=$0.0879
2000-087 combo     cites= 11 exist=0.6364 unres=0.0 quotes=6 cost=$0.0890
2013-068 baseline  cites= 25 exist=1.0 unres=0.0 quotes=3 cost=$0.0915
2013-068 quota     cites= 24 exist=1.0 unres=0.0 quotes=5 cost=$0.0936
2013-068 temporal  cites=  6 exist=1.0 unres=0.0 quotes=10 cost=$0.0960
2013-068 stakes    cites=  8 exist=1.0 unres=0.0 quotes=7 cost=$0.0982
2013-068 combo     cites= 14 exist=0.9286 unres=0.0 quotes=4 cost=$0.0997
2020-060 baseline  cites=  7 exist=0.8571 unres=0.0 quotes=6 cost=$0.0997
2020-060 quota     cites=  6 exist=0.6667 unres=0.0 quotes=6 cost=$0.0997
2020-060 temporal  cites=  2 exist=0.5 unres=0.0 quotes=2 cost=$0.0997
2020-060 stakes    cites=  6 exist=0.6667 unres=0.0 quotes=8 cost=$0.0997
2020-060 combo     cites=  5 exist=0.4 unres=0.0 quotes=6 cost=$0.0997
2003-043 baseline  cites=  6 exist=0.6667 unres=0.0 quotes=3 cost=$0.1015
2003-043 quota     cites=  4 exist=1.0 unres=0.0 quotes=2 cost=$0.1034
2003-043 temporal  cites=  8 exist=0.5 unres=0.0 quotes=3 cost=$0.1044
2003-043 stakes    cites=  3 exist=1.0 unres=0.0 quotes=5 cost=$0.1060
2003-043 combo     cites=  8 exist=0.5 unres=0.0 quotes=1 cost=$0.1065
2010-026 baseline  cites= 10 exist=1.0 unres=0.0 quotes=8 cost=$0.1080
2010-026 quota     cites= 13 exist=1.0 unres=0.0 quotes=12 cost=$0.1086
2010-026 temporal  cites=  6 exist=0.5 unres=0.0 quotes=5 cost=$0.1096
2010-026 stakes    cites= 13 exist=1.0 unres=0.0 quotes=7 cost=$0.1127
2010-026 combo     cites=  9 exist=0.6667 unres=0.0 quotes=8 cost=$0.1174
2015-007 baseline  cites= 12 exist=0.9167 unres=0.0 quotes=6 cost=$0.1190
2015-007 quota     cites= 23 exist=0.9565 unres=0.0 quotes=3 cost=$0.1214
2015-007 temporal  cites= 11 exist=0.5455 unres=0.0 quotes=6 cost=$0.1232
2015-007 stakes    cites= 18 exist=0.9444 unres=0.0 quotes=3 cost=$0.1245
2015-007 combo     cites=  7 exist=1.0 unres=0.0 quotes=14 cost=$0.1262
{
  "baseline": {
    "drafts": 12,
    "abstained": 0,
    "citations_total": 123,
    "cite_verdicts": {
      "exists": 113,
      "not_found": 10
    },
    "existence_rate_pooled": 0.919,
    "quote_verdicts": {
      "unverifiable": 28,
      "near_miss": 18,
      "inaccurate": 12,
      "accurate": 8
    },
    "pin_verdicts": {
      "out_of_range": 6,
      "in_range": 47,
      "no_pin": 64,
      "case_unknown": 6
    },
    "temporal": {}
  },
  "stakes": {
    "drafts": 12,
    "abstained": 0,
    "citations_total": 105,
    "cite_verdicts": {
      "not_found": 12,
      "exists": 93
    },
    "existence_rate_pooled": 0.886,
    "quote_verdicts": {
      "unverifiable": 21,
      "inaccurate": 24,
      "near_miss": 16,
      "accurate": 5
    },
    "pin_verdicts": {
      "case_unknown": 7,
      "no_pin": 49,
      "out_of_range": 1,
      "in_range": 48
    },
    "temporal": {}
  },
  "combo": {
    "drafts": 12,
    "abstained": 0,
    "citations_total": 104,
    "cite_verdicts": {
      "exists": 63,
      "not_found": 41
    },
    "existence_rate_pooled": 0.606,
    "quote_verdicts": {
      "inaccurate": 34,
      "unverifiable": 5,
      "near_miss": 15,
      "accurate": 2
    },
    "pin_verdicts": {
      "no_pin": 59,
      "case_unknown": 19,
      "in_range": 26
    },
    "temporal": {
      "checked": 102,
      "violated": 20
    }
  },
  "temporal": {
    "drafts": 12,
    "abstained": 0,
    "citations_total": 74,
    "cite_verdicts": {
      "not_found": 34,
      "exists": 40
    },
    "existence_rate_pooled": 0.541,
    "quote_verdicts": {
      "unverifiable": 9,
      "inaccurate": 19,
      "near_miss": 13
    },
    "pin_verdicts": {
      "no_pin": 54,
      "in_range": 14,
      "out_of_range": 1,
      "case_unknown": 5
    },
    "temporal": {
      "checked": 73,
      "violated": 3
    }
  },
  "quota": {
    "drafts": 12,
    "abstained": 0,
    "citations_total": 148,
    "cite_verdicts": {
      "exists": 122,
      "not_found": 24,
      "unresolvable": 2
    },
    "existence_rate_pooled": 0.836,
    "quote_verdicts": {
      "unverifiable": 26,
      "inaccurate": 25,
      "near_miss": 15,
      "accurate": 7
    },
    "pin_verdicts": {
      "out_of_range": 6,
      "case_unknown": 17,
      "no_pin": 74,
      "in_range": 51
    },
    "temporal": {}
  }
}
total cost $0.1262
1992-109 baseline  cites= 23 exist=0.913 unres=0.0 quotes=3 cost=$0.0425
1992-109 quota     cites= 24 exist=0.9167 unres=0.0 quotes=3 cost=$0.0425
1992-109 temporal  cites= 11 exist=0.9091 unres=0.0 quotes=9 cost=$0.0425
1992-109 stakes    cites= 18 exist=0.8889 unres=0.0 quotes=3 cost=$0.0425
1992-109 combo     cites= 12 exist=0.9167 unres=0.0 quotes=6 cost=$0.0425
2009-045 baseline  cites=  9 exist=1.0 unres=0.0 quotes=5 cost=$0.0436
2009-045 quota     cites= 14 exist=0.9286 unres=0.0 quotes=8 cost=$0.0459
2009-045 temporal  cites= 11 exist=0.4545 unres=0.0 quotes=12 cost=$0.0470
2009-045 stakes    cites=  9 exist=1.0 unres=0.0 quotes=4 cost=$0.0497
2009-045 combo     cites= 10 exist=0.7 unres=0.0 quotes=15 cost=$0.0519
1997-046 baseline  cites=  8 exist=0.625 unres=0.0 quotes=2 cost=$0.0534
1997-046 quota     cites= 14 exist=1.0 unres=0.0 quotes=13 cost=$0.0545
1997-046 temporal  cites=  4 exist=0.75 unres=0.0 quotes=2 cost=$0.0567
1997-046 stakes    cites=  9 exist=1.0 unres=0.0 quotes=8 cost=$0.0588
1997-046 combo     cites= 13 exist=0.6154 unres=0.0 quotes=8 cost=$0.0594
2020-032 baseline  cites= 11 exist=0.9091 unres=0.0 quotes=9 cost=$0.0610
2020-032 quota     cites= 12 exist=1.0 unres=0.25 quotes=10 cost=$0.0634
2020-032 temporal  cites=  4 exist=1.0 unres=0.0 quotes=4 cost=$0.0650
2020-032 stakes    cites= 10 exist=1.0 unres=0.1 quotes=8 cost=$0.0685
2020-032 combo     cites=  5 exist=0.8 unres=0.0 quotes=3 cost=$0.0696
2015-055 baseline  cites=  6 exist=1.0 unres=0.0 quotes=5 cost=$0.0696
2015-055 quota     cites= 10 exist=0.875 unres=0.2 quotes=10 cost=$0.0696
2015-055 temporal  cites= 13 exist=0.6154 unres=0.0 quotes=8 cost=$0.0696
2015-055 stakes    cites= 11 exist=0.9091 unres=0.0 quotes=2 cost=$0.0696
2015-055 combo     cites=  8 exist=0.875 unres=0.0 quotes=9 cost=$0.0696
2013-058 baseline  cites=  3 exist=0.6667 unres=0.0 quotes=2 cost=$0.0700
2013-058 quota     cites=  8 exist=0.375 unres=0.0 quotes=1 cost=$0.0714
2013-058 temporal  cites=  5 exist=0.2 unres=0.0 quotes=3 cost=$0.0733
2013-058 stakes    cites=  6 exist=0.6667 unres=0.0 quotes=3 cost=$0.0753
2013-058 combo     cites=  6 exist=0.3333 unres=0.0 quotes=3 cost=$0.0783
2014-024 baseline  cites=  5 exist=1.0 unres=0.0 quotes=5 cost=$0.0808
2014-024 quota     cites=  8 exist=0.75 unres=0.0 quotes=9 cost=$0.0818
2014-024 temporal  cites=  6 exist=1.0 unres=0.0 quotes=7 cost=$0.0823
2014-024 stakes    cites=  7 exist=1.0 unres=0.0 quotes=8 cost=$0.0838
2014-024 combo     cites= 11 exist=0.9091 unres=0.0 quotes=11 cost=$0.0869
1990-075 baseline  cites=  8 exist=1.0 unres=0.0 quotes=6 cost=$0.0885
1990-075 quota     cites=  9 exist=0.7778 unres=0.0 quotes=8 cost=$0.0905
1990-075 temporal  cites= 11 exist=0.4545 unres=0.0 quotes=5 cost=$0.0926
1990-075 stakes    cites=  6 exist=1.0 unres=0.0 quotes=6 cost=$0.0955
1990-075 combo     cites=  8 exist=0.75 unres=0.0 quotes=8 cost=$0.0992
1997-033 baseline  cites=  7 exist=1.0 unres=0.0 quotes=4 cost=$0.0992
1997-033 quota     cites=  7 exist=0.7143 unres=0.0 quotes=5 cost=$0.0992
1997-033 temporal  cites=  6 exist=0.8333 unres=0.0 quotes=6 cost=$0.0992
1997-033 stakes    cites=  7 exist=1.0 unres=0.0 quotes=6 cost=$0.0992
1997-033 combo     cites=  6 exist=0.8333 unres=0.0 quotes=4 cost=$0.0992
1998-085 baseline  cites=  6 exist=0.3333 unres=0.0 quotes=3 cost=$0.1010
1998-085 quota     cites=  7 exist=0.8571 unres=0.0 quotes=9 cost=$0.1029
1998-085 temporal  cites=  3 exist=0.3333 unres=0.0 quotes=3 cost=$0.1039
1998-085 stakes    cites=  5 exist=1.0 unres=0.0 quotes=9 cost=$0.1055
1998-085 combo     cites=  4 exist=0.5 unres=0.0 quotes=3 cost=$0.1091
1997-021 baseline  cites=  5 exist=0.8 unres=0.0 quotes=0 cost=$0.1112
1997-021 quota     cites=  9 exist=0.5 unres=0.1111 quotes=4 cost=$0.1122
1997-021 temporal  cites=  9 exist=0.5556 unres=0.0 quotes=7 cost=$0.1148
1997-021 stakes    cites= 13 exist=0.9231 unres=0.0 quotes=5 cost=$0.1169
1997-021 combo     cites=  9 exist=0.5556 unres=0.0 quotes=5 cost=$0.1195
2005-087 baseline  cites=  8 exist=1.0 unres=0.0 quotes=8 cost=$0.1203
2005-087 quota     cites=  8 exist=0.875 unres=0.0 quotes=9 cost=$0.1217
2005-087 temporal  cites=  6 exist=0.3333 unres=0.0 quotes=0 cost=$0.1240
2005-087 stakes    cites=  9 exist=0.6667 unres=0.0 quotes=6 cost=$0.1257
2005-087 combo     cites= 13 exist=0.6923 unres=0.0 quotes=11 cost=$0.1265
{
  "stakes": {
    "drafts": 12,
    "abstained": 0,
    "citations_total": 110,
    "cite_verdicts": {
      "exists": 100,
      "not_found": 9,
      "unresolvable": 1
    },
    "existence_rate_pooled": 0.917,
    "quote_verdicts": {
      "inaccurate": 25,
      "near_miss": 28,
      "accurate": 12,
      "unverifiable": 3
    },
    "pin_verdicts": {
      "in_range": 68,
      "no_pin": 33,
      "out_of_range": 3,
      "case_unknown": 6
    },
    "temporal": {}
  },
  "combo": {
    "drafts": 12,
    "abstained": 0,
    "citations_total": 105,
    "cite_verdicts": {
      "not_found": 29,
      "exists": 76
    },
    "existence_rate_pooled": 0.724,
    "quote_verdicts": {
      "near_miss": 18,
      "inaccurate": 40,
      "unverifiable": 24,
      "accurate": 4
    },
    "pin_verdicts": {
      "case_unknown": 9,
      "in_range": 31,
      "no_pin": 61,
      "out_of_range": 3,
      "in_range_unbounded": 1
    },
    "temporal": {
      "checked": 104,
      "violated": 17
    }
  },
  "baseline": {
    "drafts": 12,
    "abstained": 0,
    "citations_total": 99,
    "cite_verdicts": {
      "exists": 87,
      "not_found": 12
    },
    "existence_rate_pooled": 0.879,
    "quote_verdicts": {
      "near_miss": 21,
      "inaccurate": 20,
      "accurate": 8,
      "unverifiable": 3
    },
    "pin_verdicts": {
      "in_range": 66,
      "no_pin": 25,
      "case_unknown": 7,
      "out_of_range": 1
    },
    "temporal": {}
  },
  "quota": {
    "drafts": 12,
    "abstained": 0,
    "citations_total": 130,
    "cite_verdicts": {
      "exists": 103,
      "not_found": 21,
      "unresolvable": 6
    },
    "existence_rate_pooled": 0.831,
    "quote_verdicts": {
      "near_miss": 35,
      "inaccurate": 33,
      "accurate": 12,
      "unverifiable": 9
    },
    "pin_verdicts": {
      "in_range": 79,
      "no_pin": 33,
      "case_unknown": 12,
      "out_of_range": 3
    },
    "temporal": {}
  },
  "temporal": {
    "drafts": 12,
    "abstained": 0,
    "citations_total": 89,
    "cite_verdicts": {
      "exists": 55,
      "not_found": 34
    },
    "existence_rate_pooled": 0.618,
    "quote_verdicts": {
      "near_miss": 16,
      "unverifiable": 13,
      "accurate": 4,
      "inaccurate": 33
    },
    "pin_verdicts": {
      "in_range": 30,
      "no_pin": 45,
      "case_unknown": 13,
      "out_of_range": 1
    },
    "temporal": {
      "checked": 89,
      "violated": 9
    }
  }
}
total cost $0.1265
2019-024 baseline  cites=  4 exist=1.0 unres=0.0 quotes=7 cost=$0.0069
2019-024 quota     cites=  8 exist=1.0 unres=0.0 quotes=3 cost=$0.0122
2019-024 temporal  cites=  2 exist=0.5 unres=0.0 quotes=0 cost=$0.0154
2019-024 stakes    cites=  3 exist=1.0 unres=0.0 quotes=6 cost=$0.0216
2019-024 combo     cites= 12 exist=0.75 unres=0.0 quotes=10 cost=$0.0369
2011-027 baseline  cites=  7 exist=1.0 unres=0.0 quotes=1 cost=$0.0439
2011-027 quota     cites= 12 exist=0.9167 unres=0.0 quotes=1 cost=$0.0535
2011-027 temporal  cites=  3 exist=1.0 unres=0.0 quotes=2 cost=$0.0585
2011-027 stakes    cites=  5 exist=1.0 unres=0.0 quotes=1 cost=$0.0633
2011-027 combo     cites=  9 exist=0.8889 unres=0.0 quotes=6 cost=$0.0716
2016-001 baseline  cites=  3 exist=1.0 unres=0.0 quotes=1 cost=$0.0793
2016-001 quota     cites= 10 exist=1.0 unres=0.0 quotes=5 cost=$0.0849
2016-001 temporal  cites=  4 exist=1.0 unres=0.0 quotes=3 cost=$0.0895
2016-001 stakes    cites=  5 exist=1.0 unres=0.0 quotes=1 cost=$0.0926
2016-001 combo     cites= 16 exist=0.75 unres=0.0 quotes=1 cost=$0.0945
2010-065 baseline  cites=  6 exist=1.0 unres=0.0 quotes=3 cost=$0.1018
2010-065 quota     cites= 19 exist=1.0 unres=0.0 quotes=1 cost=$0.1075
2010-065 temporal  cites=  2 exist=1.0 unres=0.0 quotes=2 cost=$0.1089
2010-065 stakes    cites=  8 exist=1.0 unres=0.0 quotes=1 cost=$0.1122
2010-065 combo     cites= 11 exist=1.0 unres=0.0 quotes=3 cost=$0.1196
1997-044 baseline  cites=  3 exist=1.0 unres=0.0 quotes=3 cost=$0.1256
1997-044 quota     cites= 10 exist=1.0 unres=0.0 quotes=5 cost=$0.1375
1997-044 temporal  cites=  2 exist=1.0 unres=0.0 quotes=0 cost=$0.1404
1997-044 stakes    cites=  4 exist=1.0 unres=0.0 quotes=3 cost=$0.1457
1997-044 combo     cites=  9 exist=0.8889 unres=0.0 quotes=8 cost=$0.1532
2001-070 baseline  cites=  3 exist=1.0 unres=0.0 quotes=3 cost=$0.1620
2001-070 quota     cites=  9 exist=1.0 unres=0.0 quotes=2 cost=$0.1701
2001-070 temporal  cites=  6 exist=1.0 unres=0.0 quotes=5 cost=$0.1744
2001-070 stakes    cites=  4 exist=1.0 unres=0.0 quotes=1 cost=$0.1801
2001-070 combo     cites= 15 exist=1.0 unres=0.0 quotes=7 cost=$0.1881
2000-087 baseline  cites=  3 exist=1.0 unres=0.0 quotes=1 cost=$0.1925
2000-087 quota     cites=  9 exist=1.0 unres=0.0 quotes=2 cost=$0.2038
2000-087 temporal  cites=  4 exist=1.0 unres=0.0 quotes=5 cost=$0.2090
2000-087 stakes    cites=  1 exist=1.0 unres=0.0 quotes=1 cost=$0.2137
2000-087 combo     cites= 12 exist=1.0 unres=0.0 quotes=9 cost=$0.2206
2013-068 baseline  cites=  2 exist=1.0 unres=0.0 quotes=0 cost=$0.2300
2013-068 quota     cites= 10 exist=1.0 unres=0.0 quotes=1 cost=$0.2396
2013-068 temporal  cites=  2 exist=1.0 unres=0.0 quotes=1 cost=$0.2484
2013-068 stakes    cites=  5 exist=1.0 unres=0.0 quotes=0 cost=$0.2574
2013-068 combo     cites=  9 exist=1.0 unres=0.0 quotes=1 cost=$0.2683
2020-060 baseline  cites= 10 exist=1.0 unres=0.0 quotes=0 cost=$0.2752
2020-060 quota     cites= 16 exist=1.0 unres=0.0 quotes=5 cost=$0.2827
2020-060 temporal  cites=  3 exist=1.0 unres=0.0 quotes=2 cost=$0.2890
2020-060 stakes    cites=  3 exist=1.0 unres=0.0 quotes=1 cost=$0.2944
2020-060 combo     cites= 10 exist=1.0 unres=0.0 quotes=5 cost=$0.2993
2003-043 baseline  cites=  4 exist=0.75 unres=0.0 quotes=2 cost=$0.3022
2003-043 quota     cites=  8 exist=0.875 unres=0.0 quotes=1 cost=$0.3089
2003-043 temporal  cites=  5 exist=0.8 unres=0.0 quotes=2 cost=$0.3126
2003-043 stakes    cites=  4 exist=0.75 unres=0.0 quotes=2 cost=$0.3227
2003-043 combo     cites= 12 exist=0.75 unres=0.0 quotes=1 cost=$0.3372
2010-026 baseline  cites=  5 exist=1.0 unres=0.0 quotes=5 cost=$0.3452
2010-026 quota     cites= 14 exist=1.0 unres=0.0 quotes=6 cost=$0.3525
2010-026 temporal  cites=  3 exist=1.0 unres=0.0 quotes=4 cost=$0.3645
2010-026 stakes    cites=  6 exist=1.0 unres=0.0 quotes=3 cost=$0.3698
2010-026 combo     cites=  5 exist=1.0 unres=0.0 quotes=3 cost=$0.3743
2015-007 baseline  cites=  7 exist=1.0 unres=0.0 quotes=2 cost=$0.3772
2015-007 quota     cites= 24 exist=1.0 unres=0.0 quotes=1 cost=$0.3791
2015-007 temporal  cites=  2 exist=1.0 unres=0.0 quotes=3 cost=$0.3814
2015-007 stakes    cites=  5 exist=1.0 unres=0.0 quotes=1 cost=$0.3828
2015-007 combo     cites= 12 exist=1.0 unres=0.0 quotes=0 cost=$0.3845
{
  "stakes": {
    "drafts": 12,
    "abstained": 0,
    "citations_total": 53,
    "cite_verdicts": {
      "exists": 52,
      "not_found": 1
    },
    "existence_rate_pooled": 0.981,
    "quote_verdicts": {
      "unverifiable": 11,
      "near_miss": 4,
      "inaccurate": 4,
      "accurate": 2
    },
    "pin_verdicts": {
      "no_pin": 20,
      "in_range": 31,
      "out_of_range": 1,
      "case_unknown": 1
    },
    "temporal": {}
  },
  "baseline": {
    "drafts": 12,
    "abstained": 0,
    "citations_total": 57,
    "cite_verdicts": {
      "exists": 56,
      "not_found": 1
    },
    "existence_rate_pooled": 0.982,
    "quote_verdicts": {
      "unverifiable": 14,
      "near_miss": 4,
      "accurate": 8,
      "inaccurate": 2
    },
    "pin_verdicts": {
      "no_pin": 22,
      "in_range": 31,
      "out_of_range": 3,
      "case_unknown": 1
    },
    "temporal": {}
  },
  "temporal": {
    "drafts": 12,
    "abstained": 0,
    "citations_total": 38,
    "cite_verdicts": {
      "not_found": 2,
      "exists": 36
    },
    "existence_rate_pooled": 0.947,
    "quote_verdicts": {
      "inaccurate": 12,
      "unverifiable": 6,
      "near_miss": 7,
      "accurate": 4
    },
    "pin_verdicts": {
      "no_pin": 29,
      "in_range": 9
    },
    "temporal": {
      "checked": 37,
      "violated": 6
    }
  },
  "combo": {
    "drafts": 12,
    "abstained": 0,
    "citations_total": 132,
    "cite_verdicts": {
      "exists": 120,
      "not_found": 12
    },
    "existence_rate_pooled": 0.909,
    "quote_verdicts": {
      "unverifiable": 14,
      "inaccurate": 19,
      "near_miss": 11,
      "accurate": 10
    },
    "pin_verdicts": {
      "no_pin": 109,
      "in_range": 21,
      "case_unknown": 1,
      "out_of_range": 1
    },
    "temporal": {
      "checked": 131,
      "violated": 15
    }
  },
  "quota": {
    "drafts": 12,
    "abstained": 0,
    "citations_total": 149,
    "cite_verdicts": {
      "exists": 147,
      "not_found": 2
    },
    "existence_rate_pooled": 0.987,
    "quote_verdicts": {
      "unverifiable": 12,
      "near_miss": 6,
      "inaccurate": 8,
      "accurate": 7
    },
    "pin_verdicts": {
      "in_range": 58,
      "out_of_range": 5,
      "no_pin": 85,
      "case_unknown": 1
    },
    "temporal": {}
  }
}
total cost $0.3845
2012-031 baseline  cites=  4 exist=0.75 unres=0.0 quotes=1 cost=$0.0425
2012-031 quota     cites=  7 exist=0.8571 unres=0.0 quotes=7 cost=$0.0425
2012-031 temporal  cites=  5 exist=0.8 unres=0.0 quotes=3 cost=$0.0425
2012-031 stakes    cites=  7 exist=0.8571 unres=0.0 quotes=4 cost=$0.0425
2012-031 combo     cites=  4 exist=0.5 unres=0.0 quotes=4 cost=$0.0425
2011-010 baseline  cites=  6 exist=0.8333 unres=0.0 quotes=3 cost=$0.0442
2011-010 quota     cites= 10 exist=0.9 unres=0.0 quotes=7 cost=$0.0459
2011-010 temporal  cites=  7 exist=0.4286 unres=0.0 quotes=4 cost=$0.0475
2011-010 stakes    cites=  3 exist=1.0 unres=0.0 quotes=0 cost=$0.0497
2011-010 combo     cites=  3 exist=1.0 unres=0.0 quotes=6 cost=$0.0519
2005-074 baseline  cites=  3 exist=0.6667 unres=0.0 quotes=4 cost=$0.0540
2005-074 quota     cites=  4 exist=1.0 unres=0.0 quotes=9 cost=$0.0551
2005-074 temporal  cites= 12 exist=0.5833 unres=0.0 quotes=6 cost=$0.0572
2005-074 stakes    cites=  4 exist=0.75 unres=0.0 quotes=5 cost=$0.0583
2005-074 combo     cites=  9 exist=0.6667 unres=0.0 quotes=7 cost=$0.0615
2001-013 baseline  cites=  5 exist=0.6 unres=0.0 quotes=2 cost=$0.0634
2001-013 quota     cites=  4 exist=0.75 unres=0.0 quotes=4 cost=$0.0654
2001-013 temporal  cites=  7 exist=0.8571 unres=0.0 quotes=5 cost=$0.0674
2001-013 stakes    cites=  4 exist=1.0 unres=0.0 quotes=2 cost=$0.0710
2001-013 combo     cites= 11 exist=0.2727 unres=0.0 quotes=4 cost=$0.0718
1992-086 baseline  cites=  5 exist=1.0 unres=0.0 quotes=3 cost=$0.0718
1992-086 quota     cites=  9 exist=1.0 unres=0.0 quotes=3 cost=$0.0718
1992-086 temporal  cites=  6 exist=1.0 unres=0.0 quotes=3 cost=$0.0718
1992-086 stakes    cites=  6 exist=1.0 unres=0.0 quotes=5 cost=$0.0718
1992-086 combo     cites=  5 exist=1.0 unres=0.0 quotes=7 cost=$0.0718
2010-046 baseline  cites=  4 exist=0.5 unres=0.0 quotes=5 cost=$0.0749
2010-046 quota     cites= 12 exist=0.8333 unres=0.0 quotes=8 cost=$0.0764
2010-046 temporal  cites=  4 exist=0.75 unres=0.0 quotes=3 cost=$0.0773
2010-046 stakes    cites=  7 exist=0.8571 unres=0.0 quotes=3 cost=$0.0793
2010-046 combo     cites=  7 exist=0.7143 unres=0.0 quotes=12 cost=$0.0803
2012-006 baseline  cites=  8 exist=0.25 unres=0.0 quotes=4 cost=$0.0848
2012-006 quota     cites=  5 exist=0.6 unres=0.0 quotes=1 cost=$0.0874
2012-006 temporal  cites=  5 exist=0.8 unres=0.0 quotes=3 cost=$0.0895
2012-006 stakes    cites=  7 exist=0.4286 unres=0.0 quotes=3 cost=$0.0910
2012-006 combo     cites=  9 exist=0.2222 unres=0.0 quotes=2 cost=$0.0931
1998-026 baseline  cites=  9 exist=0.6667 unres=0.0 quotes=5 cost=$0.0950
1998-026 quota     cites=  7 exist=0.5714 unres=0.0 quotes=7 cost=$0.0974
1998-026 temporal  cites=  5 exist=0.0 unres=0.0 quotes=0 cost=$0.0977
1998-026 stakes    cites=  5 exist=0.8 unres=0.0 quotes=1 cost=$0.1000
1998-026 combo     cites=  3 exist=0.3333 unres=0.0 quotes=1 cost=$0.1024
1997-100 baseline  cites=  6 exist=1.0 unres=0.0 quotes=3 cost=$0.1024
1997-100 quota     cites= 10 exist=1.0 unres=0.0 quotes=6 cost=$0.1024
1997-100 temporal  cites=  6 exist=1.0 unres=0.0 quotes=9 cost=$0.1024
1997-100 stakes    cites=  6 exist=1.0 unres=0.0 quotes=8 cost=$0.1024
1997-100 combo     cites= 11 exist=1.0 unres=0.0 quotes=8 cost=$0.1024
2000-071 baseline  cites=  6 exist=1.0 unres=0.0 quotes=8 cost=$0.1070
2000-071 quota     cites=  9 exist=0.6667 unres=0.0 quotes=7 cost=$0.1075
2000-071 temporal  cites=  6 exist=1.0 unres=0.0 quotes=10 cost=$0.1106
2000-071 stakes    cites=  7 exist=1.0 unres=0.0 quotes=7 cost=$0.1117
2000-071 combo     cites=  8 exist=1.0 unres=0.0 quotes=9 cost=$0.1137
2012-029 baseline  cites= 13 exist=1.0 unres=0.0 quotes=2 cost=$0.1153
2012-029 quota     cites= 17 exist=0.9412 unres=0.0 quotes=4 cost=$0.1164
2012-029 temporal  cites=  5 exist=1.0 unres=0.0 quotes=6 cost=$0.1185
2012-029 stakes    cites= 14 exist=1.0 unres=0.0 quotes=3 cost=$0.1208
2012-029 combo     cites=  7 exist=0.5714 unres=0.0 quotes=4 cost=$0.1227
1999-051 baseline  cites=  5 exist=0.8 unres=0.0 quotes=9 cost=$0.1254
1999-051 quota     cites= 10 exist=1.0 unres=0.0 quotes=14 cost=$0.1269
1999-051 temporal  cites=  6 exist=0.5 unres=0.0 quotes=1 cost=$0.1272
1999-051 stakes    cites=  6 exist=1.0 unres=0.0 quotes=3 cost=$0.1281
1999-051 combo     cites= 11 exist=0.8182 unres=0.0 quotes=4 cost=$0.1290
{
  "stakes": {
    "drafts": 12,
    "abstained": 0,
    "citations_total": 76,
    "cite_verdicts": {
      "exists": 68,
      "not_found": 8
    },
    "existence_rate_pooled": 0.895,
    "quote_verdicts": {
      "near_miss": 22,
      "inaccurate": 10,
      "accurate": 9,
      "unverifiable": 3
    },
    "pin_verdicts": {
      "in_range": 39,
      "no_pin": 33,
      "case_unknown": 4
    },
    "temporal": {}
  },
  "quota": {
    "drafts": 12,
    "abstained": 0,
    "citations_total": 104,
    "cite_verdicts": {
      "exists": 90,
      "not_found": 14
    },
    "existence_rate_pooled": 0.865,
    "quote_verdicts": {
      "near_miss": 24,
      "inaccurate": 38,
      "accurate": 8,
      "unverifiable": 7
    },
    "pin_verdicts": {
      "in_range": 58,
      "case_unknown": 12,
      "no_pin": 30,
      "out_of_range": 3,
      "in_range_unbounded": 1
    },
    "temporal": {}
  },
  "combo": {
    "drafts": 12,
    "abstained": 0,
    "citations_total": 88,
    "cite_verdicts": {
      "not_found": 29,
      "exists": 59
    },
    "existence_rate_pooled": 0.67,
    "quote_verdicts": {
      "inaccurate": 38,
      "near_miss": 20,
      "accurate": 5,
      "unverifiable": 5
    },
    "pin_verdicts": {
      "case_unknown": 9,
      "in_range": 26,
      "no_pin": 50,
      "in_range_unbounded": 3
    },
    "temporal": {
      "checked": 88,
      "violated": 3
    }
  },
  "temporal": {
    "drafts": 12,
    "abstained": 0,
    "citations_total": 74,
    "cite_verdicts": {
      "not_found": 21,
      "exists": 53
    },
    "existence_rate_pooled": 0.716,
    "quote_verdicts": {
      "inaccurate": 30,
      "near_miss": 13,
      "unverifiable": 7,
      "accurate": 3
    },
    "pin_verdicts": {
      "case_unknown": 14,
      "in_range": 28,
      "no_pin": 32
    },
    "temporal": {
      "checked": 74,
      "violated": 4
    }
  },
  "baseline": {
    "drafts": 12,
    "abstained": 0,
    "citations_total": 74,
    "cite_verdicts": {
      "exists": 57,
      "not_found": 17
    },
    "existence_rate_pooled": 0.77,
    "quote_verdicts": {
      "accurate": 10,
      "near_miss": 20,
      "inaccurate": 17,
      "unverifiable": 2
    },
    "pin_verdicts": {
      "in_range": 38,
      "no_pin": 20,
      "case_unknown": 15,
      "out_of_range": 1
    },
    "temporal": {}
  }
}
total cost $0.129
2015-066 baseline  cites=  5 exist=1.0 unres=0.0 quotes=0 cost=$0.0047
2015-066 quota     cites= 10 exist=1.0 unres=0.0 quotes=1 cost=$0.0122
2015-066 temporal  cites=  6 exist=1.0 unres=0.0 quotes=1 cost=$0.0202
2015-066 stakes    cites=  7 exist=1.0 unres=0.0 quotes=1 cost=$0.0260
2015-066 combo     cites= 12 exist=1.0 unres=0.0 quotes=0 cost=$0.0309
2015-038 baseline  cites=  6 exist=1.0 unres=0.0 quotes=0 cost=$0.0325
2015-038 quota     cites= 18 exist=0.8889 unres=0.0 quotes=1 cost=$0.0425
2015-038 temporal  cites=  2 exist=1.0 unres=0.0 quotes=3 cost=$0.0454
2015-038 stakes    cites=  3 exist=1.0 unres=0.0 quotes=0 cost=$0.0469
2015-038 combo     cites=  8 exist=0.875 unres=0.0 quotes=8 cost=$0.0554
2020-058 baseline  cites=  5 exist=1.0 unres=0.0 quotes=5 cost=$0.0619
2020-058 quota     cites=  9 exist=1.0 unres=0.0 quotes=10 cost=$0.0734
2020-058 temporal  cites=  4 exist=1.0 unres=0.0 quotes=9 cost=$0.0750
2020-058 stakes    cites=  5 exist=1.0 unres=0.0 quotes=2 cost=$0.0864
2020-058 combo     cites= 12 exist=1.0 unres=0.0 quotes=5 cost=$0.0975
2020-005 baseline  cites=  3 exist=1.0 unres=0.0 quotes=1 cost=$0.1032
2020-005 quota     cites=  9 exist=1.0 unres=0.0 quotes=4 cost=$0.1107
2020-005 temporal  cites=  3 exist=1.0 unres=0.0 quotes=3 cost=$0.1152
2020-005 stakes    cites=  4 exist=1.0 unres=0.0 quotes=3 cost=$0.1225
2020-005 combo     cites=  9 exist=1.0 unres=0.0 quotes=3 cost=$0.1327
2018-070 baseline  cites=  2 exist=1.0 unres=0.0 quotes=2 cost=$0.1390
2018-070 quota     cites=  7 exist=0.8333 unres=0.1429 quotes=2 cost=$0.1514
2018-070 temporal  cites=  2 exist=1.0 unres=0.0 quotes=2 cost=$0.1567
2018-070 stakes    cites=  5 exist=1.0 unres=0.0 quotes=0 cost=$0.1641
2018-070 combo     cites=  7 exist=1.0 unres=0.0 quotes=2 cost=$0.1772
2016-067 baseline  cites=  3 exist=1.0 unres=0.0 quotes=1 cost=$0.1910
2016-067 quota     cites=  7 exist=1.0 unres=0.0 quotes=3 cost=$0.1974
2016-067 temporal  cites=  3 exist=1.0 unres=0.0 quotes=4 cost=$0.2022
2016-067 stakes    cites=  3 exist=1.0 unres=0.0 quotes=2 cost=$0.2056
2016-067 combo     cites= 13 exist=1.0 unres=0.0 quotes=3 cost=$0.2122
1999-033 baseline  cites=  5 exist=1.0 unres=0.0 quotes=3 cost=$0.2151
1999-033 quota     cites= 11 exist=1.0 unres=0.0 quotes=3 cost=$0.2266
1999-033 temporal  cites=  5 exist=1.0 unres=0.0 quotes=3 cost=$0.2317
1999-033 stakes    cites=  5 exist=1.0 unres=0.0 quotes=3 cost=$0.2347
1999-033 combo     cites=  8 exist=1.0 unres=0.0 quotes=4 cost=$0.2413
1990-114 baseline  cites=  6 exist=1.0 unres=0.0 quotes=2 cost=$0.2448
1990-114 quota     cites= 12 exist=1.0 unres=0.0 quotes=1 cost=$0.2518
1990-114 temporal  cites=  5 exist=1.0 unres=0.0 quotes=2 cost=$0.2548
1990-114 stakes    cites=  6 exist=1.0 unres=0.0 quotes=1 cost=$0.2589
1990-114 combo     cites= 15 exist=1.0 unres=0.0 quotes=1 cost=$0.2628
2020-012 baseline  cites=  4 exist=1.0 unres=0.0 quotes=1 cost=$0.2655
2020-012 quota     cites=  9 exist=1.0 unres=0.0 quotes=3 cost=$0.2865
2020-012 temporal  cites=  5 exist=1.0 unres=0.0 quotes=1 cost=$0.2972
2020-012 stakes    cites=  5 exist=1.0 unres=0.0 quotes=3 cost=$0.3003
2020-012 combo     cites= 12 exist=1.0 unres=0.0 quotes=1 cost=$0.3099
2020-067 baseline  cites=  3 exist=1.0 unres=0.0 quotes=2 cost=$0.3140
2020-067 quota     cites= 15 exist=0.8667 unres=0.0 quotes=1 cost=$0.3263
2020-067 temporal  cites=  2 exist=1.0 unres=0.0 quotes=2 cost=$0.3336
2020-067 stakes    cites=  4 exist=1.0 unres=0.0 quotes=2 cost=$0.3357
2020-067 combo     cites= 11 exist=1.0 unres=0.0 quotes=4 cost=$0.3483
2016-063 baseline  cites=  3 exist=1.0 unres=0.0 quotes=0 cost=$0.3586
2016-063 quota     cites= 14 exist=0.8571 unres=0.0 quotes=3 cost=$0.3632
2016-063 temporal  cites=  2 exist=1.0 unres=0.0 quotes=1 cost=$0.3660
2016-063 stakes    cites=  6 exist=1.0 unres=0.0 quotes=2 cost=$0.3684
2016-063 combo     cites= 13 exist=1.0 unres=0.0 quotes=0 cost=$0.3718
1994-059 baseline  cites=  3 exist=1.0 unres=0.0 quotes=0 cost=$0.3758
1994-059 quota     cites= 17 exist=1.0 unres=0.0 quotes=0 cost=$0.3862
1994-059 temporal  cites=  4 exist=1.0 unres=0.0 quotes=3 cost=$0.3875
1994-059 stakes    cites=  4 exist=1.0 unres=0.0 quotes=0 cost=$0.3888
1994-059 combo     cites=  8 exist=1.0 unres=0.0 quotes=4 cost=$0.3904
{
  "quota": {
    "drafts": 12,
    "abstained": 0,
    "citations_total": 138,
    "cite_verdicts": {
      "exists": 130,
      "not_found": 7,
      "unresolvable": 1
    },
    "existence_rate_pooled": 0.949,
    "quote_verdicts": {
      "accurate": 6,
      "inaccurate": 11,
      "unverifiable": 12,
      "near_miss": 3
    },
    "pin_verdicts": {
      "in_range": 62,
      "no_pin": 68,
      "case_unknown": 4,
      "out_of_range": 4
    },
    "temporal": {}
  },
  "stakes": {
    "drafts": 12,
    "abstained": 0,
    "citations_total": 57,
    "cite_verdicts": {
      "exists": 57
    },
    "existence_rate_pooled": 1.0,
    "quote_verdicts": {
      "unverifiable": 12,
      "near_miss": 2,
      "inaccurate": 3,
      "accurate": 2
    },
    "pin_verdicts": {
      "in_range": 27,
      "no_pin": 29,
      "out_of_range": 1
    },
    "temporal": {}
  },
  "temporal": {
    "drafts": 12,
    "abstained": 0,
    "citations_total": 43,
    "cite_verdicts": {
      "exists": 43
    },
    "existence_rate_pooled": 1.0,
    "quote_verdicts": {
      "inaccurate": 15,
      "unverifiable": 10,
      "near_miss": 4,
      "accurate": 5
    },
    "pin_verdicts": {
      "no_pin": 29,
      "in_range": 14
    },
    "temporal": {
      "checked": 43,
      "violated": 5
    }
  },
  "baseline": {
    "drafts": 12,
    "abstained": 0,
    "citations_total": 48,
    "cite_verdicts": {
      "exists": 48
    },
    "existence_rate_pooled": 1.0,
    "quote_verdicts": {
      "unverifiable": 6,
      "inaccurate": 5,
      "near_miss": 3,
      "accurate": 3
    },
    "pin_verdicts": {
      "in_range": 25,
      "no_pin": 22,
      "out_of_range": 1
    },
    "temporal": {}
  },
  "combo": {
    "drafts": 12,
    "abstained": 0,
    "citations_total": 128,
    "cite_verdicts": {
      "exists": 127,
      "not_found": 1
    },
    "existence_rate_pooled": 0.992,
    "quote_verdicts": {
      "near_miss": 11,
      "unverifiable": 13,
      "inaccurate": 8,
      "accurate": 3
    },
    "pin_verdicts": {
      "no_pin": 106,
      "in_range": 20,
      "out_of_range": 2
    },
    "temporal": {
      "checked": 128,
      "violated": 11
    }
  }
}
total cost $0.3904
2015-066 baseline  cites= 19 exist=1.0 unres=0.0 quotes=4 cost=$0.0425
2015-066 quota     cites= 23 exist=1.0 unres=0.0 quotes=5 cost=$0.0425
2015-066 temporal  cites=  5 exist=0.8 unres=0.0 quotes=4 cost=$0.0425
2015-066 stakes    cites=  7 exist=1.0 unres=0.0 quotes=2 cost=$0.0425
2015-066 combo     cites= 11 exist=0.9091 unres=0.0 quotes=11 cost=$0.0425
2015-038 baseline  cites=  1 exist=1.0 unres=0.0 quotes=1 cost=$0.0447
2015-038 quota     cites=  7 exist=1.0 unres=0.0 quotes=10 cost=$0.0464
2015-038 temporal  cites=  4 exist=0.5 unres=0.0 quotes=1 cost=$0.0480
2015-038 stakes    cites=  3 exist=1.0 unres=0.0 quotes=2 cost=$0.0508
2015-038 combo     cites=  8 exist=0.375 unres=0.0 quotes=3 cost=$0.0529
2020-058 baseline  cites=  5 exist=1.0 unres=0.0 quotes=7 cost=$0.0562
2020-058 quota     cites=  9 exist=1.0 unres=0.0 quotes=9 cost=$0.0604
2020-058 temporal  cites=  6 exist=0.6667 unres=0.0 quotes=5 cost=$0.0625
2020-058 stakes    cites=  6 exist=1.0 unres=0.0 quotes=8 cost=$0.0705
2020-058 combo     cites= 13 exist=0.0 unres=0.0 quotes=0 cost=$0.0724
2020-005 baseline  cites= 10 exist=0.8889 unres=0.1 quotes=8 cost=$0.0738
2020-005 quota     cites=  9 exist=0.6667 unres=0.0 quotes=3 cost=$0.0758
2020-005 temporal  cites=  4 exist=0.75 unres=0.0 quotes=3 cost=$0.0787
2020-005 stakes    cites=  7 exist=1.0 unres=0.0 quotes=9 cost=$0.0828
2020-005 combo     cites= 13 exist=1.0 unres=0.0 quotes=10 cost=$0.0853
2018-070 baseline  cites=  5 exist=1.0 unres=0.0 quotes=5 cost=$0.0853
2018-070 quota     cites=  7 exist=0.8571 unres=0.0 quotes=7 cost=$0.0853
2018-070 temporal  cites=  3 exist=0.6667 unres=0.0 quotes=2 cost=$0.0853
2018-070 stakes    cites= 15 exist=0.9333 unres=0.0 quotes=4 cost=$0.0853
2018-070 combo     cites=  3 exist=0.6667 unres=0.0 quotes=4 cost=$0.0853
2016-067 baseline  cites=  3 exist=1.0 unres=0.0 quotes=4 cost=$0.0859
2016-067 quota     cites=  6 exist=1.0 unres=0.0 quotes=8 cost=$0.0864
2016-067 temporal  cites=  3 exist=0.3333 unres=0.0 quotes=1 cost=$0.0900
2016-067 stakes    cites=  6 exist=1.0 unres=0.0 quotes=5 cost=$0.0921
2016-067 combo     cites=  5 exist=1.0 unres=0.0 quotes=6 cost=$0.0941
1999-033 baseline  cites= 10 exist=0.8 unres=0.0 quotes=7 cost=$0.0947
1999-033 quota     cites=  8 exist=0.875 unres=0.0 quotes=11 cost=$0.0965
1999-033 temporal  cites=  5 exist=0.8 unres=0.0 quotes=3 cost=$0.0970
1999-033 stakes    cites=  8 exist=0.625 unres=0.0 quotes=7 cost=$0.0987
1999-033 combo     cites=  7 exist=1.0 unres=0.0 quotes=7 cost=$0.1005
1990-114 baseline  cites=  9 exist=1.0 unres=0.0 quotes=6 cost=$0.1021
1990-114 quota     cites= 10 exist=0.9 unres=0.0 quotes=14 cost=$0.1050
1990-114 temporal  cites=  7 exist=0.8571 unres=0.0 quotes=5 cost=$0.1101
1990-114 stakes    cites=  7 exist=0.8571 unres=0.0 quotes=9 cost=$0.1132
1990-114 combo     cites=  8 exist=0.75 unres=0.0 quotes=5 cost=$0.1143
2020-012 baseline  cites=  8 exist=1.0 unres=0.0 quotes=0 cost=$0.1143
2020-012 quota     cites= 11 exist=0.9091 unres=0.0 quotes=15 cost=$0.1143
2020-012 temporal  cites=  4 exist=1.0 unres=0.0 quotes=4 cost=$0.1143
2020-012 stakes    cites=  6 exist=1.0 unres=0.0 quotes=5 cost=$0.1143
2020-012 combo     cites= 37 exist=1.0 unres=0.0 quotes=0 cost=$0.1143
2020-067 baseline  cites=  5 exist=0.5 unres=0.2 quotes=3 cost=$0.1158
2020-067 quota     cites= 10 exist=0.5556 unres=0.1 quotes=6 cost=$0.1179
2020-067 temporal  cites=  2 exist=0.5 unres=0.0 quotes=4 cost=$0.1200
2020-067 stakes    cites=  5 exist=1.0 unres=0.0 quotes=9 cost=$0.1221
2020-067 combo     cites=  8 exist=0.0 unres=0.0 quotes=0 cost=$0.1237
2016-063 baseline  cites=  6 exist=0.8333 unres=0.0 quotes=2 cost=$0.1250
2016-063 quota     cites=  7 exist=0.7143 unres=0.0 quotes=1 cost=$0.1278
2016-063 temporal  cites=  4 exist=0.75 unres=0.0 quotes=0 cost=$0.1286
2016-063 stakes    cites=  5 exist=0.8 unres=0.0 quotes=1 cost=$0.1295
2016-063 combo     cites=  7 exist=0.7143 unres=0.0 quotes=2 cost=$0.1300
1994-059 baseline  cites=  6 exist=1.0 unres=0.0 quotes=4 cost=$0.1305
1994-059 quota     cites= 10 exist=1.0 unres=0.0 quotes=9 cost=$0.1310
1994-059 temporal  cites=  4 exist=1.0 unres=0.0 quotes=3 cost=$0.1315
1994-059 stakes    cites=  9 exist=1.0 unres=0.0 quotes=8 cost=$0.1320
1994-059 combo     cites= 11 exist=0.9091 unres=0.0 quotes=8 cost=$0.1325
{
  "quota": {
    "drafts": 12,
    "abstained": 0,
    "citations_total": 117,
    "cite_verdicts": {
      "exists": 103,
      "not_found": 13,
      "unresolvable": 1
    },
    "existence_rate_pooled": 0.888,
    "quote_verdicts": {
      "near_miss": 24,
      "unverifiable": 36,
      "inaccurate": 29,
      "accurate": 9
    },
    "pin_verdicts": {
      "in_range": 57,
      "no_pin": 46,
      "out_of_range": 8,
      "case_unknown": 5
    },
    "temporal": {}
  },
  "temporal": {
    "drafts": 12,
    "abstained": 0,
    "citations_total": 51,
    "cite_verdicts": {
      "not_found": 13,
      "exists": 38
    },
    "existence_rate_pooled": 0.745,
    "quote_verdicts": {
      "inaccurate": 19,
      "near_miss": 9,
      "unverifiable": 7
    },
    "pin_verdicts": {
      "no_pin": 37,
      "in_range": 8,
      "case_unknown": 6
    },
    "temporal": {
      "checked": 51,
      "violated": 4
    }
  },
  "combo": {
    "drafts": 12,
    "abstained": 0,
    "citations_total": 131,
    "cite_verdicts": {
      "exists": 98,
      "not_found": 33
    },
    "existence_rate_pooled": 0.748,
    "quote_verdicts": {
      "accurate": 4,
      "near_miss": 17,
      "inaccurate": 30,
      "unverifiable": 5
    },
    "pin_verdicts": {
      "no_pin": 32,
      "in_range": 73,
      "case_unknown": 23,
      "out_of_range": 2,
      "in_range_unbounded": 1
    },
    "temporal": {
      "checked": 131,
      "violated": 22
    }
  },
  "stakes": {
    "drafts": 12,
    "abstained": 0,
    "citations_total": 84,
    "cite_verdicts": {
      "exists": 78,
      "not_found": 6
    },
    "existence_rate_pooled": 0.929,
    "quote_verdicts": {
      "inaccurate": 14,
      "accurate": 10,
      "near_miss": 25,
      "unverifiable": 20
    },
    "pin_verdicts": {
      "no_pin": 37,
      "in_range": 42,
      "case_unknown": 2,
      "out_of_range": 3
    },
    "temporal": {}
  },
  "baseline": {
    "drafts": 12,
    "abstained": 0,
    "citations_total": 87,
    "cite_verdicts": {
      "exists": 79,
      "not_found": 6,
      "unresolvable": 2
    },
    "existence_rate_pooled": 0.929,
    "quote_verdicts": {
      "inaccurate": 21,
      "near_miss": 11,
      "unverifiable": 13,
      "accurate": 6
    },
    "pin_verdicts": {
      "no_pin": 29,
      "in_range": 47,
      "out_of_range": 5,
      "case_unknown": 4
    },
    "temporal": {}
  }
}
total cost $0.1325
2012-031 baseline  cites=  6 exist=1.0 unres=0.0 quotes=5 cost=$0.1929
2012-031 quota     cites= 12 exist=1.0 unres=0.0 quotes=9 cost=$0.1929
2012-031 temporal  cites=  6 exist=0.8333 unres=0.0 quotes=5 cost=$0.1929
2012-031 stakes    cites=  7 exist=1.0 unres=0.0 quotes=6 cost=$0.1929
2012-031 combo     cites=  9 exist=1.0 unres=0.0 quotes=4 cost=$0.1929
2011-010 baseline  cites=  6 exist=1.0 unres=0.0 quotes=7 cost=$0.1953
2011-010 quota     cites= 11 exist=1.0 unres=0.0 quotes=8 cost=$0.1987
2011-010 temporal  cites=  6 exist=1.0 unres=0.0 quotes=6 cost=$0.2002
2011-010 stakes    cites=  9 exist=1.0 unres=0.0 quotes=13 cost=$0.2042
2011-010 combo     cites= 13 exist=0.8462 unres=0.0 quotes=20 cost=$0.2083
2005-074 baseline  cites=  5 exist=1.0 unres=0.0 quotes=5 cost=$0.2108
2005-074 quota     cites=  8 exist=1.0 unres=0.0 quotes=12 cost=$0.2132
2005-074 temporal  cites=  5 exist=1.0 unres=0.0 quotes=8 cost=$0.2160
2005-074 stakes    cites=  5 exist=1.0 unres=0.0 quotes=6 cost=$0.2178
2005-074 combo     cites=  8 exist=0.875 unres=0.0 quotes=7 cost=$0.2213
2001-013 baseline  cites=  7 exist=1.0 unres=0.0 quotes=4 cost=$0.2227
2001-013 quota     cites=  8 exist=0.75 unres=0.0 quotes=3 cost=$0.2262
2001-013 temporal  cites=  4 exist=0.5 unres=0.0 quotes=2 cost=$0.2304
2001-013 stakes    cites=  6 exist=0.8333 unres=0.0 quotes=4 cost=$0.2326
2001-013 combo     cites= 10 exist=1.0 unres=0.0 quotes=12 cost=$0.2352
1992-086 baseline  cites=  6 exist=1.0 unres=0.0 quotes=5 cost=$0.2352
1992-086 quota     cites=  8 exist=1.0 unres=0.0 quotes=9 cost=$0.2352
1992-086 temporal  cites=  8 exist=1.0 unres=0.0 quotes=10 cost=$0.2352
1992-086 stakes    cites=  6 exist=1.0 unres=0.0 quotes=4 cost=$0.2352
1992-086 combo     cites= 13 exist=1.0 unres=0.0 quotes=14 cost=$0.2352
2010-046 baseline  cites=  5 exist=1.0 unres=0.0 quotes=5 cost=$0.2434
2010-046 quota     cites=  8 exist=1.0 unres=0.0 quotes=11 cost=$0.2452
2010-046 temporal  cites=  7 exist=1.0 unres=0.0 quotes=7 cost=$0.2476
2010-046 stakes    cites=  5 exist=1.0 unres=0.0 quotes=7 cost=$0.2496
2010-046 combo     cites= 10 exist=1.0 unres=0.0 quotes=3 cost=$0.2527
2012-006 baseline  cites= 15 exist=1.0 unres=0.0 quotes=0 cost=$0.2545
2012-006 quota     cites= 10 exist=0.9 unres=0.0 quotes=0 cost=$0.2555
2012-006 temporal  cites=  8 exist=0.75 unres=0.0 quotes=2 cost=$0.2569
2012-006 stakes    cites=  9 exist=1.0 unres=0.0 quotes=4 cost=$0.2583
2012-006 combo     cites= 10 exist=1.0 unres=0.0 quotes=9 cost=$0.2633
1998-026 baseline  cites=  6 exist=0.8333 unres=0.0 quotes=4 cost=$0.2647
1998-026 quota     cites= 14 exist=1.0 unres=0.0 quotes=8 cost=$0.2759
1998-026 temporal  cites=  6 exist=1.0 unres=0.0 quotes=4 cost=$0.2779
1998-026 stakes    cites=  6 exist=1.0 unres=0.0 quotes=3 cost=$0.2783
1998-026 combo     cites= 12 exist=0.75 unres=0.0 quotes=5 cost=$0.2790
1997-100 baseline  cites=  9 exist=0.8889 unres=0.0 quotes=8 cost=$0.2790
1997-100 quota     cites= 11 exist=1.0 unres=0.0 quotes=6 cost=$0.2790
1997-100 temporal  cites=  6 exist=1.0 unres=0.0 quotes=3 cost=$0.2790
1997-100 stakes    cites=  7 exist=1.0 unres=0.0 quotes=7 cost=$0.2790
1997-100 combo     cites= 11 exist=1.0 unres=0.0 quotes=15 cost=$0.2790
2000-071 baseline  cites=  6 exist=1.0 unres=0.0 quotes=3 cost=$0.2806
2000-071 quota     cites= 10 exist=1.0 unres=0.0 quotes=7 cost=$0.2883
2000-071 temporal  cites=  8 exist=1.0 unres=0.0 quotes=5 cost=$0.2886
2000-071 stakes    cites=  6 exist=1.0 unres=0.0 quotes=2 cost=$0.2911
2000-071 combo     cites= 13 exist=1.0 unres=0.0 quotes=5 cost=$0.2956
2012-029 baseline  cites=  8 exist=0.875 unres=0.0 quotes=3 cost=$0.2962
2012-029 quota     cites= 12 exist=0.9091 unres=0.0833 quotes=11 cost=$0.2972
2012-029 temporal  cites=  2 exist=1.0 unres=0.0 quotes=3 cost=$0.2974
2012-029 stakes    cites=  8 exist=1.0 unres=0.0 quotes=3 cost=$0.3013
2012-029 combo     cites=  9 exist=1.0 unres=0.0 quotes=12 cost=$0.3016
1999-051 baseline  cites=  6 exist=1.0 unres=0.0 quotes=3 cost=$0.3100
1999-051 quota     cites=  8 exist=1.0 unres=0.0 quotes=4 cost=$0.3154
1999-051 temporal  cites=  5 exist=1.0 unres=0.0 quotes=5 cost=$0.3175
1999-051 stakes    cites=  6 exist=1.0 unres=0.0 quotes=3 cost=$0.3182
1999-051 combo     cites= 11 exist=1.0 unres=0.0 quotes=7 cost=$0.3204
{
  "quota": {
    "drafts": 12,
    "abstained": 0,
    "citations_total": 120,
    "cite_verdicts": {
      "exists": 115,
      "not_found": 4,
      "unresolvable": 1
    },
    "existence_rate_pooled": 0.966,
    "quote_verdicts": {
      "accurate": 25,
      "inaccurate": 22,
      "unverifiable": 16,
      "near_miss": 25
    },
    "pin_verdicts": {
      "in_range": 92,
      "no_pin": 19,
      "out_of_range": 5,
      "case_unknown": 4
    },
    "temporal": {}
  },
  "baseline": {
    "drafts": 12,
    "abstained": 0,
    "citations_total": 85,
    "cite_verdicts": {
      "exists": 82,
      "not_found": 3
    },
    "existence_rate_pooled": 0.965,
    "quote_verdicts": {
      "accurate": 19,
      "near_miss": 14,
      "inaccurate": 11,
      "unverifiable": 8
    },
    "pin_verdicts": {
      "in_range": 61,
      "no_pin": 21,
      "case_unknown": 3
    },
    "temporal": {}
  },
  "combo": {
    "drafts": 12,
    "abstained": 0,
    "citations_total": 129,
    "cite_verdicts": {
      "exists": 123,
      "not_found": 6
    },
    "existence_rate_pooled": 0.953,
    "quote_verdicts": {
      "accurate": 21,
      "near_miss": 30,
      "inaccurate": 39,
      "unverifiable": 23
    },
    "pin_verdicts": {
      "in_range": 108,
      "no_pin": 5,
      "out_of_range": 9,
      "case_unknown": 6,
      "in_range_unbounded": 1
    },
    "temporal": {
      "checked": 129,
      "violated": 17
    }
  },
  "stakes": {
    "drafts": 12,
    "abstained": 0,
    "citations_total": 80,
    "cite_verdicts": {
      "exists": 79,
      "not_found": 1
    },
    "existence_rate_pooled": 0.988,
    "quote_verdicts": {
      "inaccurate": 13,
      "accurate": 17,
      "unverifiable": 11,
      "near_miss": 21
    },
    "pin_verdicts": {
      "in_range": 59,
      "no_pin": 16,
      "out_of_range": 4,
      "case_unknown": 1
    },
    "temporal": {}
  },
  "temporal": {
    "drafts": 12,
    "abstained": 0,
    "citations_total": 71,
    "cite_verdicts": {
      "exists": 66,
      "not_found": 5
    },
    "existence_rate_pooled": 0.93,
    "quote_verdicts": {
      "accurate": 20,
      "near_miss": 16,
      "inaccurate": 23,
      "unverifiable": 1
    },
    "pin_verdicts": {
      "in_range": 44,
      "no_pin": 23,
      "case_unknown": 3,
      "out_of_range": 1
    },
    "temporal": {
      "checked": 71,
      "violated": 12
    }
  }
}
total cost $0.3204
2019-024 baseline  cites=  5 exist=1.0 unres=0.0 quotes=7 cost=$5.0835
2019-024 quota     cites=  9 exist=1.0 unres=0.0 quotes=7 cost=$5.0835
2019-024 temporal  cites=  9 exist=1.0 unres=0.0 quotes=4 cost=$5.0835
2019-024 stakes    cites=  6 exist=1.0 unres=0.0 quotes=11 cost=$5.0835
2019-024 combo     cites=  8 exist=1.0 unres=0.0 quotes=8 cost=$5.0835
2011-027 baseline  cites=  8 exist=1.0 unres=0.0 quotes=9 cost=$5.1535
2011-027 quota     cites=  8 exist=1.0 unres=0.0 quotes=7 cost=$5.3758
2011-027 temporal  cites=  6 exist=1.0 unres=0.0 quotes=4 cost=$5.5075
2011-027 stakes    cites=  8 exist=1.0 unres=0.0 quotes=5 cost=$5.5846
2011-027 combo     cites=  9 exist=1.0 unres=0.0 quotes=3 cost=$5.6216
2016-001 baseline  cites=  5 exist=1.0 unres=0.0 quotes=6 cost=$5.7563
2016-001 quota     cites=  7 exist=1.0 unres=0.0 quotes=11 cost=$5.9756
2016-001 temporal  cites=  7 exist=1.0 unres=0.0 quotes=4 cost=$6.1222
2016-001 stakes    cites=  3 exist=1.0 unres=0.0 quotes=8 cost=$6.2139
2016-001 combo     cites=  9 exist=1.0 unres=0.0 quotes=3 cost=$6.4340
2010-065 baseline  cites=  9 exist=1.0 unres=0.0 quotes=5 cost=$6.6205
2010-065 quota     cites=  9 exist=1.0 unres=0.0 quotes=4 cost=$6.7418
2010-065 temporal  cites=  8 exist=1.0 unres=0.0 quotes=6 cost=$7.1047
2010-065 stakes    cites= 14 exist=1.0 unres=0.0 quotes=7 cost=$7.1806
2010-065 combo     cites=  8 exist=1.0 unres=0.0 quotes=5 cost=$7.4722
1997-044 baseline  cites=  4 exist=1.0 unres=0.0 quotes=7 cost=$7.4722
1997-044 quota     cites=  9 exist=1.0 unres=0.0 quotes=16 cost=$7.4722
1997-044 temporal  cites=  5 exist=1.0 unres=0.0 quotes=2 cost=$7.4722
1997-044 stakes    cites=  6 exist=1.0 unres=0.0 quotes=6 cost=$7.4722
1997-044 combo     cites= 10 exist=1.0 unres=0.0 quotes=3 cost=$7.4722
2001-070 baseline  cites=  9 exist=1.0 unres=0.0 quotes=5 cost=$7.5996
2001-070 quota     cites= 10 exist=1.0 unres=0.0 quotes=12 cost=$7.8930
2001-070 temporal  cites=  7 exist=1.0 unres=0.0 quotes=4 cost=$8.1740
2001-070 stakes    cites=  7 exist=1.0 unres=0.0 quotes=6 cost=$8.3582
2001-070 combo     cites= 11 exist=1.0 unres=0.0 quotes=7 cost=$8.5714
2000-087 baseline  cites=  8 exist=1.0 unres=0.0 quotes=10 cost=$8.8259
2000-087 quota     cites= 10 exist=1.0 unres=0.0 quotes=9 cost=$8.9193
2000-087 temporal  cites=  5 exist=1.0 unres=0.0 quotes=4 cost=$9.0397
2000-087 stakes    cites=  7 exist=1.0 unres=0.0 quotes=8 cost=$9.2481
2000-087 combo     cites= 10 exist=1.0 unres=0.0 quotes=10 cost=$9.3642
2013-068 baseline  cites= 10 exist=1.0 unres=0.0 quotes=6 cost=$9.4396
2013-068 quota     cites= 10 exist=1.0 unres=0.0 quotes=6 cost=$9.5722
2013-068 temporal  cites=  8 exist=1.0 unres=0.0 quotes=12 cost=$9.7739
2013-068 stakes    cites=  9 exist=1.0 unres=0.0 quotes=10 cost=$9.9240
2013-068 combo     cites=  9 exist=1.0 unres=0.0 quotes=12 cost=$10.1655
2020-060 baseline  cites=  8 exist=1.0 unres=0.0 quotes=10 cost=$10.1655
2020-060 quota     cites=  9 exist=1.0 unres=0.0 quotes=6 cost=$10.1655
2020-060 temporal  cites=  9 exist=1.0 unres=0.0 quotes=4 cost=$10.1655
2020-060 stakes    cites=  7 exist=1.0 unres=0.0 quotes=5 cost=$10.1655
2020-060 combo     cites=  7 exist=1.0 unres=0.0 quotes=2 cost=$10.1655
2003-043 baseline  cites=  9 exist=0.8889 unres=0.0 quotes=6 cost=$10.3088
2003-043 quota     cites= 12 exist=0.9167 unres=0.0 quotes=5 cost=$10.4992
2003-043 temporal  cites=  6 exist=0.8333 unres=0.0 quotes=1 cost=$10.7870
2003-043 stakes    cites=  7 exist=0.8571 unres=0.0 quotes=2 cost=$10.9595
empty completion draft:2003-043:combo (attempt 1)
2003-043 combo     cites= 10 exist=0.9 unres=0.0 quotes=4 cost=$11.9424
2010-026 baseline  cites=  5 exist=1.0 unres=0.0 quotes=10 cost=$12.0527
2010-026 quota     cites=  8 exist=1.0 unres=0.0 quotes=9 cost=$12.1778
2010-026 temporal  cites=  5 exist=1.0 unres=0.0 quotes=5 cost=$12.2965
2010-026 stakes    cites=  5 exist=1.0 unres=0.0 quotes=7 cost=$12.4705
2010-026 combo     cites=  8 exist=1.0 unres=0.0 quotes=5 cost=$12.9292
2015-007 baseline  cites= 10 exist=1.0 unres=0.0 quotes=12 cost=$13.1811
2015-007 quota     cites= 11 exist=1.0 unres=0.0 quotes=9 cost=$13.3223
2015-007 temporal  cites= 11 exist=1.0 unres=0.0 quotes=7 cost=$13.6756
2015-007 stakes    cites= 11 exist=1.0 unres=0.0 quotes=8 cost=$13.9122
2015-007 combo     cites= 10 exist=1.0 unres=0.0 quotes=9 cost=$14.0997
{
  "combo": {
    "drafts": 12,
    "abstained": 0,
    "citations_total": 109,
    "cite_verdicts": {
      "exists": 108,
      "not_found": 1
    },
    "existence_rate_pooled": 0.991,
    "quote_verdicts": {
      "inaccurate": 26,
      "unverifiable": 10,
      "accurate": 21,
      "near_miss": 14
    },
    "pin_verdicts": {
      "in_range": 49,
      "no_pin": 59,
      "case_unknown": 1
    },
    "temporal": {
      "checked": 108,
      "violated": 1
    }
  },
  "quota": {
    "drafts": 12,
    "abstained": 0,
    "citations_total": 112,
    "cite_verdicts": {
      "exists": 111,
      "not_found": 1
    },
    "existence_rate_pooled": 0.991,
    "quote_verdicts": {
      "near_miss": 28,
      "unverifiable": 16,
      "accurate": 26,
      "inaccurate": 31
    },
    "pin_verdicts": {
      "in_range": 52,
      "no_pin": 58,
      "case_unknown": 1,
      "out_of_range": 1
    },
    "temporal": {}
  },
  "stakes": {
    "drafts": 12,
    "abstained": 0,
    "citations_total": 90,
    "cite_verdicts": {
      "exists": 89,
      "not_found": 1
    },
    "existence_rate_pooled": 0.989,
    "quote_verdicts": {
      "inaccurate": 33,
      "near_miss": 26,
      "unverifiable": 12,
      "accurate": 12
    },
    "pin_verdicts": {
      "in_range": 42,
      "no_pin": 47,
      "case_unknown": 1
    },
    "temporal": {}
  },
  "baseline": {
    "drafts": 12,
    "abstained": 0,
    "citations_total": 90,
    "cite_verdicts": {
      "exists": 89,
      "not_found": 1
    },
    "existence_rate_pooled": 0.989,
    "quote_verdicts": {
      "inaccurate": 38,
      "accurate": 16,
      "near_miss": 26,
      "unverifiable": 13
    },
    "pin_verdicts": {
      "in_range": 46,
      "no_pin": 43,
      "case_unknown": 1
    },
    "temporal": {}
  },
  "temporal": {
    "drafts": 12,
    "abstained": 0,
    "citations_total": 86,
    "cite_verdicts": {
      "exists": 85,
      "not_found": 1
    },
    "existence_rate_pooled": 0.988,
    "quote_verdicts": {
      "near_miss": 16,
      "accurate": 15,
      "inaccurate": 21,
      "unverifiable": 5
    },
    "pin_verdicts": {
      "in_range": 40,
      "no_pin": 46
    },
    "temporal": {
      "checked": 86,
      "violated": 2
    }
  }
}
total cost $14.0997
1992-109 baseline  cites=  9 exist=1.0 unres=0.0 quotes=4 cost=$5.0835
1992-109 quota     cites=  9 exist=1.0 unres=0.0 quotes=4 cost=$5.0835
1992-109 temporal  cites=  8 exist=1.0 unres=0.0 quotes=6 cost=$5.0835
1992-109 stakes    cites= 10 exist=1.0 unres=0.0 quotes=7 cost=$5.0835
1992-109 combo     cites=  8 exist=1.0 unres=0.0 quotes=5 cost=$5.0835
2009-045 baseline  cites= 10 exist=1.0 unres=0.0 quotes=6 cost=$5.2413
2009-045 quota     cites= 14 exist=1.0 unres=0.0 quotes=15 cost=$5.4351
2009-045 temporal  cites=  5 exist=1.0 unres=0.0 quotes=2 cost=$5.8592
2009-045 stakes    cites= 12 exist=1.0 unres=0.0 quotes=7 cost=$5.9393
2009-045 combo     cites=  9 exist=1.0 unres=0.0 quotes=1 cost=$6.3972
1997-046 baseline  cites=  8 exist=1.0 unres=0.0 quotes=8 cost=$6.5092
1997-046 quota     cites= 10 exist=1.0 unres=0.0 quotes=7 cost=$6.6957
1997-046 temporal  cites= 11 exist=1.0 unres=0.0 quotes=8 cost=$6.7991
1997-046 stakes    cites=  9 exist=1.0 unres=0.0 quotes=6 cost=$6.8364
1997-046 combo     cites= 13 exist=1.0 unres=0.0 quotes=6 cost=$7.1413
2020-032 baseline  cites= 11 exist=1.0 unres=0.0 quotes=11 cost=$7.2655
2020-032 quota     cites= 13 exist=1.0 unres=0.0 quotes=14 cost=$7.3753
2020-032 temporal  cites=  7 exist=1.0 unres=0.0 quotes=8 cost=$7.7662
2020-032 stakes    cites= 11 exist=1.0 unres=0.0 quotes=11 cost=$7.9342
2020-032 combo     cites= 11 exist=1.0 unres=0.0 quotes=10 cost=$8.0214
2015-055 baseline  cites=  8 exist=1.0 unres=0.0 quotes=11 cost=$8.0214
2015-055 quota     cites= 11 exist=1.0 unres=0.0 quotes=9 cost=$8.0214
2015-055 temporal  cites=  7 exist=1.0 unres=0.0 quotes=2 cost=$8.0214
2015-055 stakes    cites=  5 exist=1.0 unres=0.0 quotes=12 cost=$8.0214
2015-055 combo     cites=  9 exist=1.0 unres=0.0 quotes=6 cost=$8.0214
2013-058 baseline  cites=  3 exist=1.0 unres=0.0 quotes=5 cost=$8.1071
2013-058 quota     cites=  8 exist=1.0 unres=0.0 quotes=6 cost=$8.3000
2013-058 temporal  cites=  7 exist=1.0 unres=0.0 quotes=4 cost=$8.5084
2013-058 stakes    cites=  4 exist=1.0 unres=0.0 quotes=7 cost=$8.7485
2013-058 combo     cites=  9 exist=1.0 unres=0.0 quotes=6 cost=$9.1416
2014-024 baseline  cites=  9 exist=1.0 unres=0.0 quotes=16 cost=$9.2856
2014-024 quota     cites= 10 exist=1.0 unres=0.0 quotes=11 cost=$9.4018
2014-024 temporal  cites=  8 exist=1.0 unres=0.0 quotes=10 cost=$9.6181
2014-024 stakes    cites=  6 exist=1.0 unres=0.0 quotes=9 cost=$9.8099
2014-024 combo     cites= 10 exist=1.0 unres=0.0 quotes=13 cost=$10.0276
1990-075 baseline  cites=  6 exist=1.0 unres=0.0 quotes=7 cost=$10.2040
1990-075 quota     cites= 12 exist=1.0 unres=0.0 quotes=7 cost=$10.4448
1990-075 temporal  cites= 10 exist=1.0 unres=0.0 quotes=15 cost=$10.5434
1990-075 stakes    cites= 10 exist=1.0 unres=0.0 quotes=11 cost=$10.7294
1990-075 combo     cites=  8 exist=1.0 unres=0.0 quotes=4 cost=$10.8234
1997-033 baseline  cites=  7 exist=1.0 unres=0.0 quotes=6 cost=$10.8234
1997-033 quota     cites= 11 exist=1.0 unres=0.0 quotes=14 cost=$10.8234
1997-033 temporal  cites=  8 exist=1.0 unres=0.0 quotes=7 cost=$10.8234
1997-033 stakes    cites=  8 exist=1.0 unres=0.0 quotes=6 cost=$10.8234
1997-033 combo     cites=  8 exist=1.0 unres=0.0 quotes=6 cost=$10.8234
1998-085 baseline  cites=  5 exist=1.0 unres=0.0 quotes=6 cost=$11.1108
1998-085 quota     cites= 10 exist=1.0 unres=0.0 quotes=7 cost=$11.3079
1998-085 temporal  cites=  8 exist=1.0 unres=0.0 quotes=10 cost=$11.5898
1998-085 stakes    cites=  4 exist=1.0 unres=0.0 quotes=4 cost=$11.8577
1998-085 combo     cites=  9 exist=1.0 unres=0.0 quotes=6 cost=$12.4022
1997-021 baseline  cites=  8 exist=0.75 unres=0.0 quotes=8 cost=$12.5095
1997-021 quota     cites= 13 exist=0.7692 unres=0.0 quotes=3 cost=$12.5463
1997-021 temporal  cites=  9 exist=0.8889 unres=0.0 quotes=6 cost=$12.7635
1997-021 stakes    cites=  7 exist=0.8571 unres=0.0 quotes=4 cost=$13.1151
1997-021 combo     cites=  9 exist=1.0 unres=0.0 quotes=2 cost=$13.4303
2005-087 baseline  cites=  6 exist=1.0 unres=0.0 quotes=7 cost=$13.5715
2005-087 quota     cites=  8 exist=1.0 unres=0.0 quotes=4 cost=$13.7072
2005-087 temporal  cites=  4 exist=1.0 unres=0.0 quotes=7 cost=$13.8349
2005-087 stakes    cites=  8 exist=1.0 unres=0.0 quotes=7 cost=$14.1443
2005-087 combo     cites=  6 exist=1.0 unres=0.0 quotes=5 cost=$14.1990
{
  "stakes": {
    "drafts": 12,
    "abstained": 0,
    "citations_total": 94,
    "cite_verdicts": {
      "exists": 93,
      "not_found": 1
    },
    "existence_rate_pooled": 0.989,
    "quote_verdicts": {
      "accurate": 27,
      "inaccurate": 43,
      "near_miss": 19,
      "unverifiable": 2
    },
    "pin_verdicts": {
      "no_pin": 46,
      "in_range": 45,
      "out_of_range": 2,
      "in_range_unbounded": 1
    },
    "temporal": {}
  },
  "combo": {
    "drafts": 12,
    "abstained": 0,
    "citations_total": 109,
    "cite_verdicts": {
      "exists": 109
    },
    "existence_rate_pooled": 1.0,
    "quote_verdicts": {
      "inaccurate": 35,
      "accurate": 21,
      "near_miss": 13,
      "unverifiable": 1
    },
    "pin_verdicts": {
      "no_pin": 76,
      "in_range": 32,
      "out_of_range": 1
    },
    "temporal": {
      "checked": 109,
      "violated": 2
    }
  },
  "quota": {
    "drafts": 12,
    "abstained": 0,
    "citations_total": 129,
    "cite_verdicts": {
      "exists": 126,
      "not_found": 3
    },
    "existence_rate_pooled": 0.977,
    "quote_verdicts": {
      "inaccurate": 57,
      "accurate": 24,
      "near_miss": 17,
      "unverifiable": 3
    },
    "pin_verdicts": {
      "in_range": 67,
      "no_pin": 57,
      "out_of_range": 2,
      "in_range_unbounded": 1,
      "case_unknown": 2
    },
    "temporal": {}
  },
  "temporal": {
    "drafts": 12,
    "abstained": 0,
    "citations_total": 92,
    "cite_verdicts": {
      "exists": 91,
      "not_found": 1
    },
    "existence_rate_pooled": 0.989,
    "quote_verdicts": {
      "accurate": 21,
      "inaccurate": 44,
      "unverifiable": 2,
      "near_miss": 18
    },
    "pin_verdicts": {
      "no_pin": 55,
      "in_range": 37
    },
    "temporal": {
      "checked": 92,
      "violated": 2
    }
  },
  "baseline": {
    "drafts": 12,
    "abstained": 0,
    "citations_total": 90,
    "cite_verdicts": {
      "exists": 88,
      "not_found": 2
    },
    "existence_rate_pooled": 0.978,
    "quote_verdicts": {
      "inaccurate": 42,
      "near_miss": 26,
      "accurate": 25,
      "unverifiable": 2
    },
    "pin_verdicts": {
      "out_of_range": 2,
      "in_range": 50,
      "no_pin": 37,
      "case_unknown": 1
    },
    "temporal": {}
  }
}
total cost $14.199
2015-066 baseline  cites=  8 exist=1.0 unres=0.0 quotes=6 cost=$5.0835
2015-066 quota     cites= 12 exist=1.0 unres=0.0 quotes=10 cost=$5.0835
2015-066 temporal  cites=  8 exist=1.0 unres=0.0 quotes=10 cost=$5.0835
2015-066 stakes    cites=  9 exist=1.0 unres=0.0 quotes=3 cost=$5.0835
2015-066 combo     cites= 12 exist=1.0 unres=0.0 quotes=6 cost=$5.0835
2015-038 baseline  cites=  4 exist=1.0 unres=0.0 quotes=5 cost=$5.1925
2015-038 quota     cites=  8 exist=1.0 unres=0.0 quotes=9 cost=$5.3239
2015-038 temporal  cites= 11 exist=1.0 unres=0.0 quotes=8 cost=$5.7216
2015-038 stakes    cites=  5 exist=1.0 unres=0.0 quotes=3 cost=$5.8993
2015-038 combo     cites= 10 exist=1.0 unres=0.0 quotes=6 cost=$6.3126
2020-058 baseline  cites=  5 exist=1.0 unres=0.0 quotes=6 cost=$6.4721
2020-058 quota     cites= 10 exist=1.0 unres=0.0 quotes=10 cost=$6.6578
2020-058 temporal  cites=  8 exist=1.0 unres=0.0 quotes=7 cost=$7.0364
2020-058 stakes    cites=  6 exist=1.0 unres=0.0 quotes=8 cost=$7.2258
2020-058 combo     cites=  9 exist=1.0 unres=0.0 quotes=12 cost=$7.5628
2020-005 baseline  cites=  8 exist=1.0 unres=0.0 quotes=9 cost=$7.8128
2020-005 quota     cites=  9 exist=1.0 unres=0.0 quotes=11 cost=$7.9846
2020-005 temporal  cites=  6 exist=1.0 unres=0.0 quotes=7 cost=$8.0764
2020-005 stakes    cites= 11 exist=1.0 unres=0.0 quotes=13 cost=$8.4418
2020-005 combo     cites=  9 exist=1.0 unres=0.0 quotes=9 cost=$8.6196
2018-070 baseline  cites=  3 exist=1.0 unres=0.0 quotes=8 cost=$8.6196
2018-070 quota     cites=  7 exist=1.0 unres=0.0 quotes=9 cost=$8.6196
2018-070 temporal  cites=  3 exist=1.0 unres=0.0 quotes=4 cost=$8.6196
2018-070 stakes    cites=  4 exist=1.0 unres=0.0 quotes=4 cost=$8.6196
2018-070 combo     cites=  8 exist=1.0 unres=0.0 quotes=6 cost=$8.6196
2016-067 baseline  cites=  3 exist=1.0 unres=0.0 quotes=4 cost=$8.7872
2016-067 quota     cites=  8 exist=1.0 unres=0.0 quotes=10 cost=$8.8704
2016-067 temporal  cites=  6 exist=1.0 unres=0.0 quotes=10 cost=$9.2111
2016-067 stakes    cites=  3 exist=1.0 unres=0.0 quotes=3 cost=$9.3260
2016-067 combo     cites=  8 exist=1.0 unres=0.0 quotes=12 cost=$9.7352
1999-033 baseline  cites=  6 exist=1.0 unres=0.0 quotes=7 cost=$9.8847
1999-033 quota     cites=  9 exist=1.0 unres=0.0 quotes=4 cost=$9.9600
1999-033 temporal  cites=  5 exist=1.0 unres=0.0 quotes=3 cost=$10.2723
1999-033 stakes    cites=  9 exist=1.0 unres=0.0 quotes=12 cost=$10.3988
1999-033 combo     cites=  9 exist=1.0 unres=0.0 quotes=6 cost=$10.6896
1990-114 baseline  cites=  9 exist=1.0 unres=0.0 quotes=19 cost=$10.8633
1990-114 quota     cites= 12 exist=1.0 unres=0.0 quotes=10 cost=$10.9984
1990-114 temporal  cites= 13 exist=0.9231 unres=0.0 quotes=6 cost=$11.1484
1990-114 stakes    cites=  8 exist=1.0 unres=0.0 quotes=12 cost=$11.1879
1990-114 combo     cites=  9 exist=1.0 unres=0.0 quotes=10 cost=$11.6797
2020-012 baseline  cites=  9 exist=1.0 unres=0.0 quotes=5 cost=$11.6797
2020-012 quota     cites=  9 exist=1.0 unres=0.0 quotes=3 cost=$11.6797
2020-012 temporal  cites=  4 exist=1.0 unres=0.0 quotes=3 cost=$11.6797
2020-012 stakes    cites=  9 exist=1.0 unres=0.0 quotes=5 cost=$11.6797
2020-012 combo     cites= 10 exist=1.0 unres=0.0 quotes=2 cost=$11.6797
2020-067 baseline  cites= 11 exist=1.0 unres=0.0 quotes=10 cost=$11.7179
2020-067 quota     cites=  9 exist=1.0 unres=0.0 quotes=7 cost=$11.9854
2020-067 temporal  cites=  8 exist=1.0 unres=0.0 quotes=7 cost=$12.1380
2020-067 stakes    cites=  9 exist=1.0 unres=0.0 quotes=7 cost=$12.2578
2020-067 combo     cites=  9 exist=1.0 unres=0.0 quotes=4 cost=$12.6703
2016-063 baseline  cites=  1 exist=1.0 unres=0.0 quotes=5 cost=$12.7086
2016-063 quota     cites=  8 exist=1.0 unres=0.0 quotes=5 cost=$12.9900
2016-063 temporal  cites=  6 exist=1.0 unres=0.0 quotes=6 cost=$13.5494
2016-063 stakes    cites=  3 exist=1.0 unres=0.0 quotes=5 cost=$13.6099
2016-063 combo     cites=  8 exist=1.0 unres=0.0 quotes=6 cost=$14.0609
1994-059 baseline  cites=  4 exist=1.0 unres=0.0 quotes=4 cost=$14.1771
1994-059 quota     cites=  9 exist=1.0 unres=0.0 quotes=8 cost=$14.3062
1994-059 temporal  cites=  7 exist=1.0 unres=0.0 quotes=9 cost=$14.4383
1994-059 stakes    cites=  3 exist=1.0 unres=0.0 quotes=1 cost=$14.4733
1994-059 combo     cites= 11 exist=1.0 unres=0.0 quotes=8 cost=$14.6436
{
  "quota": {
    "drafts": 12,
    "abstained": 0,
    "citations_total": 110,
    "cite_verdicts": {
      "exists": 110
    },
    "existence_rate_pooled": 1.0,
    "quote_verdicts": {
      "accurate": 14,
      "inaccurate": 46,
      "near_miss": 14,
      "unverifiable": 22
    },
    "pin_verdicts": {
      "in_range": 55,
      "no_pin": 51,
      "out_of_range": 4
    },
    "temporal": {}
  },
  "combo": {
    "drafts": 12,
    "abstained": 0,
    "citations_total": 112,
    "cite_verdicts": {
      "exists": 112
    },
    "existence_rate_pooled": 1.0,
    "quote_verdicts": {
      "accurate": 27,
      "near_miss": 8,
      "unverifiable": 10,
      "inaccurate": 42
    },
    "pin_verdicts": {
      "no_pin": 78,
      "in_range": 31,
      "out_of_range": 3
    },
    "temporal": {
      "checked": 112,
      "violated": 0
    }
  },
  "temporal": {
    "drafts": 12,
    "abstained": 0,
    "citations_total": 85,
    "cite_verdicts": {
      "exists": 84,
      "not_found": 1
    },
    "existence_rate_pooled": 0.988,
    "quote_verdicts": {
      "inaccurate": 40,
      "accurate": 21,
      "near_miss": 10,
      "unverifiable": 9
    },
    "pin_verdicts": {
      "in_range": 30,
      "no_pin": 54,
      "out_of_range": 1
    },
    "temporal": {
      "checked": 85,
      "violated": 1
    }
  },
  "stakes": {
    "drafts": 12,
    "abstained": 0,
    "citations_total": 79,
    "cite_verdicts": {
      "exists": 79
    },
    "existence_rate_pooled": 1.0,
    "quote_verdicts": {
      "near_miss": 11,
      "inaccurate": 24,
      "accurate": 17,
      "unverifiable": 24
    },
    "pin_verdicts": {
      "no_pin": 31,
      "in_range": 46,
      "out_of_range": 2
    },
    "temporal": {}
  },
  "baseline": {
    "drafts": 12,
    "abstained": 0,
    "citations_total": 71,
    "cite_verdicts": {
      "exists": 71
    },
    "existence_rate_pooled": 1.0,
    "quote_verdicts": {
      "accurate": 22,
      "inaccurate": 27,
      "near_miss": 12,
      "unverifiable": 27
    },
    "pin_verdicts": {
      "no_pin": 30,
      "in_range": 32,
      "out_of_range": 8,
      "in_range_unbounded": 1
    },
    "temporal": {}
  }
}
total cost $14.6436
2015-066 baseline  cites= 10 exist=1.0 unres=0.0 quotes=5 cost=$0.1929
2015-066 quota     cites= 16 exist=1.0 unres=0.0 quotes=9 cost=$0.1929
2015-066 temporal  cites=  6 exist=1.0 unres=0.0 quotes=6 cost=$0.1929
2015-066 stakes    cites=  9 exist=1.0 unres=0.0 quotes=5 cost=$0.1929
2015-066 combo     cites=  9 exist=1.0 unres=0.0 quotes=1 cost=$0.1929
2015-038 baseline  cites=  5 exist=1.0 unres=0.0 quotes=2 cost=$0.1946
2015-038 quota     cites= 11 exist=1.0 unres=0.0 quotes=5 cost=$0.1980
2015-038 temporal  cites= 15 exist=1.0 unres=0.0 quotes=14 cost=$0.1999
2015-038 stakes    cites=  6 exist=0.8 unres=0.1667 quotes=4 cost=$0.2013
2015-038 combo     cites=  9 exist=1.0 unres=0.0 quotes=14 cost=$0.2038
2020-058 baseline  cites=  6 exist=0.8333 unres=0.0 quotes=7 cost=$0.2066
2020-058 quota     cites=  8 exist=1.0 unres=0.0 quotes=5 cost=$0.2151
2020-058 temporal  cites= 12 exist=1.0 unres=0.0 quotes=5 cost=$0.2186
2020-058 stakes    cites=  5 exist=0.8 unres=0.0 quotes=2 cost=$0.2219
2020-058 combo     cites=  9 exist=0.8889 unres=0.0 quotes=6 cost=$0.2240
2020-005 baseline  cites=  6 exist=1.0 unres=0.0 quotes=11 cost=$0.2275
2020-005 quota     cites= 10 exist=1.0 unres=0.0 quotes=8 cost=$0.2290
2020-005 temporal  cites=  5 exist=1.0 unres=0.0 quotes=13 cost=$0.2315
2020-005 stakes    cites=  9 exist=0.5556 unres=0.0 quotes=4 cost=$0.2333
2020-005 combo     cites=  9 exist=1.0 unres=0.0 quotes=6 cost=$0.2341
2018-070 baseline  cites=  7 exist=1.0 unres=0.0 quotes=9 cost=$0.2341
2018-070 quota     cites=  8 exist=1.0 unres=0.0 quotes=4 cost=$0.2341
2018-070 temporal  cites=  3 exist=1.0 unres=0.0 quotes=4 cost=$0.2341
2018-070 stakes    cites=  4 exist=1.0 unres=0.0 quotes=5 cost=$0.2341
2018-070 combo     cites=  8 exist=1.0 unres=0.0 quotes=7 cost=$0.2341
empty completion draft:2016-067:baseline (attempt 1)
2016-067 baseline  cites=  3 exist=1.0 unres=0.0 quotes=3 cost=$0.2470
2016-067 quota     cites= 10 exist=1.0 unres=0.0 quotes=13 cost=$0.2492
2016-067 temporal  cites=  2 exist=1.0 unres=0.0 quotes=2 cost=$0.2505
2016-067 stakes    cites=  3 exist=1.0 unres=0.0 quotes=3 cost=$0.2517
2016-067 combo     cites= 17 exist=0.9412 unres=0.0 quotes=3 cost=$0.2540
1999-033 baseline  cites= 10 exist=1.0 unres=0.0 quotes=3 cost=$0.2578
1999-033 quota     cites= 13 exist=1.0 unres=0.0 quotes=12 cost=$0.2587
1999-033 temporal  cites=  9 exist=1.0 unres=0.0 quotes=11 cost=$0.2618
1999-033 stakes    cites=  8 exist=1.0 unres=0.0 quotes=13 cost=$0.2642
1999-033 combo     cites= 15 exist=1.0 unres=0.0 quotes=12 cost=$0.2670
1990-114 baseline  cites= 11 exist=1.0 unres=0.0 quotes=2 cost=$0.2688
1990-114 quota     cites=  8 exist=1.0 unres=0.0 quotes=15 cost=$0.2700
1990-114 temporal  cites= 11 exist=0.9091 unres=0.0 quotes=11 cost=$0.2795
1990-114 stakes    cites= 10 exist=1.0 unres=0.0 quotes=9 cost=$0.2968
1990-114 combo     cites= 10 exist=1.0 unres=0.0 quotes=3 cost=$0.3048
2020-012 baseline  cites= 11 exist=1.0 unres=0.0 quotes=2 cost=$0.3048
2020-012 quota     cites= 11 exist=1.0 unres=0.0 quotes=1 cost=$0.3048
2020-012 temporal  cites= 11 exist=1.0 unres=0.0 quotes=1 cost=$0.3048
2020-012 stakes    cites=  9 exist=1.0 unres=0.0 quotes=4 cost=$0.3048
2020-012 combo     cites= 10 exist=1.0 unres=0.0 quotes=6 cost=$0.3048
2020-067 baseline  cites= 11 exist=1.0 unres=0.0 quotes=8 cost=$0.3187
2020-067 quota     cites= 13 exist=0.8462 unres=0.0 quotes=15 cost=$0.3313
2020-067 temporal  cites=  8 exist=1.0 unres=0.0 quotes=11 cost=$0.3368
2020-067 stakes    cites= 10 exist=1.0 unres=0.0 quotes=9 cost=$0.3389
2020-067 combo     cites=  8 exist=1.0 unres=0.0 quotes=5 cost=$0.3421
2016-063 baseline  cites=  3 exist=0.6667 unres=0.0 quotes=1 cost=$0.3489
2016-063 quota     cites=  9 exist=0.7778 unres=0.0 quotes=6 cost=$0.3508
2016-063 temporal  cites=  8 exist=1.0 unres=0.0 quotes=15 cost=$0.3542
2016-063 stakes    cites=  4 exist=1.0 unres=0.0 quotes=1 cost=$0.3560
2016-063 combo     cites=  9 exist=1.0 unres=0.0 quotes=4 cost=$0.3572
1994-059 baseline  cites=  6 exist=1.0 unres=0.0 quotes=5 cost=$0.3590
1994-059 quota     cites= 12 exist=1.0 unres=0.0 quotes=15 cost=$0.3600
1994-059 temporal  cites=  4 exist=1.0 unres=0.0 quotes=5 cost=$0.3620
1994-059 stakes    cites=  7 exist=0.8571 unres=0.0 quotes=13 cost=$0.3630
1994-059 combo     cites=  8 exist=0.875 unres=0.0 quotes=13 cost=$0.3666
{
  "quota": {
    "drafts": 12,
    "abstained": 0,
    "citations_total": 129,
    "cite_verdicts": {
      "exists": 125,
      "not_found": 4
    },
    "existence_rate_pooled": 0.969,
    "quote_verdicts": {
      "near_miss": 20,
      "accurate": 16,
      "inaccurate": 32,
      "unverifiable": 40
    },
    "pin_verdicts": {
      "in_range": 90,
      "no_pin": 32,
      "out_of_range": 4,
      "case_unknown": 3
    },
    "temporal": {}
  },
  "baseline": {
    "drafts": 12,
    "abstained": 0,
    "citations_total": 89,
    "cite_verdicts": {
      "exists": 87,
      "not_found": 2
    },
    "existence_rate_pooled": 0.978,
    "quote_verdicts": {
      "accurate": 13,
      "inaccurate": 17,
      "unverifiable": 13,
      "near_miss": 15
    },
    "pin_verdicts": {
      "in_range": 59,
      "no_pin": 26,
      "case_unknown": 1,
      "out_of_range": 3
    },
    "temporal": {}
  },
  "stakes": {
    "drafts": 12,
    "abstained": 0,
    "citations_total": 84,
    "cite_verdicts": {
      "exists": 76,
      "unresolvable": 1,
      "not_found": 7
    },
    "existence_rate_pooled": 0.916,
    "quote_verdicts": {
      "accurate": 15,
      "near_miss": 16,
      "inaccurate": 22,
      "unverifiable": 19
    },
    "pin_verdicts": {
      "in_range": 55,
      "no_pin": 21,
      "case_unknown": 5,
      "out_of_range": 3
    },
    "temporal": {}
  },
  "combo": {
    "drafts": 12,
    "abstained": 0,
    "citations_total": 121,
    "cite_verdicts": {
      "exists": 118,
      "not_found": 3
    },
    "existence_rate_pooled": 0.975,
    "quote_verdicts": {
      "near_miss": 25,
      "inaccurate": 32,
      "accurate": 15,
      "unverifiable": 8
    },
    "pin_verdicts": {
      "no_pin": 38,
      "in_range": 77,
      "out_of_range": 4,
      "case_unknown": 2
    },
    "temporal": {
      "checked": 121,
      "violated": 2
    }
  },
  "temporal": {
    "drafts": 12,
    "abstained": 0,
    "citations_total": 94,
    "cite_verdicts": {
      "exists": 93,
      "not_found": 1
    },
    "existence_rate_pooled": 0.989,
    "quote_verdicts": {
      "accurate": 16,
      "near_miss": 25,
      "inaccurate": 46,
      "unverifiable": 11
    },
    "pin_verdicts": {
      "in_range": 68,
      "no_pin": 22,
      "out_of_range": 3,
      "case_unknown": 1
    },
    "temporal": {
      "checked": 94,
      "violated": 12
    }
  }
}
total cost $0.3666
1992-109 baseline  cites=  7 exist=1.0 unres=0.0 quotes=4 cost=$0.1929
1992-109 quota     cites= 10 exist=1.0 unres=0.0 quotes=3 cost=$0.1929
1992-109 temporal  cites=  4 exist=1.0 unres=0.0 quotes=2 cost=$0.1929
1992-109 stakes    cites=  6 exist=1.0 unres=0.0 quotes=4 cost=$0.1929
1992-109 combo     cites=  9 exist=1.0 unres=0.0 quotes=9 cost=$0.1929
2009-045 baseline  cites= 11 exist=1.0 unres=0.0 quotes=5 cost=$0.1936
2009-045 quota     cites= 12 exist=1.0 unres=0.0 quotes=6 cost=$0.1983
2009-045 temporal  cites=  4 exist=1.0 unres=0.0 quotes=2 cost=$0.1990
2009-045 stakes    cites=  6 exist=1.0 unres=0.0 quotes=5 cost=$0.2016
2009-045 combo     cites= 14 exist=1.0 unres=0.0 quotes=11 cost=$0.2059
1997-046 baseline  cites=  9 exist=0.8889 unres=0.0 quotes=6 cost=$0.2078
1997-046 quota     cites= 10 exist=1.0 unres=0.0 quotes=10 cost=$0.2102
1997-046 temporal  cites= 14 exist=1.0 unres=0.0 quotes=5 cost=$0.2122
1997-046 stakes    cites=  7 exist=1.0 unres=0.0 quotes=4 cost=$0.2137
1997-046 combo     cites= 14 exist=1.0 unres=0.0 quotes=18 cost=$0.2170
2020-032 baseline  cites= 11 exist=1.0 unres=0.0 quotes=7 cost=$0.2201
2020-032 quota     cites= 13 exist=1.0 unres=0.0 quotes=11 cost=$0.2248
2020-032 temporal  cites= 12 exist=1.0 unres=0.0 quotes=8 cost=$0.2370
2020-032 stakes    cites= 13 exist=1.0 unres=0.0 quotes=13 cost=$0.2427
2020-032 combo     cites= 10 exist=1.0 unres=0.0 quotes=8 cost=$0.2488
2015-055 baseline  cites=  8 exist=1.0 unres=0.0 quotes=8 cost=$0.2488
2015-055 quota     cites=  7 exist=1.0 unres=0.1429 quotes=1 cost=$0.2488
2015-055 temporal  cites=  4 exist=1.0 unres=0.0 quotes=7 cost=$0.2488
2015-055 stakes    cites= 10 exist=1.0 unres=0.0 quotes=14 cost=$0.2488
2015-055 combo     cites=  9 exist=1.0 unres=0.0 quotes=9 cost=$0.2488
2013-058 baseline  cites=  4 exist=1.0 unres=0.0 quotes=3 cost=$0.2502
2013-058 quota     cites= 11 exist=1.0 unres=0.0 quotes=2 cost=$0.2522
2013-058 temporal  cites=  6 exist=0.8333 unres=0.0 quotes=3 cost=$0.2532
2013-058 stakes    cites=  5 exist=0.8 unres=0.0 quotes=4 cost=$0.2549
2013-058 combo     cites= 11 exist=0.8182 unres=0.0 quotes=8 cost=$0.2563
2014-024 baseline  cites=  7 exist=1.0 unres=0.0 quotes=4 cost=$0.2615
2014-024 quota     cites=  9 exist=1.0 unres=0.0 quotes=13 cost=$0.2666
2014-024 temporal  cites=  4 exist=1.0 unres=0.0 quotes=5 cost=$0.2745
2014-024 stakes    cites=  5 exist=1.0 unres=0.0 quotes=6 cost=$0.2775
empty completion draft:2014-024:combo (attempt 1)
empty completion draft:2014-024:combo (attempt 2)
2014-024 combo     cites=  2 exist=1.0 unres=0.0 quotes=3 cost=$0.3009
1990-075 baseline  cites= 11 exist=1.0 unres=0.0 quotes=5 cost=$0.3066
1990-075 quota     cites= 12 exist=1.0 unres=0.0 quotes=13 cost=$0.3078
1990-075 temporal  cites=  8 exist=1.0 unres=0.0 quotes=11 cost=$0.3121
1990-075 stakes    cites=  5 exist=0.8 unres=0.0 quotes=5 cost=$0.3131
1990-075 combo     cites= 13 exist=1.0 unres=0.0 quotes=9 cost=$0.3195
1997-033 baseline  cites=  8 exist=1.0 unres=0.0 quotes=7 cost=$0.3195
1997-033 quota     cites= 14 exist=0.9286 unres=0.0 quotes=10 cost=$0.3195
1997-033 temporal  cites= 11 exist=0.9091 unres=0.0 quotes=4 cost=$0.3195
1997-033 stakes    cites=  6 exist=1.0 unres=0.0 quotes=7 cost=$0.3195
1997-033 combo     cites=  9 exist=0.8889 unres=0.0 quotes=7 cost=$0.3195
1998-085 baseline  cites=  5 exist=1.0 unres=0.0 quotes=6 cost=$0.3268
1998-085 quota     cites= 12 exist=1.0 unres=0.0 quotes=6 cost=$0.3290
1998-085 temporal  cites= 10 exist=0.9 unres=0.0 quotes=9 cost=$0.3307
1998-085 stakes    cites=  7 exist=0.7143 unres=0.0 quotes=8 cost=$0.3322
1998-085 combo     cites= 10 exist=1.0 unres=0.0 quotes=4 cost=$0.3463
1997-021 baseline  cites=  9 exist=0.7143 unres=0.2222 quotes=3 cost=$0.3474
1997-021 quota     cites= 12 exist=0.6667 unres=0.0 quotes=6 cost=$0.3496
1997-021 temporal  cites=  7 exist=0.7143 unres=0.0 quotes=3 cost=$0.3519
1997-021 stakes    cites= 10 exist=0.7 unres=0.0 quotes=4 cost=$0.3527
1997-021 combo     cites= 11 exist=1.0 unres=0.0 quotes=9 cost=$0.3552
2005-087 baseline  cites=  7 exist=1.0 unres=0.0 quotes=0 cost=$0.3575
2005-087 quota     cites= 10 exist=1.0 unres=0.0 quotes=4 cost=$0.3593
2005-087 temporal  cites=  8 exist=1.0 unres=0.0 quotes=5 cost=$0.3602
2005-087 stakes    cites=  9 exist=1.0 unres=0.0 quotes=10 cost=$0.3648
2005-087 combo     cites=  8 exist=1.0 unres=0.0 quotes=4 cost=$0.3692
{
  "quota": {
    "drafts": 12,
    "abstained": 0,
    "citations_total": 132,
    "cite_verdicts": {
      "exists": 126,
      "unresolvable": 1,
      "not_found": 5
    },
    "existence_rate_pooled": 0.962,
    "quote_verdicts": {
      "near_miss": 25,
      "accurate": 26,
      "inaccurate": 30,
      "unverifiable": 4
    },
    "pin_verdicts": {
      "in_range": 97,
      "out_of_range": 5,
      "no_pin": 25,
      "in_range_unbounded": 1,
      "case_unknown": 3
    },
    "temporal": {}
  },
  "baseline": {
    "drafts": 12,
    "abstained": 0,
    "citations_total": 97,
    "cite_verdicts": {
      "exists": 92,
      "not_found": 3,
      "unresolvable": 2
    },
    "existence_rate_pooled": 0.968,
    "quote_verdicts": {
      "accurate": 22,
      "near_miss": 11,
      "inaccurate": 19,
      "unverifiable": 6
    },
    "pin_verdicts": {
      "in_range": 64,
      "no_pin": 25,
      "out_of_range": 6,
      "case_unknown": 2
    },
    "temporal": {}
  },
  "stakes": {
    "drafts": 12,
    "abstained": 0,
    "citations_total": 89,
    "cite_verdicts": {
      "exists": 82,
      "not_found": 7
    },
    "existence_rate_pooled": 0.921,
    "quote_verdicts": {
      "accurate": 26,
      "near_miss": 20,
      "inaccurate": 20,
      "unverifiable": 18
    },
    "pin_verdicts": {
      "in_range": 67,
      "no_pin": 14,
      "out_of_range": 1,
      "case_unknown": 7
    },
    "temporal": {}
  },
  "combo": {
    "drafts": 12,
    "abstained": 0,
    "citations_total": 120,
    "cite_verdicts": {
      "exists": 117,
      "not_found": 3
    },
    "existence_rate_pooled": 0.975,
    "quote_verdicts": {
      "accurate": 20,
      "inaccurate": 39,
      "near_miss": 34,
      "unverifiable": 6
    },
    "pin_verdicts": {
      "no_pin": 28,
      "in_range": 85,
      "out_of_range": 2,
      "case_unknown": 3,
      "in_range_unbounded": 2
    },
    "temporal": {
      "checked": 120,
      "violated": 14
    }
  },
  "temporal": {
    "drafts": 12,
    "abstained": 0,
    "citations_total": 92,
    "cite_verdicts": {
      "exists": 87,
      "not_found": 5
    },
    "existence_rate_pooled": 0.946,
    "quote_verdicts": {
      "accurate": 10,
      "near_miss": 24,
      "inaccurate": 24,
      "unverifiable": 6
    },
    "pin_verdicts": {
      "in_range": 67,
      "no_pin": 17,
      "out_of_range": 4,
      "case_unknown": 4
    },
    "temporal": {
      "checked": 92,
      "violated": 7
    }
  }
}
total cost $0.3692
2012-031 baseline  cites=  6 exist=1.0 unres=0.0 quotes=8 cost=$5.0835
2012-031 quota     cites= 10 exist=1.0 unres=0.0 quotes=15 cost=$5.0835
2012-031 temporal  cites=  7 exist=1.0 unres=0.0 quotes=9 cost=$5.0835
2012-031 stakes    cites=  7 exist=1.0 unres=0.0 quotes=10 cost=$5.0835
2012-031 combo     cites= 10 exist=1.0 unres=0.0 quotes=6 cost=$5.0835
2011-010 baseline  cites=  5 exist=1.0 unres=0.0 quotes=8 cost=$5.1200
2011-010 quota     cites=  9 exist=1.0 unres=0.0 quotes=6 cost=$5.2823
2011-010 temporal  cites=  6 exist=1.0 unres=0.0 quotes=6 cost=$5.4718
2011-010 stakes    cites=  8 exist=1.0 unres=0.0 quotes=11 cost=$5.5479
2011-010 combo     cites=  8 exist=1.0 unres=0.0 quotes=7 cost=$6.0843
2005-074 baseline  cites=  3 exist=1.0 unres=0.0 quotes=6 cost=$6.1774
2005-074 quota     cites=  8 exist=1.0 unres=0.0 quotes=6 cost=$6.5762
2005-074 temporal  cites=  8 exist=1.0 unres=0.0 quotes=3 cost=$6.9422
2005-074 stakes    cites=  4 exist=1.0 unres=0.0 quotes=6 cost=$7.3377
2005-074 combo     cites= 12 exist=0.9167 unres=0.0 quotes=4 cost=$7.6920
2001-013 baseline  cites=  4 exist=1.0 unres=0.0 quotes=2 cost=$7.8474
2001-013 quota     cites=  9 exist=1.0 unres=0.0 quotes=2 cost=$8.2654
2001-013 temporal  cites=  6 exist=1.0 unres=0.0 quotes=6 cost=$8.7180
2001-013 stakes    cites=  3 exist=1.0 unres=0.0 quotes=5 cost=$9.0055
2001-013 combo     cites=  8 exist=1.0 unres=0.0 quotes=6 cost=$9.5363
1992-086 baseline  cites=  4 exist=1.0 unres=0.0 quotes=3 cost=$9.5363
1992-086 quota     cites=  8 exist=1.0 unres=0.0 quotes=8 cost=$9.5363
1992-086 temporal  cites=  9 exist=1.0 unres=0.0 quotes=6 cost=$9.5363
1992-086 stakes    cites=  4 exist=1.0 unres=0.0 quotes=3 cost=$9.5363
1992-086 combo     cites=  9 exist=1.0 unres=0.0 quotes=5 cost=$9.5363
2010-046 baseline  cites=  3 exist=1.0 unres=0.0 quotes=4 cost=$9.6528
2010-046 quota     cites= 10 exist=1.0 unres=0.0 quotes=5 cost=$9.8468
2010-046 temporal  cites= 10 exist=1.0 unres=0.0 quotes=9 cost=$10.0989
2010-046 stakes    cites=  7 exist=1.0 unres=0.0 quotes=6 cost=$10.3629
2010-046 combo     cites= 10 exist=1.0 unres=0.0 quotes=9 cost=$10.6139
2012-006 baseline  cites=  7 exist=1.0 unres=0.0 quotes=9 cost=$10.9136
2012-006 quota     cites= 11 exist=0.9091 unres=0.0 quotes=7 cost=$11.0477
2012-006 temporal  cites=  9 exist=1.0 unres=0.0 quotes=4 cost=$11.2491
2012-006 stakes    cites=  6 exist=1.0 unres=0.0 quotes=6 cost=$11.5183
2012-006 combo     cites= 13 exist=1.0 unres=0.0 quotes=7 cost=$11.7851
1998-026 baseline  cites=  4 exist=1.0 unres=0.0 quotes=5 cost=$12.0163
1998-026 quota     cites=  7 exist=1.0 unres=0.0 quotes=7 cost=$12.0835
1998-026 temporal  cites=  3 exist=1.0 unres=0.0 quotes=3 cost=$12.2129
1998-026 stakes    cites=  4 exist=1.0 unres=0.0 quotes=6 cost=$12.4307
1998-026 combo     cites=  8 exist=1.0 unres=0.0 quotes=5 cost=$12.5921
1997-100 baseline  cites=  9 exist=1.0 unres=0.0 quotes=8 cost=$12.5921
1997-100 quota     cites=  8 exist=1.0 unres=0.0 quotes=5 cost=$12.5921
1997-100 temporal  cites=  7 exist=1.0 unres=0.0 quotes=5 cost=$12.5921
1997-100 stakes    cites=  9 exist=1.0 unres=0.0 quotes=6 cost=$12.5921
1997-100 combo     cites=  9 exist=1.0 unres=0.0 quotes=4 cost=$12.5921
2000-071 baseline  cites=  9 exist=1.0 unres=0.0 quotes=9 cost=$12.8129
2000-071 quota     cites=  9 exist=1.0 unres=0.0 quotes=16 cost=$13.0319
2000-071 temporal  cites=  8 exist=1.0 unres=0.0 quotes=7 cost=$13.2559
2000-071 stakes    cites=  5 exist=1.0 unres=0.0 quotes=6 cost=$13.3582
2000-071 combo     cites=  9 exist=1.0 unres=0.0 quotes=7 cost=$13.8035
2012-029 baseline  cites= 12 exist=1.0 unres=0.0 quotes=8 cost=$13.9557
2012-029 quota     cites= 11 exist=1.0 unres=0.0 quotes=14 cost=$14.2573
2012-029 temporal  cites=  3 exist=1.0 unres=0.0 quotes=5 cost=$14.3453
2012-029 stakes    cites= 12 exist=1.0 unres=0.0 quotes=6 cost=$14.3905
2012-029 combo     cites= 11 exist=1.0 unres=0.0 quotes=5 cost=$14.5735
1999-051 baseline  cites=  7 exist=1.0 unres=0.0 quotes=7 cost=$14.6945
1999-051 quota     cites=  8 exist=1.0 unres=0.0 quotes=9 cost=$14.7371
1999-051 temporal  cites=  7 exist=1.0 unres=0.0 quotes=10 cost=$14.7770
1999-051 stakes    cites=  9 exist=1.0 unres=0.0 quotes=2 cost=$14.8460
1999-051 combo     cites=  9 exist=1.0 unres=0.0 quotes=8 cost=$14.9031
{
  "quota": {
    "drafts": 12,
    "abstained": 0,
    "citations_total": 108,
    "cite_verdicts": {
      "exists": 107,
      "not_found": 1
    },
    "existence_rate_pooled": 0.991,
    "quote_verdicts": {
      "inaccurate": 37,
      "near_miss": 25,
      "accurate": 35,
      "unverifiable": 3
    },
    "pin_verdicts": {
      "in_range": 46,
      "no_pin": 62
    },
    "temporal": {}
  },
  "baseline": {
    "drafts": 12,
    "abstained": 0,
    "citations_total": 73,
    "cite_verdicts": {
      "exists": 73
    },
    "existence_rate_pooled": 1.0,
    "quote_verdicts": {
      "near_miss": 15,
      "accurate": 25,
      "inaccurate": 27,
      "unverifiable": 10
    },
    "pin_verdicts": {
      "no_pin": 44,
      "in_range": 29
    },
    "temporal": {}
  },
  "combo": {
    "drafts": 12,
    "abstained": 0,
    "citations_total": 116,
    "cite_verdicts": {
      "exists": 115,
      "not_found": 1
    },
    "existence_rate_pooled": 0.991,
    "quote_verdicts": {
      "near_miss": 13,
      "inaccurate": 26,
      "accurate": 33,
      "unverifiable": 1
    },
    "pin_verdicts": {
      "in_range": 38,
      "no_pin": 76,
      "out_of_range": 2
    },
    "temporal": {
      "checked": 116,
      "violated": 0
    }
  },
  "temporal": {
    "drafts": 12,
    "abstained": 0,
    "citations_total": 83,
    "cite_verdicts": {
      "exists": 83
    },
    "existence_rate_pooled": 1.0,
    "quote_verdicts": {
      "accurate": 28,
      "near_miss": 16,
      "inaccurate": 29
    },
    "pin_verdicts": {
      "in_range": 37,
      "no_pin": 45,
      "out_of_range": 1
    },
    "temporal": {
      "checked": 83,
      "violated": 1
    }
  },
  "stakes": {
    "drafts": 12,
    "abstained": 0,
    "citations_total": 78,
    "cite_verdicts": {
      "exists": 78
    },
    "existence_rate_pooled": 1.0,
    "quote_verdicts": {
      "accurate": 31,
      "near_miss": 22,
      "inaccurate": 17,
      "unverifiable": 3
    },
    "pin_verdicts": {
      "in_range": 33,
      "no_pin": 45
    },
    "temporal": {}
  }
}
total cost $14.9031
2019-024 baseline  cites=  7 exist=1.0 unres=0.0 quotes=7 cost=$0.1929
2019-024 quota     cites= 10 exist=1.0 unres=0.0 quotes=4 cost=$0.1929
2019-024 temporal  cites=  7 exist=1.0 unres=0.0 quotes=4 cost=$0.1929
2019-024 stakes    cites=  9 exist=1.0 unres=0.0 quotes=7 cost=$0.1929
2019-024 combo     cites=  8 exist=1.0 unres=0.0 quotes=8 cost=$0.1929
2011-027 baseline  cites=  8 exist=1.0 unres=0.0 quotes=3 cost=$0.1970
2011-027 quota     cites=  9 exist=1.0 unres=0.0 quotes=3 cost=$0.2029
2011-027 temporal  cites=  6 exist=1.0 unres=0.0 quotes=3 cost=$0.2055
2011-027 stakes    cites=  8 exist=1.0 unres=0.0 quotes=4 cost=$0.2074
2011-027 combo     cites=  9 exist=1.0 unres=0.0 quotes=9 cost=$0.2097
2016-001 baseline  cites=  6 exist=1.0 unres=0.0 quotes=8 cost=$0.2115
2016-001 quota     cites= 14 exist=1.0 unres=0.0 quotes=10 cost=$0.2163
2016-001 temporal  cites=  6 exist=1.0 unres=0.0 quotes=12 cost=$0.2189
2016-001 stakes    cites=  7 exist=1.0 unres=0.0 quotes=9 cost=$0.2222
2016-001 combo     cites=  8 exist=1.0 unres=0.0 quotes=9 cost=$0.2278
2010-065 baseline  cites= 12 exist=1.0 unres=0.0 quotes=6 cost=$0.2408
2010-065 quota     cites= 13 exist=1.0 unres=0.0 quotes=8 cost=$0.2420
2010-065 temporal  cites=  8 exist=1.0 unres=0.0 quotes=4 cost=$0.2445
2010-065 stakes    cites= 11 exist=1.0 unres=0.0 quotes=5 cost=$0.2639
2010-065 combo     cites= 12 exist=1.0 unres=0.0 quotes=16 cost=$0.2682
1997-044 baseline  cites=  7 exist=1.0 unres=0.1429 quotes=6 cost=$0.2682
1997-044 quota     cites=  9 exist=1.0 unres=0.0 quotes=4 cost=$0.2682
1997-044 temporal  cites=  7 exist=0.8571 unres=0.0 quotes=7 cost=$0.2682
1997-044 stakes    cites=  5 exist=1.0 unres=0.0 quotes=2 cost=$0.2682
1997-044 combo     cites= 11 exist=0.9091 unres=0.0 quotes=8 cost=$0.2682
2001-070 baseline  cites=  7 exist=1.0 unres=0.0 quotes=5 cost=$0.2712
2001-070 quota     cites=  9 exist=1.0 unres=0.0 quotes=5 cost=$0.2723
2001-070 temporal  cites=  8 exist=1.0 unres=0.0 quotes=9 cost=$0.2756
2001-070 stakes    cites=  7 exist=1.0 unres=0.0 quotes=4 cost=$0.2835
2001-070 combo     cites=  8 exist=1.0 unres=0.0 quotes=10 cost=$0.2908
2000-087 baseline  cites=  7 exist=1.0 unres=0.0 quotes=3 cost=$0.2952
2000-087 quota     cites=  8 exist=1.0 unres=0.0 quotes=8 cost=$0.3084
2000-087 temporal  cites= 12 exist=1.0 unres=0.0 quotes=11 cost=$0.3113
2000-087 stakes    cites=  8 exist=1.0 unres=0.0 quotes=3 cost=$0.3138
2000-087 combo     cites= 12 exist=1.0 unres=0.0 quotes=10 cost=$0.3168
2013-068 baseline  cites= 10 exist=1.0 unres=0.0 quotes=7 cost=$0.3230
2013-068 quota     cites= 10 exist=1.0 unres=0.0 quotes=9 cost=$0.3243
2013-068 temporal  cites=  8 exist=1.0 unres=0.0 quotes=8 cost=$0.3277
2013-068 stakes    cites=  9 exist=1.0 unres=0.0 quotes=4 cost=$0.3296
2013-068 combo     cites=  8 exist=1.0 unres=0.0 quotes=9 cost=$0.3359
2020-060 baseline  cites=  4 exist=1.0 unres=0.0 quotes=5 cost=$0.3359
2020-060 quota     cites=  9 exist=1.0 unres=0.0 quotes=3 cost=$0.3359
2020-060 temporal  cites=  9 exist=0.8889 unres=0.0 quotes=2 cost=$0.3359
2020-060 stakes    cites=  6 exist=1.0 unres=0.0 quotes=5 cost=$0.3359
2020-060 combo     cites= 11 exist=1.0 unres=0.0 quotes=9 cost=$0.3359
2003-043 baseline  cites=  6 exist=1.0 unres=0.0 quotes=4 cost=$0.3375
2003-043 quota     cites=  7 exist=0.8571 unres=0.0 quotes=3 cost=$0.3395
2003-043 temporal  cites=  4 exist=0.75 unres=0.0 quotes=1 cost=$0.3398
2003-043 stakes    cites=  4 exist=0.75 unres=0.0 quotes=0 cost=$0.3400
2003-043 combo     cites= 10 exist=0.8 unres=0.0 quotes=6 cost=$0.3500
2010-026 baseline  cites=  6 exist=1.0 unres=0.0 quotes=11 cost=$0.3580
2010-026 quota     cites=  9 exist=1.0 unres=0.0 quotes=12 cost=$0.3609
2010-026 temporal  cites=  3 exist=1.0 unres=0.0 quotes=6 cost=$0.3643
2010-026 stakes    cites=  4 exist=1.0 unres=0.0 quotes=8 cost=$0.3685
2010-026 combo     cites=  8 exist=0.875 unres=0.0 quotes=8 cost=$0.3721
2015-007 baseline  cites= 12 exist=1.0 unres=0.0 quotes=9 cost=$0.3733
2015-007 quota     cites= 11 exist=1.0 unres=0.0 quotes=4 cost=$0.3740
2015-007 temporal  cites=  7 exist=1.0 unres=0.0 quotes=6 cost=$0.3745
2015-007 stakes    cites= 13 exist=1.0 unres=0.0 quotes=3 cost=$0.3749
2015-007 combo     cites=  9 exist=1.0 unres=0.0 quotes=4 cost=$0.3755
{
  "temporal": {
    "drafts": 12,
    "abstained": 0,
    "citations_total": 85,
    "cite_verdicts": {
      "exists": 82,
      "not_found": 3
    },
    "existence_rate_pooled": 0.965,
    "quote_verdicts": {
      "inaccurate": 24,
      "near_miss": 15,
      "unverifiable": 20,
      "accurate": 14
    },
    "pin_verdicts": {
      "in_range": 67,
      "no_pin": 14,
      "in_range_unbounded": 1,
      "case_unknown": 3
    },
    "temporal": {
      "checked": 85,
      "violated": 9
    }
  },
  "baseline": {
    "drafts": 12,
    "abstained": 0,
    "citations_total": 92,
    "cite_verdicts": {
      "exists": 91,
      "unresolvable": 1
    },
    "existence_rate_pooled": 1.0,
    "quote_verdicts": {
      "accurate": 21,
      "inaccurate": 14,
      "unverifiable": 21,
      "near_miss": 18
    },
    "pin_verdicts": {
      "in_range": 72,
      "no_pin": 19,
      "out_of_range": 1
    },
    "temporal": {}
  },
  "stakes": {
    "drafts": 12,
    "abstained": 0,
    "citations_total": 91,
    "cite_verdicts": {
      "exists": 90,
      "not_found": 1
    },
    "existence_rate_pooled": 0.989,
    "quote_verdicts": {
      "unverifiable": 19,
      "inaccurate": 9,
      "near_miss": 10,
      "accurate": 16
    },
    "pin_verdicts": {
      "no_pin": 14,
      "in_range": 75,
      "out_of_range": 1,
      "case_unknown": 1
    },
    "temporal": {}
  },
  "combo": {
    "drafts": 12,
    "abstained": 0,
    "citations_total": 114,
    "cite_verdicts": {
      "exists": 110,
      "not_found": 4
    },
    "existence_rate_pooled": 0.965,
    "quote_verdicts": {
      "unverifiable": 31,
      "inaccurate": 38,
      "near_miss": 23,
      "accurate": 14
    },
    "pin_verdicts": {
      "in_range": 92,
      "out_of_range": 9,
      "no_pin": 9,
      "case_unknown": 4
    },
    "temporal": {
      "checked": 114,
      "violated": 0
    }
  },
  "quota": {
    "drafts": 12,
    "abstained": 0,
    "citations_total": 118,
    "cite_verdicts": {
      "exists": 117,
      "not_found": 1
    },
    "existence_rate_pooled": 0.992,
    "quote_verdicts": {
      "unverifiable": 20,
      "inaccurate": 19,
      "accurate": 19,
      "near_miss": 15
    },
    "pin_verdicts": {
      "out_of_range": 3,
      "no_pin": 16,
      "in_range": 98,
      "case_unknown": 1
    },
    "temporal": {}
  }
}
total cost $0.3755
